t,x_ref,y_ref,vx_ref,vy_ref,v_xy_ref,x_odom,y_odom,vx_odom,vy_odom,v_xy_odom
0.0,-17.87116857412614,-2.3559456350343227e-16,0.005250453764668968,3.4730601432118236e-17,0.005250453764668968,-17.999999999952713,-1.820317953909909e-16,5.886547357187402e-08,-2.284239824262825e-13,5.886547357231722e-08
0.009970426559448242,-17.871012119252423,-2.3360110948378494e-16,0.030254355032688522,4.303500162013106e-16,0.030254355032688522,-17.9999999672264,-1.377195675198738e-13,1.3523896475336523e-05,-5.826986955708575e-11,1.3523896475462055e-05
0.01996779441833496,-17.87048093008206,-2.256797336035609e-16,0.08015426315272041,1.219893961805573e-15,0.08015426315272041,-17.999999260665618,-3.676273365758527e-12,0.00017703407880449446,-9.733264332719297e-10,0.00017703407880717014
0.0299680233001709,-17.869326161788834,-2.0789184703984824e-16,0.15494032260277557,2.4032065261520403e-15,0.15494032260277557,-17.99999459569381,-3.8508155432632385e-11,0.0009013765503378825,-8.1763615035484e-09,0.0009013765503749663
0.03997206687927246,-17.867298174084205,-1.7628748985724325e-16,0.2546444600809584,3.980792877791274e-15,0.2546444600809584,-17.99997686297868,-2.731257775341331e-10,0.0029479129973723974,-4.9234805688441425e-08,0.0029479129977835468
0.04996490478515625,-17.86415250191612,-1.2699781152163897e-16,0.37908862364051304,5.9498357548222795e-15,0.37908862364051304,-17.999927526481557,-1.4313149059968915e-09,0.007446356551408756,-2.172027023798484e-07,0.007446356554576547
0.05997133255004883,-17.859631932704538,-5.595419960568043e-17,0.5285935719547061,8.315410426958191e-15,0.5285935719547061,-17.99981470868748,-5.762703234181352e-09,0.015919626546577064,-7.34876936138015e-07,0.015919626563538646
0.06996488571166992,-17.85349975558351,4.059006128472194e-17,0.702765676201408,1.1071288616536683e-14,0.702765676201408,-17.999589556249298,-1.8639664408326353e-08,0.03031635222135806,-2.016178842807383e-06,0.03031635228840071
0.07996559143066406,-17.84549642064262,1.667408120370214e-16,0.9019311765835424,1.4222632332707196e-14,0.9019311765835424,-17.999180047459728,-5.082817561309633e-08,0.05323851348110629,-4.72941998339396e-06,0.053238513691174265
0.08996820449829102,-17.83540048712148,3.25474066818516e-16,1.1135834960237891,1.7315026193321887e-14,1.1135834960237891,-17.998484981237915,-1.2124440713259813e-07,0.08808668690565538,-9.856055982237067e-06,0.08808668745705447
0.09996533393859863,-17.823354535482675,5.066339024178617e-16,1.2895775793979374,1.8596912273259185e-14,1.2895775793979374,-17.997366521125368,-2.6010890633648915e-07,0.13864738461640858,-1.8659169640480996e-05,0.1386473858719844
0.10996389389038086,-17.809748356128075,6.907287129694386e-16,1.425283497585973,1.789623095485899e-14,1.425283497585973,-17.99565074181932,-5.109004653080373e-07,0.20768745130250077,-3.2410697434867484e-05,0.20768745383142898
0.1199653148651123,-17.794983011976264,8.579427143844063e-16,1.5206891144104047,1.5211690581731106e-14,1.5206891144104047,-17.993148285714092,-9.279983259188859e-07,0.2955340913593897,-5.196219288676909e-05,0.2955340959275081
0.12997102737426758,-17.779457899151716,9.884359510741894e-16,1.5757711698068366,1.0540589459888871e-14,1.5757711698068366,-17.989683275949304,-1.5702838538657126e-06,0.3992638047683545,-7.732623278559104e-05,0.39926381225631874
0.1399688720703125,-17.76359677042264,1.0622237746006885e-15,1.5904805133116844,3.8900213222766816e-15,1.5904805133116844,-17.98513137438443,-2.4900552261191755e-06,0.5120416066018108,-0.00010724127627490821,0.5120416178320419
0.1499643325805664,-17.747793512693562,1.0596217141359257e-15,1.5648892208190408,-4.740941728800497e-15,1.5648892208190408,-17.979452490933422,-3.7200094192631714e-06,0.6226395338132839,-0.00013878209524892648,0.6226395492800737
0.15996575355529785,-17.732438466149496,9.607536919243059e-16,1.4989534704037306,-1.53604771504083e-14,1.4989534704037306,-17.972717536820003,-5.261759801690631e-06,0.7215878793020916,-0.0001691137871231395,0.7215878991191322
0.16999220848083496,-17.717909723436396,7.450525861892224e-16,1.3923596660529167,-2.7998076210978495e-14,1.3923596660529167,-17.965064233690352,-7.093088160843949e-06,0.8009657739305118,-0.00019505521879193273,0.800965797680926
0.17996716499328613,-17.704683139963034,3.9870362783163977e-16,1.2600651386474047,-4.095698193789744e-14,1.2600651386474047,-17.956772418494207,-9.139634787332484e-06,0.8587057805566257,-0.00021428521268582572,0.8587058072934619
0.18996882438659668,-17.692701989016093,-6.027722404120926e-17,1.1378554296266072,-5.0155368468525543e-14,1.1378554296266072,-17.947956541077428,-1.1357070739786817e-05,0.9023030998159228,-0.00022848523358879442,0.9023031287449496
0.19996333122253418,-17.681888588117054,-5.907714804141277e-16,1.0280824566674946,-5.533366743005196e-14,1.0280824566674946,-17.938762050983176,-1.370017262564776e-05,0.9361081148546473,-0.000240212333753158,0.9361081456747863
0.20996451377868652,-17.672104215787957,-1.1533588539964033e-15,0.9305924253542972,-5.6499244974047615e-14,0.9305924253542972,-17.929291466336064,-1.6155439653678817e-05,0.962588045406706,-0.0002527356072527309,0.9625880785856377
0.21996569633483887,-17.663233297644116,-1.7074969491786834e-15,0.8454673926261125,-5.364729958810139e-14,0.8454673926261125,-17.91952946582398,-1.8769617819030408e-05,0.9835093501279798,-0.0002696384801437326,0.9835093870899612
0.22996759414672852,-17.65515112143271,-2.213070637542834e-15,0.77269761802483,-4.6777027018925287e-14,0.77269761802483,-17.90960015781747,-2.1587284106301573e-05,1.0010792984792634,-0.00029581182034095976,1.0010793421844082
0.23996710777282715,-17.64773684382427,-2.6297371317919967e-15,0.7123066837448251,-3.589192814661488e-14,0.7123066837448251,-17.899510198402645,-2.474301727494636e-05,1.0173514265377703,-0.0003391985768733587,1.0173514830844406
0.24996352195739746,-17.64086652792098,-2.917420574075488e-15,0.6642854925252145,-2.0995487297653164e-14,0.6642854925252145,-17.88925834552959,-2.8469683054412932e-05,1.033361226663238,-0.0004129159992324559,1.0333613091608251
0.2599637508392334,-17.634412216397486,-3.0361358780431505e-15,0.6286044184533647,-2.0775111740894746e-15,0.6286044184533647,-17.878842361544546,-3.317477459863306e-05,1.0496796879247559,-0.000539003676152891,1.0496798263121836
0.2699263095855713,-17.628275838883862,-2.9463700038951587e-15,0.6053483604485534,2.076286455202991e-14,0.6053483604485534,-17.868307175295893,-3.9487896440019394e-05,1.0655486790278716,-0.0007447081971407995,1.0655489392648003
0.2799680233001709,-17.62226288103218,-2.6054164830773455e-15,0.5943206413414273,4.7819374554844716e-14,0.5943206413414273,-17.85753373544948,-4.8455385823219906e-05,1.0792924227077578,-0.0010606804428477381,1.0792929439023418
0.28996753692626953,-17.616323226683118,-1.975760488365484e-15,0.5957236418635096,7.878688899963258e-14,0.5957236418635096,-17.846693149160124,-6.114986956186631e-05,1.0882337762470964,-0.0014999589208873048,1.0882348099752093
0.29996490478515625,-17.610309113407727,-1.016616785574898e-15,0.6094804947117567,1.1376238757326812e-13,0.6094804947117567,-17.83579585546587,-7.884970017930629e-05,1.0900341062443641,-0.0020578456133447547,1.0900360487178935
0.3099651336669922,-17.604093844215548,3.127060231356118e-16,0.6355996722265974,1.5276443849818194e-13,0.6355996722265974,-17.82492794428188,-0.0001025587049408399,1.0832629186318703,-0.0026951488317246614,1.083266271380247
0.3199636936187744,-17.597578808134312,2.0265784496763447e-15,0.6670571803075549,1.8775819777150063e-13,0.6670571803075549,-17.814161862441374,-0.00013283078508451374,1.0680241117759584,-0.0033565637703140768,1.0680293862320311
0.32996487617492676,-17.590764032308314,4.021324076420315e-15,0.6951654945471754,2.0881158919208506e-13,0.6951654945471754,-17.803585062847862,-0.0001695840083836859,1.0458515020562162,-0.003980985687611986,1.045859078748322
0.3399984836578369,-17.58366179091241,6.1636982938708575e-15,0.7199655484157957,2.1588545081383066e-13,0.7199655484157957,-17.79322454274534,-0.00021230360038748875,1.019142952249185,-0.004517053118487129,1.0191529624585602
0.3499627113342285,-17.57637914988777,8.29198724872077e-15,0.7412249948580032,2.089856471902934e-13,0.7412249948580032,-17.783209268600277,-0.0002594882691915182,0.990703997711457,-0.004932276104466776,0.990716275443698
0.35996341705322266,-17.568873844301695,1.0289219932100607e-14,0.7591858132650661,1.8810819612479395e-13,0.7591858132650661,-17.773442325667652,-0.00031037609078735096,0.9625773005417224,-0.005222389175344111,0.9625914672730526
0.3699641227722168,-17.561205734735474,1.200779193698039e-14,0.7737645768696073,1.532523380977341e-13,0.7737645768696073,-17.763949305636682,-0.0003635304411462133,0.9369156469939183,-0.0053911382603368,0.9369311575317445
0.37996649742126465,-17.553407370226775,1.3308066986029456e-14,0.7849626965798739,1.0440850741566707e-13,0.7849626965798739,-17.754694025011876,-0.0004178188759103003,0.915524051634321,-0.005453533425449283,0.9155402941147622
0.3899669647216797,-17.545515568431895,1.4049764944564275e-14,0.7927760595078931,4.1596091641047024e-14,0.7927760595078931,-17.745616155496936,-0.0004723328122625736,0.9000922866064288,-0.005430420746529935,0.9001086678162109
0.3999638557434082,-17.53756513763938,1.4093541245928652e-14,0.7972064546579352,-3.516633198822865e-14,0.7972064546579352,-17.736662437508983,-0.0005262537873710211,0.8922174495956186,-0.005347210410269383,0.8922334728209214
0.40996766090393066,-17.52958200097199,1.3299256833009409e-14,0.7982565511753621,-1.259619572791664e-13,0.7982565511753621,-17.72773991360629,-0.0005791855835141493,0.893128994116193,-0.00523212893710966,0.8931443194155226
0.419964075088501,-17.521611152772447,1.1528414525700747e-14,0.7959252415678844,-2.306620315163229e-13,0.7959252415678844,-17.71876828950494,-0.000630886640046266,0.9034276038695626,-0.005113412851887144,0.9034420747477355
0.4299907684326172,-17.513656564837483,8.63055659126043e-15,0.7901921055591561,-3.4970908250526734e-13,0.7901921055591561,-17.70961984209896,-0.0006816320489058523,0.9229184494358248,-0.0050140109998405,0.9229320693395227
0.4399678707122803,-17.505815308866023,4.492577181882024e-15,0.781112702943027,-4.821130022585141e-13,0.781112702943027,-17.70028140433337,-0.0007313016893890653,0.9502095890774817,-0.004948659437790057,0.9502224752156875
0.449962854385376,-17.49806753082841,-1.0466891399867118e-15,0.7687015405465305,-6.27863853016975e-13,0.7687015405465305,-17.690627089929663,-0.0007805626539607531,0.9834574259203412,-0.0049193782642452475,0.9834697295190993
0.459963321685791,-17.490445060721562,-7.954405796161839e-15,0.7559500008538278,-7.449455862285904e-13,0.7559500008538278,-17.680604191317723,-0.0008297622572878854,1.0203117249364553,-0.004918292428378961,1.020323578892116
0.46996426582336426,-17.482943119339144,-1.5773078390409603e-14,0.7445263174335086,-8.099731057007028e-13,0.7445263174335086,-17.670209407854895,-0.0008790083044758693,1.058444747190087,-0.004930527366678046,1.0584562310055154
0.4799661636352539,-17.475547883713585,-2.3982762603645235e-14,0.734429967506373,-8.229380875380777e-13,0.734429967506373,-17.659433925750307,-0.0009283754881727511,1.095960172270685,-0.004938813985187654,1.0959713003026903
0.48996782302856445,-17.46824731907675,-3.206134244965218e-14,0.7256627995407311,-7.838323724169313e-13,0.7256627995407311,-17.648294994018443,-0.0009777301649580526,1.1311738767142219,-0.004926913479474587,1.1311846064357116
0.49996519088745117,-17.461030893067814,-3.94854259133061e-14,0.7182272425213467,-6.92708269646091e-13,0.7182272425213467,-17.63682519104027,-0.00102679308764412,1.1626376665786924,-0.004881721284897376,1.16264791529949
0.5099668502807617,-17.453879122607336,-4.5740808655472777e-14,0.7121169024665429,-5.494877990551947e-13,0.7121169024665429,-17.625058873050108,-0.0010752225140219574,1.1891093779370152,-0.004794213052186077,1.1891190424749514
0.5200018882751465,-17.446758275409124,-5.031514849484503e-14,0.7073215467249434,-3.534618886137584e-13,0.7073215467249434,-17.61301769228047,-0.0011226973337531507,1.2095023922201633,-0.00465946367405155,1.2095113672008326
0.5299644470214844,-17.439729620493782,-5.265174533182272e-14,0.703883817271002,-1.0699354244390429e-13,0.703883817271002,-17.60089302934258,-0.0011682701801907212,1.2227073341723202,-0.004479451826695832,1.222715539497004
0.5399675369262695,-17.43270037845841,-5.226774982010239e-14,0.7017585705802567,1.924498491947554e-13,0.7017585705802567,-17.588633932154604,-0.0012119773310051143,1.2282134518102008,-0.004257135992187449,1.2282208296615005
0.5499634742736816,-17.425690761322524,-4.8631803034043937e-14,0.7009624772061218,5.43706656860949e-13,0.7009624772061218,-17.576361273978236,-0.001253281670102236,1.225687955438698,-0.004001331985000247,1.2256944867156536
0.5599634647369385,-17.418679676835424,-4.122102489102863e-14,0.7014940186166662,9.471432952054128e-13,0.7014940186166662,-17.56414845107527,-0.0012919190084433065,1.2153425327940524,-0.0037223440095770304,1.2153482331674277
0.5699641704559326,-17.411655972043185,-2.9514360434488926e-14,0.7033540143676871,1.4026757202561331e-12,0.7033540143676871,-17.552076354638032,-0.0013276934668761,1.1979189138076032,-0.0034311881084298237,1.1979238277577682
0.5799655914306641,-17.404606579195658,-1.2990479282386895e-14,0.7065427189117924,1.910301813017114e-12,0.7065427189117924,-17.54020780749204,-0.0013605396185160418,1.1746075879205655,-0.003137417306220782,1.1746117779879115
0.5899660587310791,-17.39751953398297,8.846441121417984e-15,0.7109338821109773,2.4525318774297196e-12,0.7109338821109773,-17.528599237210955,-0.0013904568173342164,1.1469285946975654,-0.002848277604851459,1.1469321313923708
0.5999679565429688,-17.390386954244104,3.55187090395686e-14,0.7152215368396418,2.848451384125893e-12,0.7152215368396418,-17.51727536192509,-0.0014175402609724573,1.1165027058002848,-0.002567610929389224,1.1165056581519155
0.6099653244018555,-17.38321718184589,6.516409469753025e-14,0.71905662473085,3.0499023480508566e-12,0.71905662473085,-17.506270342551222,-0.001441849317963618,1.0849891575709325,-0.002297006490531141,1.0849915890389656
0.6199631690979004,-17.37601080049452,9.585473683287081e-14,0.7224415305467584,3.0571139897434976e-12,0.7224415305467584,-17.49557977676087,-0.0014634992058181924,1.0538533446550975,-0.002035447202288971,1.053855310318285
0.6299691200256348,-17.368767115171543,1.2566898310848645e-13,0.7253780961958882,2.8698408511883935e-12,0.7253780961958882,-17.48518596608903,-0.0014825842908766386,1.0243891908972984,-0.0017809912959822587,1.0243907391016467
0.6399688720703125,-17.361500597280212,1.526213324331748e-13,0.7278621451158773,2.488283053999819e-12,0.7278621451158773,-17.475080326120874,-0.0014991423058336624,0.9977525594669601,-0.0015321306417402372,0.9977537358222083
0.6499662399291992,-17.3542133594191,1.7478156176809082e-13,0.7298950786621319,1.9125596842679734e-12,0.7298950786621319,-17.465220003786808,-0.0015132377538846294,0.9748244655480073,-0.0012873596742459764,0.9748253155955117
0.6599650382995605,-17.346907071119062,1.9021666898223014e-13,0.7314777713986278,1.14248202730798e-12,0.7314777713986278,-17.455568936405736,-0.0015249030764623937,0.9563065128888241,-0.0010465672981045835,0.9563070855623167
0.6699645519256592,-17.33958656640891,1.9698083385866488e-13,0.7326100010509551,1.7802076775577184e-13,0.7326100010509551,-17.446079183538185,-0.0015341837196862036,0.9426503966610247,-0.0008106812216028598,0.9426507452546942
0.6799662113189697,-17.3322554009198,1.9312708344527554e-13,0.7332917077321952,-9.810376190779257e-13,0.7332917077321952,-17.436699583899127,-0.0015411390321805427,0.9340554671928781,-0.0005817126286921524,0.9340556483328433
0.6899702548980713,-17.32491812685626,1.7670359226095014e-13,0.7335225978410971,-2.3348103015493852e-12,0.7335225978410971,-17.427379467234765,-0.001545851208660429,0.9304547287734642,-0.00036244499543245767,0.930454799366028
0.6999697685241699,-17.31758394697677,1.4578099698513203e-13,0.7333026715525054,-3.882367569754885e-12,0.7333026715525054,-17.418072910710332,-0.0015484315286790399,0.9315136330354451,-0.000155973498306455,0.9315136460936179
0.7099652290344238,-17.31025724503907,9.843515852244199e-14,0.7326324946461306,-5.623489119438324e-12,0.7326324946461306,-17.408737016756913,-0.0015490227663084697,0.9366536084328498,3.4930748342210125e-05,0.9366536090841884
0.7199671268463135,-17.30293466623977,3.2665816968553124e-14,0.7315111811443665,-7.560115414129873e-12,0.7315111811443665,-17.399329621224673,-0.0015477910527942264,0.9451092191149062,0.00020833606334201557,0.9451092420772865
0.7299652099609375,-17.29562823632181,-5.3090431326282396e-14,0.7300441621729533,-9.529379470940908e-12,0.7300441621729533,-17.389827780491952,-0.0015449188204622192,0.9559761806971722,0.00036311756975545114,0.9559762496603782
0.7399954795837402,-17.28831273456994,-1.5592244832422622e-13,0.7286693258480814,-1.0853413212573547e-11,0.7286693258480814,-17.380178065570366,-0.0015405753701889476,0.9683370918150758,0.0004998155354855172,0.9683372208071154
0.7499899864196777,-17.28103630240933,-2.6796635466916524e-13,0.7274456355554347,-1.1447015583505842e-11,0.7274456355554347,-17.370434228538972,-0.0015349713553133235,0.9811487557214003,0.0006186485037618903,0.9811489507611081
0.7599961757659912,-17.27376287964934,-3.8245521931621324e-13,0.7263667527580723,-1.1315626709187809e-11,0.7263667527580723,-17.360555109226567,-0.001528252516231717,0.9935591829881394,0.000722033986182285,0.9935594453444324
0.769995927810669,-17.266504236347846,-4.919286066201723e-13,0.7254347525944178,-1.045892097493025e-11,0.7254347525944178,-17.350561531180528,-0.0015205709838898751,1.0047450111227976,0.000812164717469432,1.0047453393709667
0.7799966335296631,-17.259253364686295,-5.89219524511549e-13,0.7246488062070677,-8.876829394195083e-12,0.7246488062070677,-17.340465256431656,-0.0015120437727773233,1.0140300669670006,0.0008916112129248393,1.0140304589526168
0.7900032997131348,-17.252005302058016,-6.671005268001771e-13,0.7240086888778892,-6.567814457869844e-12,0.7240086888778892,-17.33028498917485,-0.0015027622573218417,1.0208805428386731,0.0009628773565781619,1.0208809969234356
0.7999680042266846,-17.244793309073668,-7.180936226642149e-13,0.7235166803164776,-3.5468645396335523e-12,0.7235166803164776,-17.320087502131518,-0.0014928372206096329,1.0249091481109134,0.0010279754777415989,1.0249096636362744
0.8099994659423828,-17.237537268402992,-7.353819816244435e-13,0.723167954433273,2.2165923821424022e-13,0.723167954433273,-17.30980046656045,-0.0014822158982191155,1.0259296724297284,0.0010894568540983013,1.0259302508884347
0.8199625015258789,-17.23033357805537,-7.115288584299917e-13,0.7229671723823681,4.68672895091075e-12,0.7229671723823681,-17.299584417232108,-0.0014710658305472568,1.0238915679618876,0.0011480783882102709,1.0238922116255393
0.8299648761749268,-17.22310250129994,-6.392132677989002e-13,0.7229115183690158,9.893708163107728e-12,0.7229115183690158,-17.28936836678825,-0.0014592972121846189,1.018898308532006,0.0012055574845790899,1.018899021737793
0.8400001525878906,-17.215847571629425,-5.106674438010283e-13,0.7230026179668307,1.5846880533445282e-11,0.7230026179668307,-17.279178436433522,-0.0014469100197989262,1.01117612731355,0.0012626528805793436,1.011176915648852
0.849994421005249,-17.208620535812564,-3.196353600716866e-13,0.7232396251895786,2.25017004203451e-11,0.7232396251895786,-17.269118516779997,-0.0014340045558303613,1.001166348843449,0.001319346249682651,1.0011672181664006
0.8599991798400879,-17.201382952787064,-5.816476933473103e-14,0.7236230822695676,2.9888896242668033e-11,0.7236230822695676,-17.25916021901041,-0.0014205211293191865,0.9892962978600658,0.0013760671516872096,0.9892972548837068
0.8699636459350586,-17.194170041844696,2.7631042064571313e-13,0.7240878138212133,3.684998676623052e-11,0.7240878138212133,-17.249367292189774,-0.0014065289065147814,0.9761522439997214,0.0014324885358100784,0.976153295076699
0.8800022602081299,-17.186899138697278,6.703803557299429e-13,0.7245133120263102,4.1207492332541527e-11,0.7245133120263102,-17.239637946962706,-0.0013918637657183025,0.9621211769553751,0.0014890668484770007,0.9621223292627998
0.8900003433227539,-17.179653504775075,1.0927727316476479e-12,0.7248910593228255,4.283673824119932e-11,0.7248910593228255,-17.23009303605652,-0.0013767019603545601,0.9479043516313379,0.0015448401122913297,0.9479056104763804
0.9000022411346436,-17.172401412754645,1.5180984505366085e-12,0.725222986333334,4.17597694171777e-11,0.725222986333334,-17.220694329407507,-0.0013609955535655621,0.933949036027674,0.0015996760772544782,0.9339504059962572
0.909996747970581,-17.165151767095775,1.91882264234412e-12,0.7255087315402011,3.797930777014443e-11,0.7255087315402011,-17.211416579499957,-0.0013447198812825674,0.9206705553440312,0.0016532968570523198,0.9206720397991808
0.9200031757354736,-17.15789068949874,2.2686365460571284e-12,0.7257488289643459,3.1486049669637635e-11,0.7257488289643459,-17.20226622567794,-0.0013279153006157673,0.9084651921104595,0.0017051847774374987,0.9084667924208454
0.930004358291626,-17.150631468601702,2.5397935427325055e-12,0.7259428089308162,2.2288797115310514e-11,0.7259428089308162,-17.19326160098453,-0.0013106614663878035,0.8976557846776293,0.0017547257631966616,0.8976574997334532
0.9400012493133545,-17.143373428885553,2.7053918980100433e-12,0.726090767579612,1.0389978184570661e-11,0.726090767579612,-17.18430971314286,-0.0012928295480069095,0.8883525465883524,0.0018018794856957654,0.8883543739970506
0.9499635696411133,-17.136139273884524,2.7386630357015035e-12,0.7261925173156754,-4.158305359884334e-12,0.7261925173156754,-17.1754955587523,-0.0012746513116064831,0.880762235711256,0.0018456577164660585,0.8807641695184338
0.9599974155426025,-17.128852557440066,2.6120889610915342e-12,0.7262488869285112,-2.1525590831017415e-11,0.7262488869285112,-17.166688420368416,-0.0012559235175213588,0.874808377952326,0.0018861667817939212,0.8748104113239099
0.9699993133544922,-17.121588533584543,2.2989064586757683e-12,0.7262590248808802,-4.154967159599296e-11,0.7262590248808802,-17.15796164677936,-0.0012368729223807555,0.8704909924572204,0.0019225701429755257,0.870493115552967
0.9799995422363281,-17.114325894644523,1.7720148765667922e-12,0.7262231923441895,-6.427696883102476e-11,0.7262231923441895,-17.14927222046255,-0.0012174833502445201,0.8676486090559042,0.0019546540847537983,0.8676508107927039
0.9900004863739014,-17.107063472084626,1.0042658756311751e-12,0.7261413896831638,-8.971208337146273e-11,0.7261413896831638,-17.14060330269511,-0.0011977925132903107,0.8660801501332137,0.0019821705229124227,0.8660824183960507
0.9999964237213135,-17.09980554676872,-3.082831484618145e-14,0.7260137099306884,-1.1783548538304418e-10,0.7260137099306884,-17.131949612572058,-0.0011778614130421288,0.8655414395961402,0.0020049502905514723,0.8655437617381494
1.0099976062774658,-17.09254523392029,-1.3383008709705065e-12,0.7258716188292037,-1.4194296342521603e-10,0.7258716188292037,-17.12329267823187,-0.0011577155923368013,0.8657591691246196,0.0020229846360348635,0.8657615326348181
1.020003080368042,-17.0852832175107,-2.8370164314241636e-12,0.7257436188594636,-1.5595189067297906e-10,0.7257436188594636,-17.114628724050448,-0.001137407603570636,0.8664492316266407,0.002036353380438429,0.866451624570862
1.0300037860870361,-17.07802579968092,-4.424569414880638e-12,0.7256298226179582,-1.5985053686044547e-10,0.7256298226179582,-17.10595807177244,-0.0011169916972166177,0.8673303230577913,0.0020452595211615156,0.8673327345269759
1.0399773120880127,-17.070789228599704,-5.996411883458396e-12,0.7255304194984354,-1.5367843827772372e-10,0.7255304194984354,-17.097306723989018,-0.0010965737893469758,0.8681374313817396,0.002050012978730832,0.8681398518207176
1.0499978065490723,-17.063519615630874,-7.46303109017901e-12,0.7254447126412186,-1.3736013123184594e-10,0.7254447126412186,-17.088601861619747,-0.0010760169019221918,0.8686433974595584,0.002051038354052246,0.8686458189091882
1.059999942779541,-17.056263981261274,-8.713310509567959e-12,0.7253733187415836,-1.109581018756076e-10,0.7253733187415836,-17.079915666457957,-0.0010555170581067483,0.8686488461652911,0.002048779431392148,0.8686512622689558
1.0700359344482422,-17.0489843657682,-9.651506655320238e-12,0.7253158991665298,-7.431080257363436e-11,0.7253158991665298,-17.07119867961937,-0.0010349743863392311,0.8680019366583603,0.0020437161368895675,0.8680043426264137
1.0799996852874756,-17.041757689408694,-1.0168858152672718e-11,0.7252729804532648,-2.7864292965300405e-11,0.7252729804532648,-17.062554880667314,-0.0010146423624679737,0.8666140889986208,0.002036431164597991,0.8666164816704086
1.0900015830993652,-17.034503810755744,-1.0172381695325128e-11,0.7252440147653034,2.8843620374612467e-11,0.7252440147653034,-17.053898303028202,-0.0009943204857181323,0.8644220627882628,0.0020273497667795425,0.8644244401809752
1.0999951362609863,-17.02725609288398,-9.558981123953833e-12,0.7252291990127269,9.559612495680015e-11,0.7252291990127269,-17.045272945566925,-0.0009741086782839145,0.8614280032449567,0.0020169614789147597,0.8614303645148577
1.1100001335144043,-17.02000016678236,-8.226109342878515e-12,0.725228510965839,1.7252915608150679e-10,0.725228510965839,-17.036672594821173,-0.0009539850049736339,0.8576658109132348,0.0020056538701988817,0.8576681560235891
1.1199619770050049,-17.01277546805381,-6.084135693850031e-12,0.7252418871929485,2.5917510044063417e-10,0.7252418871929485,-17.02815468056577,-0.0009340740106407559,0.8532388213581658,0.001993834863684231,0.8532411509357337
1.129969835281372,-17.005517374957986,-3.01278561554289e-12,0.725269452624586,3.563112373804436e-10,0.725269452624586,-17.019639452066823,-0.0009141787667476038,0.8482079539656984,0.0019816476918965184,0.8482102688002846
1.1400034427642822,-16.998239998430197,1.0922509806327497e-12,0.7253107627989126,4.624470652687263e-10,0.7253107627989126,-17.011153781598132,-0.0008943520669215272,0.8427093687597996,0.0019693074713449995,0.842711669770543
1.1499972343444824,-16.9909911705463,6.153757865311308e-12,0.7253529337225133,5.442075545751017e-10,0.7253529337225133,-17.002759525631923,-0.0008747301113444262,0.8369255732167564,0.001957011159302706,0.8369278612860692
1.1599960327148438,-16.98373832430945,1.1847183227026558e-11,0.725390850947884,5.883344548973506e-10,0.725390850947884,-16.99442124115633,-0.0008552244393139649,0.8309807766587237,0.0019447460614557461,0.8309830523022591
1.1699960231781006,-16.97648425851833,1.779413466317365e-11,0.7254244961036485,5.947760859243735e-10,0.7254244961036485,-16.98614210813696,-0.000835840171360967,0.8250223190246526,0.001932496930638852,0.8250245823205529
1.1799967288970947,-16.96922930672823,2.3617482394491377e-11,0.7254538665736372,5.63521022995645e-10,0.7254538665736372,-16.977919283011136,-0.000816572086902306,0.8191847132530397,0.0019201915256214003,0.8191869637408543
1.1900031566619873,-16.96197013962188,2.8942435488692486e-11,0.7254789720156927,4.945195529381277e-10,0.7254789720156927,-16.969754444216353,-0.000797429472374615,0.8135910505564425,0.001907727839100122,0.8135932871964001
1.1999619007110596,-16.954745151731636,3.3369724884327606e-11,0.7254997067060514,3.8837336672571834e-10,0.7254997067060514,-16.961679941730075,-0.0007784973309715828,0.8083634289557554,0.0018950292618849726,0.8083656501911806
1.2099614143371582,-16.947490362172147,3.656376640425992e-11,0.7255162586173274,2.4417916856715775e-10,0.7255162586173274,-16.95361921513124,-0.000759608780528924,0.8035320715018036,0.001881833163518054,0.8035342750798095
1.219961166381836,-16.94023526959113,3.812749637126923e-11,0.7255285342511645,6.22907253905898e-11,0.7255285342511645,-16.94560363687136,-0.0007408530837384157,0.7991730155197369,0.0018680431963774293,0.7991751987645094
1.2299602031707764,-16.932980680736563,3.7684052915154346e-11,0.7255365327094321,-1.5726933261119276e-10,0.7255365327094321,-16.937632872828125,-0.0007222475180895138,0.7953152601057376,0.0018535219667647233,0.7953174199655999
1.2399654388427734,-16.925721542189073,3.485425961049455e-11,0.7255402561743485,-4.14685526633609e-10,0.7255402561743485,-16.92969242042232,-0.0007037780594176027,0.7919569818263363,0.0018381205149592453,0.7919591149488132
1.249959945678711,-16.918470114077365,2.926777379323501e-11,0.7255397012396527,-7.094994077515592e-10,0.7255397012396527,-16.92179178551835,-0.0006854874896953636,0.7890841673413689,0.001821758018268841,0.7890862702842437
1.2599599361419678,-16.91121469339787,2.054083652489245e-11,0.725534870284002,-1.0421596260824812e-09,0.725534870284002,-16.913913597761088,-0.0006673565024677556,0.7866529488788445,0.0018043257067291319,0.786655018143937
1.2699599266052246,-16.903959420769628,8.298961373597004e-12,0.7255257625517645,-1.4125090028629019e-09,0.7255257625517645,-16.906057579029007,-0.0006494050395119534,0.7846103715527383,0.0017857783472322818,0.7846124037717167
1.279961109161377,-16.89670335356908,-7.80924344045895e-12,0.7255129493129264,-1.8021939367910603e-09,0.7255129493129264,-16.898219418854495,-0.0006316427102278458,0.7828904209128945,0.0017660926868854764,0.7828924129409787
1.289964199066162,-16.88944603064213,-2.7332465750863726e-11,0.7255005838759956,-2.0777766803585153e-09,0.7255005838759956,-16.890397833103318,-0.0006140844385108744,0.7814204478128883,0.0017452833244131305,0.7814223968341177
1.2999603748321533,-16.882193875150172,-4.889295558367212e-11,0.7254895033618933,-2.2125552761491832e-09,0.7254895033618933,-16.882590686523447,-0.0005967412168234777,0.780124573639518,0.001723391568035361,0.7801264772296455
1.3099606037139893,-16.874938868439486,-7.110715615490708e-11,0.7254796949856279,-2.2067394264932583e-09,0.7254796949856279,-16.874795361787633,-0.0005796207836120596,0.7789279842390151,0.001700482542859381,0.7789298404038286
1.319960117340088,-16.867684477220223,-9.255830358973274e-11,0.7254711640931075,-2.060261200580753e-09,0.7254711640931075,-16.86701236145096,-0.0005627353549948199,0.7777610712680305,0.0016766518713067246,0.7777628784799979
1.3299593925476074,-16.86043024182147,-1.1184130040991778e-10,0.7254639100002216,-1.7731290458217998e-09,0.7254639100002216,-16.859241812970435,-0.0005460938003599939,0.7765619131214246,0.0016520111029061052,0.7765636703139616
1.3399646282196045,-16.853171840980018,-1.275577647984382e-10,0.7254579294955384,-1.3450515634273796e-09,0.7254579294955384,-16.85147815186329,-0.0005296906802425276,0.7752776985065827,0.0016266643635640594,0.775279405013841
1.349959373474121,-16.845921132603085,-1.382785774085015e-10,0.7254532314602555,-7.768279586142185e-10,0.7254532314602555,-16.843736062463808,-0.0005135608454404092,0.7738707994747963,0.001600788722904772,0.7738724551270033
1.3599598407745361,-16.838666397210382,-1.4261830658618285e-10,0.7254498073662294,-6.76446823891788e-11,0.7254498073662294,-16.836004760484236,-0.0004976836936344829,0.7723117660756164,0.0015744779206348168,0.7723133709832818
1.3699619770050049,-16.83141023732858,-1.391609973704881e-10,0.7254476599050179,7.82403153787261e-10,0.7254476599050179,-16.828288981070955,-0.0004820694338158849,0.770586595172437,0.0015478730326926391,0.7705881497728697
1.3799619674682617,-16.824155835060832,-1.2650166193222813e-10,0.7254467899455274,1.7729328341796938e-09,0.7254467899455274,-16.82059418988211,-0.0004667279080147902,0.768694037109084,0.0015211099397860288,0.7686955421117718
1.3899621963500977,-16.816901131146118,-1.0323256820998371e-10,0.7254471968625066,2.9041819435143287e-09,0.7254471968625066,-16.812915129835982,-0.00045164655430048837,0.7666414175726884,0.0014942752290296028,0.7666428738313045
1.3999605178833008,-16.809647969963248,-6.795613046476848e-11,0.7254488802219934,4.1758245578104924e-09,0.7254488802219934,-16.80526055626249,-0.00043683970283243316,0.7644494770694019,0.0014674896745945972,0.7644508856150453
1.4099600315093994,-16.802393814914474,-1.92551247039803e-11,0.7254518404559478,5.588286219133856e-09,0.7254518404559478,-16.797627871820755,-0.0004222989810419937,0.7621438291475777,0.0014408179121684398,0.7621451910653168
1.4199602603912354,-16.795138996465855,4.3945475024626103e-11,0.7254557065123493,6.9921055601486686e-09,0.7254557065123493,-16.79001831491075,-0.000408023454560802,0.759756959173813,0.0014143207030293892,0.7597582755824973
1.429964542388916,-16.787881409085745,1.1891184341532477e-10,0.7254592866583297,7.907373806943494e-09,0.7254592866583298,-16.782429963258483,-0.0003940065016651218,0.7573240537441187,0.001388030668445423,0.7573253257409007
1.4399642944335938,-16.780626916697393,2.003706672945113e-10,0.7254624879891756,8.29715707479021e-09,0.7254624879891756,-16.774870924863837,-0.00038026018633018793,0.754885097244408,0.0013619987282679504,0.7548863259340675
1.4499633312225342,-16.773373057257462,2.8309495743458977e-10,0.7254653118888109,8.16199951477199e-09,0.725465311888811,-16.76733217646564,-0.0003667658327397692,0.7524740791374427,0.0013362020209631315,0.7524752655134807
1.4599626064300537,-16.766118802203884,3.618475118213285e-10,0.7254677587820336,7.501913783374855e-09,0.7254677587820337,-16.759820376651003,-0.0003535337325443662,0.750127703650818,0.0013106589870904857,0.7501288486729663
1.4699599742889404,-16.758866158326505,4.3136083179081617e-10,0.7254698280918233,6.317219379885812e-09,0.7254698280918233,-16.752332564911526,-0.0003405575483812907,0.7478757202519163,0.0012853450290610802,0.7478768247874554
1.4799609184265137,-16.751610764246003,4.864251413931161e-10,0.7254715209780349,4.60708413502243e-09,0.7254715209780349,-16.744863719906405,-0.00032782840303944633,0.7457423483338552,0.0012602214904362853,0.745743413150058
1.4899637699127197,-16.744353915058003,5.217654704693028e-10,0.7254728368140153,2.3713596006264134e-09,0.7254728368140153,-16.737414366234088,-0.00031534771807201315,0.7437476292199752,0.0012352639535394409,0.743748655022225
1.4999594688415527,-16.73710235200496,5.321175563501492e-10,0.7254737746789384,-3.874598123499436e-10,0.7254737746789384,-16.729989170431164,-0.0003031240304609956,0.7419061035539752,0.0012104599348291708,0.7419070910187445
1.5099596977233887,-16.729847415985468,5.122549408534127e-10,0.7254743358438658,-3.6724601496957448e-09,0.7254743358438658,-16.72257855264189,-0.0002911428787239322,0.7402222957209762,0.0011857500941335293,0.7402232454372923
1.5199601650238037,-16.722592355811567,4.569150139840081e-10,0.7254745197859599,-7.482550413528655e-09,0.7254745197859599,-16.715183919176223,-0.0002794083421613333,0.7386972872577665,0.0011611147359475405,0.7386981998011185
1.5299646854400635,-16.715334220398752,3.607971148398958e-10,0.725474326330856,-1.1819629338134113e-08,0.7254743263308561,-16.707801158642688,-0.00026791589541129494,0.7373252529979769,0.0011365206150961338,0.737326128919652
1.5399630069732666,-16.708080737645876,2.1876639106957215e-10,0.7254737558071659,-1.667891056684078e-08,0.7254737558071661,-16.700435368622923,-0.0002566752943632125,0.7360970143488791,0.0011119711108853547,0.7360978542375228
1.549959421157837,-16.70082863725325,2.5569484261347742e-11,0.7254728084271436,-2.2061933634739307e-08,0.7254728084271439,-16.693081930512953,-0.00024568111594775046,0.7349975551726945,0.001087444014995798,0.7349983596201585
1.5599603652954102,-16.693573264165966,-2.213083841318456e-10,0.7254716747864431,-2.6997574308696808e-08,0.7254716747864437,-16.68573628169505,-0.00023492826491029576,0.7340091186163014,0.00106292464326006,0.7340098882308581
1.5699596405029297,-16.68631899155113,-5.078587888744977e-10,0.7254706486003772,-2.998946287029824e-08,0.7254706486003779,-16.67840194600013,-0.00022442322313037907,0.7331131550554477,0.0010384326704898303,0.733113890509356
1.5799667835235596,-16.679059101176566,-8.147721645977976e-10,0.7254697322037179,-3.102232474468559e-08,0.7254697322037186,-16.671070865052876,-0.00021415555920622736,0.732288889214295,0.0010139560734383258,0.7322895911957407
1.5899686813354492,-16.671803144205875,-1.1220411827700429e-09,0.7254689268411241,-3.0094110970848696e-08,0.7254689268411246,-16.66375237437185,-0.00020413878730090972,0.7315177405462848,0.0009895471197966786,0.7315184098417783
1.5999653339385986,-16.66455079160907,-1.4100899115261754e-09,0.725468232304364,-2.7207827287913267e-08,0.7254682323043644,-16.656439305425927,-0.00019436295644286407,0.7307804516265174,0.0009652082016937407,0.7307810890453648
1.6099627017974854,-16.657298076866013,-1.659509372449433e-09,0.7254676481399529,-2.2363203199129285e-08,0.7254676481399533,-16.649137538599994,-0.00018483523423481674,0.7300610632304885,0.0009409891337976333,0.7300616696593386
1.6199636459350586,-16.650042749200086,-1.8507632979286952e-09,0.7254671742349021,-1.555752621372157e-08,0.7254671742349024,-16.641839294730033,-0.00017554439548566976,0.7293447988268642,0.0009168970982990152,0.7293453751660375
1.6299653053283691,-16.642786774977402,-1.9641612430843502e-09,0.7254668107923896,-6.7913175714889816e-09,0.7254668107923896,-16.63454860988594,-0.00016649412417620222,0.7286210010415525,0.0008929797951242207,0.7286215482482716
1.639967441558838,-16.63553058692265,-1.980078355872828e-09,0.7254665578539672,3.935250157950415e-09,0.7254665578539672,-16.627264148449274,-0.00015768074748297625,0.7278816717935916,0.00086926719717513,0.7278821908513039
1.6499683856964111,-16.62827532944213,-1.8789258859190254e-09,0.7254664154433069,1.6620195247709583e-08,0.725466415443307,-16.61999075387936,-0.0001491075178283403,0.7271227034493086,0.0008458080434543005,0.7271231953821015
1.6599681377410889,-16.621020743164276,-1.6411435655997569e-09,0.7254663835188149,3.126332143826629e-08,0.7254663835188155,-16.612721077120387,-0.00014076299912037886,0.7263418510297466,0.0008226095228844201,0.726342316847742
1.6699955463409424,-16.613746240422547,-1.2458206221681308e-09,0.7254664624299084,4.7913986023337244e-08,0.72546646242991,-16.605441903366987,-0.00013262993818666718,0.7255390109057026,0.000799658474357361,0.7255394515804781
1.6799976825714111,-16.60649001881775,-6.753347123957429e-10,0.7254666517995763,6.648541819008176e-08,0.7254666517995794,-16.598189093510687,-0.00012474485168392495,0.7247220863535646,0.0007770916393375464,0.724722502976194
1.6899635791778564,-16.599260125589385,8.753492535451755e-11,0.7254669496573133,8.689073074294055e-08,0.7254669496573185,-16.59097135332129,-0.00011711164110400904,0.7238981449501974,0.0007549527296257559,0.7238985386198545
1.6999986171722412,-16.591979947016366,1.0506769973154496e-09,0.725467274802307,1.0383548615635327e-07,0.7254672748023144,-16.58371527130301,-0.00010965024455539565,0.7230662679743444,0.0007330335688092345,0.7230666395433822
1.7099981307983398,-16.5847256006938,2.1428756622172647e-09,0.7254675666117077,1.1339552694059809e-07,0.7254675666117166,-16.576484456939486,-0.00010242343675231955,0.7222422183970958,0.0007115386186610722,0.7222425688938336
1.7199978828430176,-16.577471247261084,3.2941149459309867e-09,0.7254678262967149,1.1564400404654874e-07,0.7254678262967241,-16.569265959490018,-9.541375811591933e-05,0.7214333990886994,0.000690434211824179,0.7214337294721362
1.729996681213379,-16.57021729620342,4.431220066039871e-09,0.7254680538453413,1.1058139606818873e-07,0.7254680538453497,-16.562056898377378,-8.861457819228344e-05,0.7206482725126445,0.0006697136566627279,0.7206485837020987
1.7399656772613525,-16.56298516946883,5.4781986690667836e-09,0.7254682487331309,9.825622828636437e-08,0.7254682487331375,-16.554876501710247,-8.203950811041086e-05,0.7198970141899458,0.0006494288197162479,0.719897307119141
1.7499980926513672,-16.55570701868543,6.371073221551579e-09,0.725468412627708,7.851628940696586e-08,0.7254684126277122,-16.54765749063302,-7.562480394628265e-05,0.7191801265968695,0.0006293871442963028,0.7191804019994333
1.7599663734436035,-16.54847535952255,7.025691323816451e-09,0.7254685434488707,5.161321244016063e-08,0.7254685434488726,-16.54049276889667,-6.944931159351694e-05,0.7185127622415431,0.0006098384674067895,0.7185130210420189
1.7699956893920898,-16.54119931069036,7.376978677056095e-09,0.725468642854667,1.7212086489031167e-08,0.7254686428546672,-16.53328911814191,-6.342978084239804e-05,0.7178908878939919,0.0005905196822851291,0.7178911307675554
1.7799866199493408,-16.53395116472623,7.347297405713765e-09,0.7254687097479731,-2.4370205111830043e-08,0.7254687097479735,-16.526119707789263,-5.7624708934769724e-05,0.7173238819382971,0.0005716173516947445,0.717324109692003
1.7900032997131348,-16.526684380961928,6.863822239149124e-09,0.7254687446199477,-7.338663878505239e-08,0.7254687446199515,-16.51894244281481,-5.19966622653012e-05,0.7168096281160504,0.000553008950441593,0.7168098414354882
1.7999954223632812,-16.519435488520013,5.8558189439183405e-09,0.7254687472903415,-1.2959194535818374e-07,0.725468747290353,-16.51177645140996,-4.655802521811285e-05,0.7163493079789686,0.0005347339183210298,0.7163495075605975
1.8099963665008545,-16.512180166382414,4.2480262870512935e-09,0.7254687178442759,-1.9315736936196794e-07,0.7254687178443017,-16.504614665516876,-4.130050870604456e-05,0.71594071479289,0.00051676430271936,0.7159409012924871
1.8199989795684814,-16.504923460505797,1.9674492582264212e-09,0.7254686562503295,-2.640505172013243e-07,0.7254686562503776,-16.497455777193707,-3.622055535823526e-05,0.7155808378776171,0.000499088705229474,0.7155810119246934
1.8300185203552246,-16.49765467925403,-1.0625981022210197e-09,0.7254685644940152,-3.405880534351401e-07,0.7254685644940951,-16.490287697621607,-3.1307522892321974e-05,0.715265226994354,0.0004816716953040884,0.7152653891772667
1.839963674545288,-16.49043980053085,-4.754539400554117e-09,0.7254684731944815,-3.9737560663413283e-07,0.7254684731945903,-16.483175812732572,-2.6601984190291386e-05,0.714991633764543,0.00046466499419015646,0.7149917847547951
1.8499624729156494,-16.483185946155068,-8.899978725277316e-09,0.7254683906920176,-4.2725989225982673e-07,0.7254683906921434,-16.476027847202676,-2.2040123642856176e-05,0.7147512575638821,0.0004478453311280636,0.7147513978682319
1.8599612712860107,-16.475932072969997,-1.3207837194324075e-08,0.7254683175046874,-4.2986080074654186e-07,0.7254683175048148,-16.468881953310426,-1.7644938640716e-05,0.7145402027073566,0.00043130449654040615,0.7145403328774654
1.8699605464935303,-16.46867806335665,-1.740537618610585e-08,0.7254682536316069,-4.0517749014494876e-07,0.7254682536317201,-16.461739098735336,-1.3414355437510158e-05,0.7143530861909769,0.0004150470062894846,0.7143532067644064
1.879962682723999,-16.461421793051016,-2.122079593004887e-08,0.7254681990586929,-3.531891995378996e-07,0.7254681990587789,-16.45459660749551,-9.344107819431621e-06,0.7141847023934191,0.0003990713373780297,0.7141848138897304
1.8899662494659424,-16.45416444592441,-2.4380088116750018e-08,0.7254681538012825,-2.7388557045417546e-07,0.7254681538013342,-16.447451034512657,-5.429659073503912e-06,0.7140303209747005,0.00038337658924310456,0.714030423895819
1.8999617099761963,-16.446913046591536,-2.660808254651018e-08,0.7254681178938,-1.673708448756178e-07,0.7254681178938193,-16.440313342808427,-1.6740410505451758e-06,0.7138861345903981,0.0003679944994472069,0.7138862294374164
1.9099617004394531,-16.43965844390396,-2.7635296937366782e-08,0.7254680912856453,-3.352608520695606e-08,0.725468091285646,-16.433175038133516,1.930315632141757e-06,0.7137486745677912,0.00035291520636892746,0.7137487618177853
1.9199955463409424,-16.43237924226442,-2.718329768296239e-08,0.7254680739519592,1.2820047724824871e-07,0.7254680739519705,-16.426014731133083,5.3964454966449576e-06,0.7136150748888532,0.0003381042259802281,0.7136151549841773
1.929994821548462,-16.42512499757868,-2.498163718843758e-08,0.725468066010058,3.167058056591898e-07,0.7254680660101271,-16.4188850002086,8.702426954969959e-06,0.7134846634227356,0.00032367808141965345,0.71348473684232
1.9399685859680176,-16.417889396004178,-2.0772289891322217e-08,0.7254680673690144,5.319078979230356e-07,0.7254680673692093,-16.41176832847009,1.1860840007112989e-05,0.7133562758788312,0.00030960615694667314,0.7133563430654328
1.950011968612671,-16.410603239401407,-1.4227189883462749e-08,0.7254680781033371,7.760450113982557e-07,0.7254680781037522,-16.404601783695888,1.4901623716323522e-05,0.7132287272718578,0.00029577334569544974,0.7132287885999177
1.9599604606628418,-16.403385924487875,-5.191187010823962e-09,0.7254680980019356,1.045013454475334e-06,0.7254680980026882,-16.39750629094761,1.7777720026513218e-05,0.7131047478981185,0.00028241537113998615,0.7131048038214867
1.969959020614624,-16.396132328672522,6.689486236634919e-09,0.7254681255691348,1.3241953590499872e-06,0.7254681255703432,-16.390376332443882,2.0535997478592324e-05,0.7129836187939049,0.00026933463780783626,0.7129836696654415
1.9799606800079346,-16.388876318226405,2.0976348704332493e-08,0.7254681516604383,1.5156731831607833e-06,0.7254681516620216,-16.383245856736337,2.3165815867629548e-05,0.7128674904977957,0.000256597046193405,0.7128675366789184
1.9899625778198242,-16.381620359767073,3.666871399890341e-08,0.7254681749452566,1.6052672695997013e-06,0.7254681749470325,-16.37611623984347,2.567005844333221e-05,0.71275820049406,0.000244204683368297,0.7127582423286721
1.9999582767486572,-16.37436871762464,5.273819988535473e-08,0.7254681954124395,1.5930169600139207e-06,0.7254681954141885,-16.36899239750856,2.8050542720477917e-05,0.7126577523089176,0.00023216312208510276,0.7126577901249055
2.0099594593048096,-16.36711326658352,6.81844076949787e-08,0.7254682130852141,1.4789192216617734e-06,0.7254682130867216,-16.361865259043878,3.0313660808623125e-05,0.7125679510812564,0.00022045193252617282,0.712567985182603
2.019960641860962,-16.359857723245213,8.198028492197427e-08,0.7254682279522655,1.2629503619356538e-06,0.7254682279533649,-16.35474340620703,3.2460011686428346e-05,0.7124907106079175,0.00020907744072665865,0.7124907412843703
2.029965400695801,-16.35259957461581,9.311019879671379e-08,0.7254682400171779,9.449787652090058e-07,0.7254682400177933,-16.347611817516622,3.449715376366001e-05,0.7124274773554606,0.00019800603294757308,0.7124275048715164
2.0399696826934814,-16.34534173928202,1.0054868962600832e-07,0.7254682492737703,5.250840139841273e-07,0.7254682492739604,-16.340487240652596,3.642334053085265e-05,0.712379692698199,0.00018725160938319515,0.712379717308084
2.0499627590179443,-16.33809207626957,1.0327647286358983e-07,0.7254682557169415,3.899489921701047e-09,0.7254682557169415,-16.333366210923845,3.8242675057457095e-05,0.7123482303471774,0.0001767942774717315,0.7123482522860373
2.059964895248413,-16.33083596306844,1.0028233640978985e-07,0.7254682593606866,-6.195897671650635e-07,0.7254682593609512,-16.32624291075014,3.9959449470815454e-05,0.7123336017177975,0.00016660985521665904,0.7123336212022381
2.0700104236602783,-16.32354817590066,9.048375066925465e-08,0.7254682601955288,-1.3483550458927886e-06,0.7254682601967819,-16.319085279000937,4.158318811113694e-05,0.7123360193970019,0.00015663763054006322,0.7123360366187528
2.0799660682678223,-16.316325640255727,7.304373675817657e-08,0.725468258229843,-2.171996824243971e-06,0.7254682582330944,-16.31199400677317,4.3094380154231436e-05,0.7123550452982588,0.0001469973365923974,0.7123550604650052
2.0900232791900635,-16.30902951677192,4.658670509193933e-08,0.725468253420998,-3.106523924182552e-06,0.7254682534276492,-16.304828505148304,4.4524846286458876e-05,0.712390512750686,0.0001374787743314984,0.7123905260161723
2.099961996078491,-16.301819340299293,1.0703203932053722e-08,0.7254682458812998,-4.131242423139828e-06,0.7254682458930626,-16.29774843040246,4.584530709781161e-05,0.7124406254493754,0.0001282714340904555,0.712440636996696
2.109962224960327,-16.294564383660198,-3.585136792439374e-08,0.7254682366439442,-5.128587399818963e-06,0.725468236662072,-16.290623103464373,4.708253777622542e-05,0.7125050422905448,0.00011918095697913135,0.712505052258264
2.119994878768921,-16.287286115637684,-9.080310284977263e-08,0.7254682285319112,-5.7623829160977285e-06,0.7254682285547964,-16.28347486846918,4.823302308283387e-05,0.7125823702250712,0.00011021337942955332,0.7125823787482886
2.129995346069336,-16.280030988675446,-1.5000250818930926e-07,0.7254682217254071,-6.013415483465469e-06,0.7254682217503298,-16.27634865441515,4.929099180570736e-05,0.7126705947910728,0.0001014007987500471,0.7126706020048696
2.1400060653686523,-16.27276854470245,-2.0987091621957805e-07,0.7254682161916715,-5.883984383767706e-06,0.7254682162155328,-16.269214806799095,5.0262239917712075e-05,0.712768474268543,9.268624827023364e-05,0.7127684802948621
2.149998188018799,-16.265519583605165,-2.664371658786236e-07,0.7254682119449241,-5.374944931710214e-06,0.7254682119648354,-16.262091221822608,5.114542621522305e-05,0.712874188805033,8.407910373589518e-05,0.7128741937633383
2.1600053310394287,-16.258259672326798,-3.160887586364012e-07,0.7254682089701817,-4.484780483499074e-06,0.725468208984044,-16.25496200496074,5.194352341397197e-05,0.7129864749025181,7.555778196969061e-05,0.7129864789060852
2.1699628829956055,-16.25103585021323,-3.5476764033955815e-07,0.7254682072800882,-3.221231519702925e-06,0.7254682072872397,-16.247858019708804,5.2654459771654716e-05,0.7131034540345441,6.716807928278827e-05,0.7131034571978655
2.1799604892730713,-16.24378284687704,-3.7905189416599647e-07,0.7254682068575501,-1.5734235342989676e-06,0.7254682068592564,-16.240727055842978,5.328447916183201e-05,0.713224784430578,5.8870472059376307e-05,0.7132247868601994
2.1899659633636475,-16.236524277746597,-3.8495923338702433e-07,0.7254682077131096,4.56005445993289e-07,0.7254682077132529,-16.233588430389887,5.3832730926732865e-05,0.7133491332742792,5.072332255157987e-05,0.7133491350776426
2.199962854385376,-16.229271861297086,-3.6868217449029845e-07,0.7254682098452305,2.8637329156241496e-06,0.7254682098508827,-16.226456555473348,5.429996287325992e-05,0.7134754128561204,4.279055726802428e-05,0.7134754141392983
2.209961414337158,-16.222018199190956,-3.264269616386775e-07,0.7254682132547915,5.6518293871175654e-06,0.7254682132768071,-16.21932225446301,5.4689213288302924e-05,0.7136031518820847,3.5120543391143784e-05,0.7136031527463274
2.2199606895446777,-16.214764073470153,-2.5438939481144154e-07,0.7254682179418763,8.820128563258088e-06,0.7254682179954932,-16.212185850027918,5.5003407499880073e-05,0.7137319172122065,2.7782170208015714e-05,0.7137319177529201
2.2299630641937256,-16.207507580493296,-1.4873086844599568e-07,0.7254682239084629,1.2369684341499963e-05,0.7254682240139183,-16.205048398752822,5.524619069887329e-05,0.7138614541407611,2.0852576873200213e-05,0.713861454445323
2.2399637699127197,-16.200252494133252,-5.697630342196077e-09,0.7254682311517017,1.6298726196305803e-05,0.7254682313347892,-16.19790657563642,5.542212058124948e-05,0.7139917609379123,1.4410157586886954e-05,0.713991761083329
2.249962568283081,-16.192998687425483,1.757981848327531e-07,0.7254682380808709,1.9769517551791266e-05,0.7254682383502374,-16.190766854766274,5.553636847030096e-05,0.7141228051605609,8.544593723299545e-06,0.7141228052116797
2.2599658966064453,-16.18574154930891,3.850186032382418e-07,0.725468242877254,2.1823824326438266e-05,0.7254682432055105,-16.18362689108972,5.5595179174725884e-05,0.7142548335199288,3.336190991910349e-06,0.7142548335277202
2.269961357116699,-16.178490069807378,6.075139919250993e-07,0.7254682455338692,2.2458694857715357e-05,0.7254682458815019,-16.176483416310106,5.5605496539518575e-05,0.7143881964006281,-1.1470582039200195e-06,0.7143881964015489
2.2799620628356934,-16.17123494045921,8.293810559045542e-07,0.7254682460550144,2.1675533287661526e-05,0.725468246378825,-16.16934438589667,5.557484378827029e-05,0.7145230844961183,-4.859985510257117e-06,0.7145230845126465
2.2899656295776367,-16.163977737002813,1.0363777163075047e-06,0.7254682444380469,1.9472830891952646e-05,0.7254682446993892,-16.162190289263037,5.5510776693148465e-05,0.7146602294071017,-7.812427447340353e-06,0.7146602294498031
2.299961805343628,-16.156725770728514,1.2141251962025098e-06,0.7254682406859938,1.58537345147124e-05,0.7254682408592205,-16.15504598559281,5.542096591933218e-05,0.7147995007494711,-1.0045553028963067e-05,0.7147995008200595
2.3099918365478516,-16.14944922056032,1.3489767882967626e-06,0.7254682347748689,1.0797681857248102e-05,0.7254682348552239,-16.147874827566476,5.53115654596816e-05,0.7149419316494399,-1.167400034481222e-05,0.7149419317447498
2.3199241161346436,-16.142243760544677,1.4255322165600266e-06,0.725468226802914,4.3847726701926484e-06,0.7254682268161649,-16.14077337222072,5.518955508044441e-05,0.7150858202413944,-1.2838951081592354e-05,0.7150858203566525
2.329963445663452,-16.134960454977165,1.4310716658265633e-06,0.7254682166023654,-3.519528394778659e-06,0.7254682166109027,-16.13359678407691,5.5055932625984416e-05,0.7152342895981069,-1.3770027353635457e-05,0.7152342897306604
2.339962959289551,-16.127706247327072,1.3505940267715934e-06,0.7254682043014817,-1.2813443498087405e-05,0.7254682044146392,-16.126440883643216,5.491363615730216e-05,0.7153854721862015,-1.470096315308293e-05,0.7153854723372518
2.349961519241333,-16.12045263034177,1.170111187285628e-06,0.7254681898650585,-2.352477703331732e-05,0.7254681902464777,-16.11928650630878,5.476092490880119e-05,0.7155397472621111,-1.591397682533508e-05,0.7155397474390787
2.359964370727539,-16.113195737297225,8.752801635951591e-07,0.7254681732842131,-3.566002671556263e-05,0.7254681741606385,-16.11212858301184,5.4593375272789817e-05,0.7156971235018315,-1.7710591204784477e-05,0.7156971237209641
2.3699629306793213,-16.105942233816453,4.5219041407088553e-07,0.7254681545742252,-4.920801288121829e-05,0.7254681562430982,-16.104971631214983,5.440372140812074e-05,0.7158573164600578,-2.0399155220784382e-05,0.7158573167507062
2.37996244430542,-16.0986879049506,-1.134532520475385e-07,0.7254681338784906,-6.406606868027713e-05,0.7254681367073269,-16.097812557563223,5.4181423841492524e-05,0.7160201346926623,-2.4287160172477742e-05,0.7160201351045685
2.3899660110473633,-16.091430569938524,-8.178868980358078e-07,0.7254681172616695,-7.588615736610013e-05,0.7254681212306301,-16.090650196111902,5.391295682861236e-05,0.7161852829804665,-2.9667434931228378e-05,0.716185283594942
2.3999619483947754,-16.084178779809257,-1.6134355743861407e-06,0.7254681078803714,-8.240537150254418e-05,0.7254681125605532,-16.083490825188807,5.358236945489307e-05,0.7163522431441354,-3.679075489255066e-05,0.7163522440888938
2.4100072383880615,-16.076891328627475,-2.4518228240979883e-06,0.7254681057263525,-8.362773933644451e-05,0.7254681105464119,-16.076292612153,5.31686172117832e-05,0.7165215968465426,-4.589044238912132e-05,0.7165215983160954
2.4199976921081543,-16.06964349596971,-3.271315414379512e-06,0.725468110815945,-7.95449701935579e-05,0.7254681151768549,-16.06913466530536,5.265686201569865e-05,0.716691059366522,-5.6901395715157666e-05,0.7166910616253537
2.4299967288970947,-16.062389566390962,-4.024213282382575e-06,0.7254681231311104,-7.016804788575102e-05,0.7254681265244745,-16.061966438143337,5.2024960236649785e-05,0.716861408387944,-6.975392659782726e-05,0.7168614117816337
2.440000057220459,-16.05513238583021,-4.657138338067793e-06,0.7254681426809804,-5.5490421703109314e-05,0.7254681448031872,-16.054796853548837,5.125671526423674e-05,0.717032042910306,-8.410412631651257e-05,0.7170320478427942
2.4499640464782715,-16.047903969850648,-5.115329050101073e-06,0.7254681693412325,-3.5604739622801244e-05,0.7254681702149424,-16.04764961429505,5.03430032537969e-05,0.7172020373924793,-9.937240779423415e-05,0.7172020442767845
2.45996356010437,-16.04064959486645,-5.349571781659672e-06,0.7254682033095136,-1.0363523117801493e-05,0.7254682033835366,-16.0404764140507,4.92712011183676e-05,0.7173722105248518,-0.00011495360382952399,0.7173722197350851
2.4699621200561523,-16.033395987777343,-5.304967543874532e-06,0.7254682444982633,2.0167771427042544e-05,0.725468244778592,-16.033303645565518,4.804622440909558e-05,0.7175416330774472,-0.0001299239969565487,0.7175416448400015
2.4799623489379883,-16.02614115637528,-4.928542711943252e-06,0.7254682929194746,5.599802781819254e-05,0.7254682950806849,-16.026130339974852,4.667892611638099e-05,0.7177100545141962,-0.00014329669835867417,0.7177100688193766
2.489964246749878,-16.01888506576528,-4.1671676289649725e-06,0.7254683485770885,9.713013552812011e-05,0.7254683550792765,-16.018952887283632,4.5189823470934505e-05,0.7178773173167773,-0.00015400811522262096,0.7178773338366609
2.4999611377716064,-16.01163258086592,-2.9686196320407926e-06,0.7254684114302814,0.00014353394706439278,0.7254684256293792,-16.011769716458154,4.3610632044651796e-05,0.7180432508274652,-0.00016095071803328722,0.718043268866165
2.509960651397705,-16.004378330237305,-1.2792530247321514e-06,0.7254684815228531,0.00019524181489841082,0.7254685077950942,-16.004589080723616,4.1986407107098786e-05,0.7182074996409685,-0.0001630222705805451,0.7182075181427667
2.5199615955352783,-15.997122919576459,9.514256153608008e-07,0.7254685561811727,0.0002502825891475939,0.7254685993542173,-15.997406035321498,4.0369998068636986e-05,0.7183700545194729,-0.0001591850927184694,0.7183700721565481
2.529961585998535,-15.98986821123241,3.6699178327589217e-06,0.725468610264348,0.000290121210772998,0.7254686682753441,-15.990222278441886,3.882568984049656e-05,0.7185307947594185,-0.00014849509866921853,0.7185308101037811
2.5399651527404785,-15.982610860324522,6.6891382149446035e-06,0.7254686375982599,0.0003102057980500325,0.7254687039192749,-15.983033207056913,3.742515816780846e-05,0.7186897774672987,-0.00013018009447699036,0.7186897892574043
2.5499625205993652,-15.975358240783573,9.808355995153483e-06,0.7254686381666946,0.0003105244800372195,0.7254687046240459,-15.975850335990952,3.624892039052559e-05,0.718846736980698,-0.00010387969388757084,0.7188467444864639
2.5599617958068848,-15.96810403477074,1.2832692588661521e-05,0.7254686119875444,0.00029109038181954065,0.7254686703867677,-15.968658465259159,3.5374455872595204e-05,0.7190020185013151,-6.96889979439129e-05,0.7190020218786048
2.569962501525879,-15.960848799713538,1.5564289995871394e-05,0.7254685590483496,0.00025189431011565203,0.7254686027792189,-15.961469713763432,3.4878372848948575e-05,0.7191553973269803,-2.848660183769254e-05,0.7191553978911743
2.5799672603607178,-15.953590722934074,1.7805842324414137e-05,0.7254684793144608,0.00019291065108620125,0.7254685049630725,-15.954273504569242,3.4823429338171015e-05,0.7193071583278394,1.824593167884136e-05,0.7193071585592524
2.5900015830993652,-15.94631110865576,1.9361740688249693e-05,0.7254683724454434,0.00011388773767079712,0.7254683813847832,-15.947054642546098,3.5256682384290874e-05,0.7194576933446548,6.837261063094306e-05,0.7194576965935003
2.5999956130981445,-15.939060658682703,2.0024273723796074e-05,0.7254682392278504,1.5407136239186704e-05,0.725468239391455,-15.939860912122827,3.619269502921987e-05,0.7196061114939649,0.0001186617615649095,0.719606121277521
2.60996675491333,-15.931827020720918,1.9606338904273953e-05,0.7254680796890318,-0.00010251112794272373,0.7254680869316188,-15.932685696529905,3.761439658316328e-05,0.7197526880729217,0.00016576268922734486,0.7197527071609149
2.6199631690979004,-15.924574895207776,1.7908587650180726e-05,0.7254678930411707,-0.0002404493398339633,0.7254679328884774,-15.925492731875867,3.9479790861774845e-05,0.7198983050754555,0.0002061280082799729,0.7198983345857035
2.62996244430542,-15.917320728051632,1.4732134538014913e-05,0.7254676795940703,-0.00039817848426135607,0.7254677888657153,-15.918291595623588,4.169990438704908e-05,0.7200429029352929,0.0002356494856653472,0.7200429414959665
2.639981269836426,-15.910052359236555,9.86845926780297e-06,0.7254674389000038,-0.000576029371612476,0.7254676675868937,-15.911077863863202,4.4147686729603185e-05,0.7201866884893232,0.0002502030274811452,0.7201867319513546
2.649965763092041,-15.902808918568589,3.150140600424536e-06,0.725467172314072,-0.0007730007311575218,0.7254675841383306,-15.903884490549547,4.664180905270335e-05,0.7203291012595883,0.0002457874141292225,0.7203291431928179
2.6599626541137695,-15.895556521856552,-5.609589634046624e-06,0.7254669024139315,-0.000972411366131227,0.7254675541207407,-15.896682587255384,4.898394569186882e-05,0.720470775080828,0.0002187029030892114,0.7204708082750674
2.66995906829834,-15.88830457286335,-1.6054800658997112e-05,0.7254667227616738,-0.0011051339051230487,0.7254675645096144,-15.889480290268853,5.092771612036887e-05,0.7206115681270797,0.0001656395618669079,0.7206115871640097
2.679964303970337,-15.88104600818637,-2.7469090233357587e-05,0.7254666427948804,-0.0011641954683916061,0.7254675769179234,-15.88227266242152,5.220072408484504e-05,0.7207515543090517,8.404591508913098e-05,0.7207515592092949
2.6899633407592773,-15.873792041817456,-3.9097750594939307e-05,0.7254666626787625,-0.001149474019732883,0.7254675733268741,-15.875064462358099,5.251033584696437e-05,0.7208905855827862,-2.7008511165319738e-05,0.7208905860887297
2.6999611854553223,-15.86653901350494,-5.0209262093461944e-05,0.7254667823091054,-0.0010610465524828483,0.7254675582365578,-15.867853135034728,5.156561213179374e-05,0.7210286253598215,-0.00016636080932850984,0.7210286445517908
2.7099623680114746,-15.85928348789131,-6.007135830758774e-05,0.7254670017746749,-0.0008988474614683492,0.7254675586066515,-15.860641713242327,4.910085229973567e-05,0.721165492332874,-0.0003301839471537783,0.721165567919847
2.719961643218994,-15.852029310403797,-6.794122473588717e-05,0.7254673209827418,-0.0006629452820944904,0.7254676238884293,-15.853429657774907,4.4901594205496604e-05,0.7213010245628001,-0.0005120327429791125,0.7213012063021073
2.729961395263672,-15.844774825980075,-7.308377069769202e-05,0.7254677399844766,-0.0003533021964457117,0.725467826013412,-15.8462165630454,3.883059755862883e-05,0.7214349988076278,-0.0007028962571166049,0.7214353412244996
2.73996901512146,-15.837514686920738,-7.476107851849486e-05,0.7254682592115471,3.0400790558393685e-05,0.7254682598485206,-15.838998531966348,3.084763309278401e-05,0.7215671936539271,-0.0008915794172305284,0.7215677444782722
2.749925136566162,-15.830291789913698,-7.225394162809111e-05,0.7254688749448773,0.0004854153590878698,0.7254690373419509,-15.83181240733554,2.1092711254505204e-05,0.7216966022116471,-0.0010641191550142782,0.7216973867164911
2.759962558746338,-15.823009869332527,-6.477010212005862e-05,0.7254695958399434,0.001018137711715366,0.725470310276424,-15.824568701470803,9.658508598482236e-06,0.7218244297888908,-0.0012080658611684462,0.7218254407148464
2.769961357116699,-15.81575609143931,-5.1629208243528165e-05,0.7254704139040524,0.001622661434543972,0.7254722286071661,-15.817349158651023,-2.959369702010639e-06,0.7219488047566497,-0.0013065047331931525,0.7219499869410436
2.7799739837646484,-15.808492215737921,-3.2043298154175046e-05,0.7254713330765137,0.0023018975669009136,0.7254749849913658,-15.810119830573141,-1.628936263242967e-05,0.7220699050267637,-0.0013447697608038394,0.7220711572629592
2.789963960647583,-15.80124481451512,-5.355758850980286e-06,0.7254723498627897,0.0030532637723967217,0.7254787749032372,-15.80291189242,-2.9597960717782036e-05,0.7221868480906113,-0.0013082582118099846,0.7221880330596737
2.7999227046966553,-15.794019945715013,2.984186483184436e-05,0.7254733021924653,0.00415100831059384,0.7254851777011262,-15.795714259453282,-4.209475992354146e-05,0.7222995424779342,-0.0011838835417180866,0.7223005126981936
2.8099632263183594,-15.786735843692373,8.072816469406269e-05,0.7254738954465555,0.006133848290891366,0.7254998256851999,-15.788463477870005,-5.292910928056035e-05,0.7224087528553391,-0.0009570575531345669,0.7224093868168979
2.819965124130249,-15.7794796632729,0.00015565343876724677,0.7254741131659184,0.008995721228459451,0.7255298835156936,-15.78123438495749,-6.089812167099825e-05,0.7225133666300857,-0.000614938417504864,0.7225136283201847
2.829967737197876,-15.772223007353439,0.00026363700720620454,0.7254739583194961,0.012742800397302936,0.7255858620189092,-15.774007301130881,-6.477291626802008e-05,0.7226140874817196,-0.00013420890880517318,0.722614099944825
2.839967966079712,-15.76496809235518,0.00041348605535699976,0.7254734310517151,0.017373712326875842,0.7256814349574919,-15.766782709899406,-6.30031940162532e-05,0.722711691173821,0.0005213790656631983,0.7227118792405827
2.849961280822754,-15.75771830705338,0.0006139069797036782,0.7254725321367295,0.02288504176178882,0.7258333968765261,-15.759557305650794,-5.359013352591583e-05,0.7228072609913192,0.0014053572102574858,0.7228086272110077
2.859959602355957,-15.750464781906363,0.000873968884186208,0.7254712605799273,0.02928328336422691,0.7260620225655783,-15.752329966181405,-3.3903610541048935e-05,0.7229019099048378,0.002589653678558328,0.722906548352024
2.869964122772217,-15.743206749481761,0.001202651322612945,0.7254696156092381,0.03657063021481924,0.7263907861244695,-15.745097857486547,-4.844877459029703e-07,0.7229966079379051,0.00416510602002484,0.7230086052031988
2.8799612522125244,-15.735954217012129,0.001608331592803997,0.725467599565774,0.044736862853267695,0.7268456678812073,-15.737869003093476,5.1049120132548534e-05,0.7230918007027598,0.006236465836768938,0.7231186940950239
2.889965295791626,-15.728696678357892,0.0021004417304410442,0.7254652095629437,0.053793732269427186,0.7274568962609954,-15.730637915967426,0.0001262881502026932,0.72318755508468,0.00892557814298562,0.7232426327136305
2.8999617099761963,-15.721444496900874,0.0026871162410923885,0.7254624490356671,0.06372825491709802,0.7282561743202777,-15.723409622321729,0.00023197924439534746,0.7232831331932643,0.012360982317432068,0.7233887507044309
2.909960985183716,-15.71419044274554,0.0033777162062426738,0.7254593154945352,0.07454971265705918,0.7292796981234633,-15.716174105722683,0.0003764604032655292,0.7233772938998114,0.0166853863770491,0.7235697004769932
2.9199626445770264,-15.706934764118245,0.004181141456018425,0.7254558087710788,0.08625839181676628,0.7305659728173184,-15.708935926803164,0.0005692692948864448,0.7234679469957768,0.02203719735714102,0.72380350123334
2.929960012435913,-15.699682034390145,0.005105699435895848,0.7254519328630666,0.09884670185431954,0.7321551593495985,-15.701703436517858,0.0008210690821950981,0.7235524443981861,0.028546589682609463,0.7241153551590365
2.9399635791778564,-15.692424985632426,0.0061612288368104225,0.7254486393658006,0.11233488240893545,0.7340945812111139,-15.694465068944611,0.001144561667698793,0.7236280535447672,0.036355675208729135,0.7245407476442378
2.9499599933624268,-15.685173042443008,0.0073552956282941446,0.7254467374845197,0.1267114624572678,0.7364297411464269,-15.687231189697455,0.001552829221834166,0.7236917494486711,0.045575280679087685,0.7251254060016487
2.9599597454071045,-15.677918801503283,0.008698016186358085,0.7254462244853634,0.14199057673030635,0.7392114369382236,-15.679994088759274,0.0020610099034614514,0.7237409396483219,0.05632495857076339,0.7259293689340817
2.969961643218994,-15.67066304256062,0.010198344123440225,0.7254471015238481,0.15817126412294585,0.7424901655265227,-15.672755873137325,0.0026847947383448526,0.7237735125276868,0.06869863221367273,0.7270265466299668
2.9799599647521973,-15.663409771419087,0.011864396174624564,0.7254493678303685,0.17524437715779267,0.7463158694620555,-15.665518429928113,0.0034406649495146773,0.7237882460617292,0.0827732976109473,0.7285058983525835
2.9899630546569824,-15.656153000830955,0.013706563567715227,0.7254530255490237,0.19322415565172446,0.750744741310623,-15.658278452639946,0.004346404706447141,0.7237850402008975,0.09862002990340003,0.7304729253824281
2.9999616146087646,-15.648899497689419,0.015732111700578342,0.7254580713076634,0.2120938286434606,0.7558261740467026,-15.651041510926593,0.0054192214426741735,0.7237650842609699,0.1162737361002449,0.7330453457338081
3.0100038051605225,-15.64161416615838,0.017960974112601308,0.7254645377003468,0.23194995225803278,0.7616426825049143,-15.643778257174759,0.006682852928082798,0.7237307699022818,0.1358476633366741,0.7363700258276297
3.01999568939209,-15.634365459221572,0.02038100640375648,0.7254723625396944,0.2526050049104855,0.7681923179222455,-15.6365420699745,0.00814641229283691,0.7236862564918867,0.1572125587352844,0.7405657205537778
3.0300004482269287,-15.627107254770984,0.023015455836775008,0.7254815877485729,0.27418529879722275,0.7755650277305653,-15.62930338326338,0.009833667717063043,0.7236365108498537,0.18045084700948982,0.7457964253208732
3.0399677753448486,-15.619876077218485,0.025859216875311154,0.725492161803285,0.2965789129438227,0.7837716047682153,-15.622091752618257,0.011754988460011247,0.7235878033871723,0.20544916529695204,0.7521892506091054
3.0499606132507324,-15.61262626889662,0.028938795056840376,0.7255041489778467,0.31992560172037354,0.7929115088206329,-15.614859213099948,0.013941529192863511,0.7235465239803452,0.23235587168215696,0.7599400130728842
3.0599663257598877,-15.605367039974741,0.032260563866013114,0.7255175420022734,0.3442008173692861,0.8030254705989749,-15.607620439933678,0.016408510838663553,0.7235197861500664,0.261101551295925,0.7691910692667826
3.069960594177246,-15.598115997937578,0.035825429236673784,0.7255320869151272,0.3692852674883804,0.8141059009289789,-15.600391772905109,0.019167977090742676,0.7235144204713128,0.29158937326445555,0.7800624841836054
3.0799620151519775,-15.590859599691692,0.039643048541069335,0.7255432566714727,0.3939819103946094,0.8256117507761336,-15.593153684094354,0.02224501537978172,0.7235365106437328,0.3238565960005886,0.7927093900084677
3.089965581893921,-15.583601412813337,0.04370415924868272,0.7255492389858629,0.417786120960652,0.837237684926039,-15.585914903728222,0.025653341089511197,0.7235906988050971,0.35776680757030255,0.8072054187109342
3.0999627113342285,-15.576347975603863,0.0479960025204125,0.7255500318158287,0.440677197961137,0.8488929505366558,-15.578680170995371,0.02940585862523218,0.7236795193735669,0.3931351452243987,0.8235698447438237
3.1099607944488525,-15.569094012946444,0.052512553529440224,0.7255456402901844,0.4626727396635205,0.8605129517746037,-15.571444200002441,0.03351867400668186,0.723803883745535,0.4297854341872006,0.8417883234902943
3.119960308074951,-15.561838973765719,0.05724529275580141,0.7255360622322444,0.483774260739813,0.8720321742652756,-15.564206184125451,0.03800373170690785,0.7239635645635183,0.46747506061888494,0.8617750142097098
3.12996244430542,-15.55458206255803,0.06218593365855104,0.7255212931560178,0.5039836432210532,0.8833915663267032,-15.556963680978132,0.04287154747334072,0.7241577044675537,0.5059235713577448,0.8833815942134474
3.139967918395996,-15.547323038245167,0.06732587164128744,0.7255013278735776,0.5233009087668093,0.8945367616048503,-15.549719649768715,0.048125857577851934,0.7243846937448893,0.5447795342060355,0.9063762604027216
3.149961233139038,-15.540072872109622,0.07264814495436378,0.7254762032240655,0.541698176427022,0.9054019194748631,-15.542476094373315,0.05376697267448918,0.7246421396527049,0.5836631146716713,0.9304670128428448
3.1599621772766113,-15.532817663245485,0.07815389222127564,0.7254458744086499,0.5592114656904632,0.9159635255053592,-15.535236204715495,0.0597899187346938,0.7249266263469658,0.6221678449034502,0.9553069877367155
3.1699624061584473,-15.5255632159792,0.0838299541286763,0.7254103602325329,0.575825984442399,0.9261726378444524,-15.527977564613714,0.0662086106094784,0.7252348779897565,0.6600128907031033,0.9806032042304795
3.1799962520599365,-15.518284751266842,0.08968757432561436,0.7253695133906992,0.5915941522565022,0.9360259461899276,-15.520699980531463,0.07301603658694085,0.7255620618155468,0.6967975704582824,1.0059657845784777
3.1899683475494385,-15.511051438803747,0.09566149060876232,0.7253237435829246,0.6063700004270292,0.9453989160259406,-15.51346209183046,0.08014146874812073,0.725900192753063,0.731857819822416,1.0307991842614903
3.1999971866607666,-15.503777605920236,0.10181337130008757,0.7252725123607913,0.6203293321596758,0.9543734580989789,-15.506182667322346,0.0876480276482515,0.7262480720778446,0.7652360748653011,1.054998821076137
3.2099602222442627,-15.496551979223769,0.10805908969384934,0.7252192254520129,0.6333043967171227,0.9628174197979886,-15.498942613986197,0.09543127029500668,0.7265976009713544,0.7962567161944314,1.0779465811542177
3.2200000286102295,-15.489271161753301,0.11447921457473743,0.725181610012529,0.6454872597684169,0.9708461103716198,-15.49165038539043,0.10356734902459377,0.7269499779330313,0.8250377860278342,1.0996106669137695
3.2300002574920654,-15.48201929695271,0.12099119598428204,0.7251635391488349,0.6567333039895891,0.9783459465240022,-15.484376920848934,0.11195276008460502,0.7272996048020953,0.8510740501450034,1.119505137985308
3.239999294281006,-15.474768292723265,0.12761049026852128,0.7251648252737762,0.6670912014858581,0.985329739180845,-15.477100487319335,0.12058402483214489,0.727646172954271,0.8742930318966622,1.1374784651315624
3.2499823570251465,-15.46752891527306,0.13431797119255875,0.7251854163713781,0.6765475915707002,0.9917714110508752,-15.469834540599665,0.1294156861793139,0.7279871067159532,0.894520771059695,1.1533137636401882
3.2600038051605225,-15.460261287959028,0.14114184534494464,0.7252254902224842,0.6851513343073201,0.9976895121086238,-15.46253739332363,0.1384692632687681,0.7283226316363706,0.9118148204219236,1.1669876273957633
3.2699966430664062,-15.453013933067304,0.14802763533235688,0.7252848069416833,0.6928434402859456,1.0030304501497946,-15.455257739953815,0.14765469726448535,0.7286488343001023,0.9261045510122954,1.1783882056150186
3.2799980640411377,-15.445759628240374,0.1549919043989917,0.7253635296345048,0.6996552620887864,1.007804413511052,-15.447968585553435,0.15697666706272234,0.7289637810118667,0.937546223929235,1.1875946766599639
3.2899997234344482,-15.438504331145712,0.16201996973667832,0.72546161702849,0.7055798547039811,1.0119967831696317,-15.440676706584245,0.16639887905486525,0.7292622217856574,0.9462670280093991,1.1946734601645315
3.299968957901001,-15.431271534593016,0.16907976131534008,0.7255786551338244,0.7106021804812099,1.0155884223889418,-15.433405509181645,0.17586466052283836,0.7295366973835593,0.952431479388086,1.1997289342841946
3.309999465942383,-15.423992835172983,0.17622919283578273,0.7257158318629865,0.7147657384821458,1.0186037156443686,-15.426085823098996,0.18544033311802177,0.7297818071317873,0.9562928102581544,1.2029453125441636
3.3199970722198486,-15.41673675960695,0.18339207418593148,0.7258719341904414,0.718027449122585,1.0210061128802603,-15.418788510219793,0.19501157564460272,0.7299868719274258,0.9580360747304302,1.2044558745223
3.329996347427368,-15.409477610183641,0.19058453799846442,0.7260474201279301,0.7204029413537107,1.0228026467434963,-15.41148870430144,0.20459161214005406,0.7301452722624086,0.9579160281469831,1.204456406678149
3.3400070667266846,-15.402208446271466,0.19780443494537273,0.726242491004998,0.7218926663069172,1.0239908092404222,-15.404178602121402,0.21417387467277255,0.730251452773939,0.9561690563605196,1.2031319331726738
3.3499960899353027,-15.394952998400635,0.20501962655313416,0.7264343648787943,0.7226917012630915,1.0246902856724067,-15.396884420164636,0.2237096833765579,0.730302465422355,0.9530359812412557,1.2006745073259668
3.35998797416687,-15.387693917916746,0.21224416669832138,0.7265584143919712,0.7233886649209237,1.0252698620655207,-15.389586665203245,0.23321249735910704,0.7302995642234701,0.9487270450203826,1.1972553860635153
3.3699965476989746,-15.380421749045798,0.21948751548174059,0.7266103660786346,0.7240223786813773,1.0257538832119366,-15.382278257036853,0.24268132459276917,0.7302472306181312,0.9434310920542089,1.1930311158054712
3.3799664974212646,-15.373177526134873,0.22670885776926405,0.7265901687714411,0.7245895406015903,1.0261399883566251,-15.374998147299065,0.2520576486909802,0.7301533486675903,0.9373567710498397,1.188175756697416
3.3899991512298584,-15.365888274094512,0.23398103608331516,0.7264973560401776,0.7250956882514688,1.0264317636619786,-15.367675462712453,0.2614257308767026,0.7300259123765829,0.9306012817995846,1.1827749483432137
3.3999950885772705,-15.358626958395405,0.24123135620928796,0.7263325651809516,0.7255355537382459,1.0266259469644259,-15.3603760211428,0.2706958250895005,0.7298754932438356,0.9233658291333084,1.176997319473997
3.4099602699279785,-15.351390018117176,0.2484633901216546,0.7260964304969961,0.7259100468978439,1.026723634951348,-15.353104018634424,0.27985919037167595,0.7297112456602326,0.9157845138542148,1.1709567788173092
3.419996976852417,-15.344103867779356,0.25575078917539773,0.7257860855443232,0.726222620517041,1.0267252487985234,-15.345780961828499,0.28901116624697065,0.7295386919580041,0.9078833493583254,1.1646797324182674
3.4299962520599365,-15.336848551755363,0.26301360561019804,0.725404541718627,0.7264695457446328,1.0266302888773662,-15.338487357769548,0.2980487724539226,0.7293647843071511,0.8998429010263223,1.158313530575761
3.4400038719177246,-15.329591102666923,0.2702848933814664,0.7249503428047152,0.7266522491723554,1.0264387418447907,-15.331191778140115,0.3070100133892544,0.7291910369418043,0.891709046342385,1.1518960854543736
3.4500010013580322,-15.32234626104005,0.27754996218518047,0.7244243870542451,0.726770396468656,1.0261510131272717,-15.323906561544232,0.3158792785938105,0.7290168632030168,0.8835611496043619,1.145489367879313
3.459967613220215,-15.315129138968132,0.28479369845140723,0.7238281672543597,0.7268241494359635,1.0257682778844925,-15.31663578993265,0.32465201711438324,0.7288382791808856,0.8754559663257161,1.1391349288713115
3.4700067043304443,-15.307865832161049,0.29209040180758267,0.7231550595202714,0.7268136582164514,1.0252859766327382,-15.309323652991058,0.3333955800261771,0.7286466096865567,0.8673718517645753,1.1328105803889816
3.480010509490967,-15.300635186195084,0.2993609832879428,0.7224118967101059,0.7267386760757892,1.0247087643875619,-15.302038193882622,0.3420294563204444,0.7284335347750368,0.8594133130640415,1.126590723047446
3.4899961948394775,-15.293426384946915,0.30661765850510464,0.7212649733840044,0.7266965216860287,1.0238705955643035,-15.294758309317118,0.3505804887207551,0.7281861451814606,0.8515760113561597,1.1204627459900223
3.499976634979248,-15.286237162209563,0.31387090983374627,0.7192495881740616,0.7268222804363861,1.0225412448538718,-15.287490746721446,0.35904268515518234,0.7278902034383381,0.8438779587850639,1.11442996979835
3.50996732711792,-15.279065151972866,0.3211336204502741,0.7163588903333401,0.727117173119672,1.0207200611358422,-15.280223708234413,0.36743186684318513,0.727525322247368,0.83631185373328,1.1084721968574276
3.5199460983276367,-15.271934820230697,0.32839151023390367,0.7125994583919396,0.727580508105083,1.0184161152863482,-15.272963615387663,0.3757429519705297,0.7270606853324344,0.828886789463906,1.1025745099102604
3.5299649238586426,-15.264817930165847,0.33568410006392535,0.7079479926977602,0.72821541815145,1.0156220042901192,-15.265684599023416,0.3840080116036363,0.7264469974779513,0.821579205384664,1.0966848366168043
3.5399727821350098,-15.257759775834975,0.34297587853269695,0.7024244152585275,0.7290194022340922,1.0123583100785203,-15.25842015261483,0.39219230083657763,0.7256213020653424,0.814427168438537,1.090787736776416
3.5499980449676514,-15.250749301167868,0.3502891241990747,0.696012328389516,0.7299948863378254,1.0086256467835675,-15.25114674149419,0.4003265546700001,0.724495665801522,0.8074151611164698,1.0848102194236213
3.559995651245117,-15.243826328140727,0.3575930345140592,0.6887415416046707,0.7311372805779921,1.0044534007025712,-15.243910350369083,0.40836498018174705,0.7229757210191085,0.800598258624947,1.0787267795398412
3.569962978363037,-15.237001140640404,0.3648869148692965,0.6806219134735405,0.7324447599303707,0.9998607480293653,-15.23671469194609,0.4163107990579879,0.7209494335305292,0.7939931927765117,1.0724706410356555
3.5799977779388428,-15.230215971999762,0.3722441114363911,0.6715689137707571,0.7339310936584269,0.9948163932012224,-15.22949327116773,0.4242455544598506,0.7182637518704605,0.7875585975745867,1.065904011562336
3.5900027751922607,-15.223545835074667,0.37959510545556274,0.6616653470419308,0.7355828313547719,0.9893852299584937,-15.222322664175346,0.43209504300024393,0.7148045969968848,0.7813848050672648,1.0590126654001293
3.599994659423828,-15.216987602571328,0.3869539142022624,0.6509001057668234,0.7374016749384192,0.9835813021246632,-15.2152015034039,0.43987280514349336,0.7104319756537361,0.7754922614991221,1.0517137631866826
3.6100025177001953,-15.210531029839336,0.3943436221692884,0.6392415042448972,0.7393929878954796,0.9774107075831959,-15.208118118824494,0.4476052858956435,0.7049920767555354,0.7698952689459246,1.0439121387518207
3.61999773979187,-15.204203532655026,0.40174463204869937,0.6267239852610331,0.7415550012547033,0.9709205804736732,-15.201104080079904,0.4552735271930279,0.6983652420973083,0.7646422536575258,1.035563512030089
3.629997491836548,-15.198002310538648,0.40917266472112046,0.613423357789589,0.7441875272369847,0.9644186288002488,-15.19415863153485,0.46289563857595994,0.6904127176077078,0.759754635632508,1.0265947725366351
3.640001058578491,-15.191935378787182,0.41663316255442995,0.5994000410531688,0.7474760640550069,0.9581236222689142,-15.18729903318092,0.4704717026002478,0.681022010180907,0.7552656189911527,1.0169646668301375
3.650002956390381,-15.186013410030924,0.42412843546291207,0.5846618102179044,0.7514189324604086,0.9520818475253149,-15.180543269428298,0.4780024066563751,0.6700990210759775,0.7512079131453897,1.006650896199489
3.6600160598754883,-15.180235978690124,0.4316749984348004,0.5691881784344298,0.7560222721243912,0.946332319229155,-15.173894921144756,0.4855060093900085,0.6575405367220648,0.7476090610665798,0.9956298838532289
3.66998553276062,-15.174641230308234,0.4392377074621499,0.5530676190601025,0.7612576251598979,0.9409553459739194,-15.167409041705236,0.49294316688752315,0.643371316245562,0.7445272879924448,0.983995697720743
3.679999351501465,-15.169187011475064,0.4468898156887158,0.5361578905699155,0.7671712251155429,0.935957783377896,-15.161043479539515,0.5003871392675467,0.6274232488344712,0.7419817722146768,0.971697938392809
3.6899759769439697,-15.16392499778432,0.4545756693081221,0.5185957520373503,0.7737156747419051,0.9314384034237081,-15.15486852458978,0.5077815300892328,0.6098159831276034,0.7400473528651157,0.958929412292975
3.700005292892456,-15.158815300352495,0.4623713609401985,0.5002209938366818,0.7809515890098955,0.9274192293952279,-15.148872217831286,0.5151668858988149,0.5904825076774309,0.7387732114225655,0.94575654890074
3.710000991821289,-15.153909786347011,0.47021624258263084,0.48119042371496895,0.7888182814254602,0.9240013555109148,-15.143052887766181,0.522575131235451,0.5693706856871379,0.7382271553180441,0.9322887484941632
3.7199621200561523,-15.149213998275505,0.47811551653669054,0.46151267246574434,0.7973085148049079,0.9212463376463874,-15.13749177399868,0.5299301206004111,0.5467725572037737,0.7384812997978999,0.9188660726473417
3.729997396469116,-15.14468509816479,0.486162335940924,0.44096900152322077,0.8065187152769843,0.9191986174904875,-15.13212364363626,0.537348965038889,0.5224060687094005,0.7396155034561639,0.9055049384609262
3.739966630935669,-15.140393633454456,0.4942511146500897,0.4198450173943952,0.8163212481290012,0.9179598132695083,-15.127042556418072,0.5447317294093438,0.49669633470164787,0.7416854933820104,0.8926391320121292
3.7499618530273438,-15.136306094654675,0.5024620916045253,0.3979510591977024,0.8268021846918453,0.917587542487245,-15.12221266410615,0.5521598710045933,0.46947200244524767,0.7447786840806209,0.8803972111159893
3.7599620819091797,-15.13243876700474,0.5107856584635266,0.3754734606120983,0.837960559136839,0.9182364718812626,-15.117659742002237,0.5596278902134983,0.44085861734535364,0.7489617672994326,0.8690800017052207
3.7699620723724365,-15.128791632451355,0.519224680513144,0.3542577799220547,0.8500075186671059,0.920875320782305,-15.113399697291825,0.5671430452844223,0.410961788394437,0.7542934676062705,0.8589809234167228
3.779961585998535,-15.125347798322672,0.5277883910922035,0.33485744897519276,0.8630082776254089,0.925695845504423,-15.109444569631584,0.5747171867435271,0.37993308591339314,0.7608152303089197,0.8504051766315209
3.7899627685546875,-15.12208824364817,0.5364886470553276,0.31726767305142034,0.8769664987100277,0.9325926314437554,-15.10580437099785,0.5823629459620077,0.34797802569789915,0.7685542587591041,0.8436612797950157
3.799962282180786,-15.118996126027218,0.5453315340120642,0.3014954698941375,0.891876636752324,0.9414581528412846,-15.102487357265561,0.590092278183358,0.31534067257748905,0.7775370446203211,0.8390492211655561
3.8099608421325684,-15.116052890075874,0.554327533327627,0.2875383021661922,0.9077399747697847,0.9521922794308227,-15.099499060154336,0.5979174490295682,0.2823121867808419,0.7877967152547604,0.8368535328067696
3.819960355758667,-15.11323987639976,0.5634877957106724,0.2753937160848581,0.9245593577694785,0.9647029101739758,-15.096841521736227,0.6058520110282706,0.2492309308036438,0.7993778141373584,0.8373296522901073
3.829965114593506,-15.110537829713618,0.572826006211508,0.26505813862507777,0.9423429838806321,0.9789106783156695,-15.09451249945769,0.6139128587006882,0.21647120541520118,0.8123408711866613,0.8406886901667073
3.8399651050567627,-15.107931353187173,0.5823422413046028,0.25654218423134323,0.961072851380109,0.9947235384518059,-15.092508538710508,0.622106993949904,0.1844867135413817,0.8267385504193034,0.8470725932425809
3.8499608039855957,-15.105402016381648,0.5920464203848996,0.24984282211585138,0.9807488950061076,1.0120720482349634,-15.090819302893863,0.6304494884699333,0.1537226413710705,0.8426415486653912,0.8565485567131076
3.859964609146118,-15.102928639225102,0.6019599993757141,0.24495292398784996,1.0013955723721317,1.0309195057504281,-15.089428772730288,0.6389651188132554,0.12460304944253928,0.8601452794724954,0.869123594047013
3.8699605464935303,-15.100496947830294,0.6120770770755266,0.24188019244844844,1.02298074570784,1.051187725188925,-15.088320154228057,0.6476562323125912,0.0976248627587939,0.8793004231112737,0.8847032541549388
3.8799610137939453,-15.098085852764953,0.6224192889991156,0.24062004071373416,1.0455299640011466,1.0728610858901155,-15.087468412558822,0.6565524497456627,0.07318038040292434,0.9002151729776255,0.9031847683254258
3.889965772628784,-15.095677262722775,0.6329963203989704,0.24117484166513584,1.0690441277610465,1.0959108774679536,-15.086846401523857,0.6656722318049245,0.051675950237125415,0.9229725535473977,0.9244180539316148
3.8999617099761963,-15.093256030572126,0.6438030578100596,0.2436192241086658,1.0930885807009045,1.1199075727996604,-15.086423540261917,0.6750200285097253,0.03350632469536705,0.9476068312908216,0.9481990194593237
3.9099605083465576,-15.090798499375696,0.65484733635958,0.24832631231844973,1.11573183260756,1.1430325803245962,-15.0861644756017,0.6846134737797193,0.01900889559007604,0.9741037385053631,0.9742891929410278
3.9199600219726562,-15.08828216190716,0.6661104984570451,0.25534563636025626,1.1367080736573998,1.165035037553009,-15.086030583620465,0.6945072248785802,0.008415000746957363,1.0024917924611927,1.0025271099524573
3.9299659729003906,-15.08568244767816,0.6775821767225658,0.2646833870490832,1.1560269693699958,1.1859408287476032,-15.085982274798079,0.7046872099838015,0.0019354242495089494,1.0325564766197404,1.032558290498119
3.9399776458740234,-15.08297605967918,0.6892458541052737,0.2763436597033316,1.173685217522477,1.205778921730271,-15.085977912550298,0.7151796951184441,-0.00036433845078052166,1.0641207958068684,1.064120858178783
3.9499599933624268,-15.080149873434102,0.7010429369625584,0.2902770539054835,1.1896261674331092,1.2245289650578441,-15.085975683535562,0.7259648507333795,0.001500174920444491,1.0967864717494673,1.0967874977120393
3.9599623680114746,-15.077166990335215,0.7130148420001963,0.3065491720711703,1.2039310205543947,1.2423454822031859,-15.085934197030952,0.7371042337516248,0.007469065264746567,1.1303278448256209,1.1303525218815862
3.969961166381836,-15.074010868172621,0.7251174077099045,0.3251278964158917,1.2165623394001228,1.2592585416325444,-15.08581300434553,0.7485757345739581,0.0174272297353765,1.1642123471925705,1.1643427749987905
3.9799611568450928,-15.070657083794426,0.7373391297366605,0.3460204355189314,1.2275261770986416,1.2753629511864912,-15.085572763581528,0.7603869674430735,0.0312562512024698,1.1979714667423635,1.1983791505062502
3.9899637699127197,-15.06708178642127,0.7496655922649791,0.369231878217023,1.2368235772019525,1.2907613028807088,-15.085175227844566,0.7725358388191241,0.048852465030226985,1.2311097679605087,1.2320786598701023
3.9999616146087646,-15.063264720001683,0.7620704670433459,0.3947433577629099,1.2444478482772618,1.3055545816165035,-15.084583484716335,0.785005346558463,0.07013645171525043,1.2631144416151696,1.265060162393871
4.009960651397705,-15.059180472089789,0.7745449240947886,0.42256985346156845,1.2504047607381867,1.3198777771942574,-15.083761968600093,0.7977709413668886,0.09500663681184301,1.2934174103427762,1.296902023445145
4.01996111869812,-15.054805732635273,0.7870725312928155,0.45271287229089296,1.254693698293262,1.333868517236498,-15.082671021208617,0.8108663803503647,0.12343182663743425,1.3215637219172893,1.32731536829607
4.029963970184326,-15.05011689890967,0.7996374936079785,0.4851758230749943,1.2573140158162903,1.3476773032386444,-15.081280449154589,0.8242157070717254,0.15512191877783735,1.3469414161548083,1.3558443820138204
4.039965391159058,-15.045094238999464,0.8122167299433806,0.5192589003887325,1.2575248090777689,1.3605140392803725,-15.079558170583837,0.8377972470424186,0.18986970621132335,1.3691453735543657,1.382248009317466
4.049960374832153,-15.039733745005044,0.8247697618232432,0.5533750271831548,1.2536444737084744,1.370346082991357,-15.077474707931138,0.851580739555045,0.22739214221913354,1.3878008655976164,1.4063066624660854
4.059966802597046,-15.034025627164727,0.8372773696165988,0.5875240056474252,1.24559753145637,1.377206472386112,-15.075001070700322,0.8655452203923241,0.26737805448970925,1.4025994483077835,1.427857218497704
4.0699622631073,-15.027982569085234,0.8496702546387012,0.6216301511494896,1.2334015029294818,1.3811963337074284,-15.072120474181348,0.8796204828962806,0.3093707374779653,1.413271211503717,1.4467362477220387
4.0799620151519775,-15.021595910108214,0.8619255177520232,0.6557446108367537,1.2170422720577614,1.3824589999768397,-15.06880936048097,0.8937891557656741,0.35309090267526944,1.419663149407291,1.4629137511613817
4.089970827102661,-15.014861760025816,0.8740074784151328,0.6898847992032757,1.1965031147163394,1.381144720765223,-15.065051595231619,0.9080076803108516,0.39822114245331497,1.421625599232911,1.4763466471974516
4.099960565567017,-15.007799909588371,0.8858403902495391,0.7239532938916344,1.1718489139476351,1.377439018198918,-15.060842142982795,0.9222053075700579,0.4444039665905438,1.4190137591845577,1.4869750953787018
4.109960079193115,-15.000390173220676,0.8974177205553022,0.7580500616787555,1.143013134976914,1.3715388885266497,-15.056163363632196,0.9363623579573415,0.49149685628666956,1.411637584750324,1.4947541036636784
4.119963884353638,-14.992636186909575,0.9086905688569108,0.7921552859374058,1.1100036677971028,1.3636781656833823,-15.051010744358841,0.9504213222323239,0.5390460960143073,1.3993099046281725,1.4995462323045499
4.129964113235474,-14.984543974209148,0.9196085764337136,0.8262425821171464,1.0728456400001223,1.3541324055537853,-15.045383278619527,0.9643290790536136,0.5866654635837815,1.38189092277545,1.5012657621524437
4.13996696472168,-14.976108658843037,0.9301368930120625,0.8603329380133913,1.0315167524891056,1.34320496384447,-15.039273110030416,0.9780503857008798,0.6343360968245477,1.3592066126893887,1.4999416321021175
4.1499669551849365,-14.967335061241153,0.9402280210542909,0.8944071904926545,0.9860404830096539,1.3312550681739674,-15.03269242910879,0.9915057801992261,0.681897352039431,1.331199752616873,1.495686056659489
4.160003423690796,-14.958186646568636,0.9498779898048324,0.9286007260684236,0.9362150336898131,1.318634861423594,-15.025608382039792,1.0047040001922856,0.7295135120064762,1.2976529818791778,1.4886548376235322
4.170004844665527,-14.94872909710782,0.9589756738423687,0.9626679993846513,0.8823973314186162,1.3058923108487706,-15.018076941470104,1.0174906358331182,0.7767689515814601,1.2588153855659658,1.479184295170332
4.180002689361572,-14.93893793146559,0.967519188629683,0.9955708562864652,0.826740261750791,1.2940868557738818,-15.010078875812132,1.0298549563771076,0.8237663827085585,1.2146313447509993,1.467624051633239
4.190011262893677,-14.928818846501043,0.9755169399133143,1.0261595754466044,0.771559495149264,1.2838642953348858,-15.001595659753763,1.0417746248339501,0.870424072280169,1.16522200182176,1.4544347283856718
4.199961185455322,-14.918466873766198,0.9829232707690037,1.0542408135701558,0.7172303793860206,1.2750855305081612,-14.992708996444215,1.0531035746774917,0.9160591017780292,1.1114977964646824,1.4403442746427724
4.209960460662842,-14.907793917063858,0.9898242809827895,1.0801212240959241,0.6631651102214435,1.267458015934846,-14.983321034952274,1.0639307527177415,0.961274001485272,1.0529677971166103,1.4257590566768683
4.219965696334839,-14.89686732865191,0.9961909788428526,1.1036695325883246,0.6096018601991882,1.2608334010177717,-14.973479990422213,1.0741546564093742,1.005858321151795,0.990221609490245,1.4114849620636272
4.229964017868042,-14.885724467989343,1.0020206853778546,1.124856125533389,0.556608556194385,1.2550356122352806,-14.963203725997031,1.083727731400991,1.0495470623926015,0.9241942496707458,1.398457738832823
4.2399632930755615,-14.874380695846291,1.0073235620510843,1.1436989053154247,0.5041452546631592,1.2498838441307587,-14.95249488207936,1.0926279402162986,1.0922814938545606,0.8556846986605832,1.387542851712697
4.249914646148682,-14.862915593584361,1.012082935544884,1.160123151123446,0.452462219993257,1.2452340287246493,-14.94141725480377,1.100797610557278,1.1338251359579128,0.7858129918847442,1.379514949953364
4.2599616050720215,-14.85118642448964,1.0163689327616021,1.174348456222054,0.4008193346897964,1.2408668081999343,-14.929819126761657,1.1083334051663594,1.1747041880592917,0.714283208853992,1.3748201452898468
4.269959926605225,-14.83938415855216,1.0201216971474492,1.1861539847250615,0.3499624095689316,1.236703264162602,-14.917875534484644,1.1151174519364453,1.2142204132877734,0.6427444096943994,1.3738455474463398
4.279963731765747,-14.827468712841647,1.0233703760646404,1.1956193729736686,0.29961034942632836,1.2325875411155651,-14.905536566433529,1.1211897568303657,1.2524221455141646,0.5713479047062763,1.3765898658593108
4.289963960647583,-14.815474537053971,1.0261171351535412,1.202735079448075,0.24980990113503193,1.2284041102341123,-14.892828194825672,1.126548663192637,1.289038925613575,0.5005982785788051,1.3828304264308993
4.299960374832153,-14.803425748473906,1.0283677405608325,1.207503398831685,0.20056286473933513,1.2240465354317702,-14.879766367366871,1.1312037208713381,1.3237615359228676,0.430882307160568,1.3921221809212305
4.309962034225464,-14.791334682864575,1.030129555832353,1.209939855784379,0.15188769076984118,1.2194360685263164,-14.866362326578153,1.135169670846257,1.3562747134783117,0.3624308992134344,1.403865112867093
4.319964408874512,-14.779228658784508,1.0314156041215716,1.2104161709290444,0.10587314011177844,1.2150376243736891,-14.852643744454816,1.1384585808218841,1.3862227830042786,0.295430930905176,1.417354239086202
4.329963207244873,-14.76713077864977,1.0322594904740647,1.2091133821511004,0.06353099202577313,1.2107813005843175,-14.838646059145505,1.1410844386249974,1.4132025469543676,0.23011201356442926,1.4318145751126394
4.339968204498291,-14.755047719904034,1.0326984261022187,1.2060296046732044,0.024823702672814217,1.2062850507084113,-14.824385614014098,1.1430674092118556,1.4368541656715854,0.1666197045720347,1.4464826370750048
4.349961757659912,-14.743017800556302,1.032768527846875,1.2011714871265826,-0.010185750021076224,1.2012146731493827,-14.80992335464557,1.1444241209748214,1.4568166447696032,0.10523930793019899,1.4606129016311582
4.359961748123169,-14.731037878978952,1.0325067487100918,1.1945319030503523,-0.04156087450228482,1.1952546898860055,-14.795271798223208,1.145178483859349,1.4728815549971312,0.046016306787331006,1.4736002088562261
4.369961500167847,-14.719133584587965,1.031949526218527,1.1861135875705915,-0.06927800483283082,1.1881350447542556,-14.780492328521728,1.1453523736442106,1.4848666737207452,-0.010831636395863712,1.4849061798893297
4.379962921142578,-14.70732025263288,1.0311332590757925,1.175914386121194,-0.09334207687137014,1.179613236108109,-14.765587543882294,1.144967434983228,1.4927807874091772,-0.06580945487022745,1.4942306929012934
4.389963865280151,-14.695618510801244,1.0300946777468432,1.1639364074607488,-0.1137466918259802,1.169481197161369,-14.75063452544636,1.1440419977895342,1.4965416778306384,-0.118871618365501,1.5012552931253818
4.399962425231934,-14.684047945423172,1.0288706063699666,1.150182273560049,-0.13049014399202613,1.1575607716620424,-14.73566984506437,1.1425981006918553,1.496095401867809,-0.16950925277508744,1.5056675722968764
4.409964561462402,-14.672619836264992,1.0274969007477077,1.134643854591916,-0.14358117274660478,1.1436923668235666,-14.72072508487518,1.1406606988868342,1.491527062217879,-0.21739266266542726,1.5072864847496845
4.420009613037109,-14.661308149196264,1.02600399453822,1.117247583919439,-0.15304584855479425,1.1276813359871132,-14.7057827401825,1.1382479525693696,1.4829753629640785,-0.2624073377716893,1.5060124627886935
4.429922342300415,-14.650325642190097,1.0244555768556842,1.0983208883402558,-0.15876807334712253,1.10973693949462,-14.691139017623799,1.1354404745110052,1.4708952814901293,-0.30356514249421596,1.501893712899638
4.4400036334991455,-14.63935778365766,1.0228411253235212,1.077279417687621,-0.16090173637378805,1.0892292286481666,-14.676388802489424,1.1321839158011031,1.4551470935662394,-0.34185641402440897,1.4947638180407974
4.4499969482421875,-14.628703397187483,1.0212375017769673,1.0548601915637512,-0.15961982365313393,1.0668685541569642,-14.661937726057419,1.128592430977902,1.4362182340321594,-0.3762766760967159,1.4846908610013223
4.459996700286865,-14.618266390371911,1.0196528248743282,1.032745685562742,-0.1572283003773819,1.0446455808014592,-14.647683831553014,1.1246723333085822,1.4139836228101157,-0.4071282916945059,1.4714289420401199
4.470049142837524,-14.607993350555404,1.0180868952522437,1.011259995136941,-0.15422187026340195,1.0229521802273591,-14.633596468948141,1.120439334321479,1.3882646968256285,-0.43435612997492895,1.4546285148102767
4.479996204376221,-14.598036927582276,1.0165700961209474,0.9907355287683365,-0.1506525678798618,1.0021242857912744,-14.619926990095763,1.1160017117426755,1.3595964638717335,-0.4571991628786393,1.4344105476150997
4.489964723587036,-14.58826023108305,1.0150886049817716,0.9709013596866658,-0.14648241471566187,0.9818892748484157,-14.606529268719958,1.1113487209565291,1.3279257637892088,-0.47557479755796306,1.4105170052882918
4.499967098236084,-14.578645426756985,1.0136468553932043,0.9517389738518336,-0.14170129886249924,0.9622298750547399,-14.593417070230464,1.1065198258886846,1.2935543360796657,-0.4891718928633616,1.3829576859607922
4.509995698928833,-14.569193913022353,1.0122523138501545,0.9332691389126522,-0.1363073356077633,0.9431707032066098,-14.580626491441858,1.1015665091002078,1.2569062168023777,-0.49779495544731805,1.351892397902016
4.5199973583221436,-14.55994866399312,1.0109184059624226,0.9155902988149647,-0.13032934947004918,0.9248196227467076,-14.568245979621983,1.0965657509690827,1.2186444094305215,-0.5014108878199406,1.3177659409245048
4.529965400695801,-14.550906761646925,1.0096514406198145,0.8987073611908667,-0.12377671701699955,0.9071910475385861,-14.55629339623397,1.0915696531104384,1.1792936874519535,-0.5002117461720866,1.2809939079763626
4.53996729850769,-14.54199977731542,1.0084488259835198,0.8825063424478481,-0.11660519557437067,0.8901765083934847,-14.5446992233964,1.086591857386223,1.1390981789153483,-0.49445951318251197,1.2417869669894872
4.549962043762207,-14.533257100904969,1.0073216778240766,0.8670558930042436,-0.10884146281687052,0.8738606213930815,-14.533515414779615,1.0816958636994711,1.0987230662560814,-0.4845429912037428,1.2008223376702467
4.559995889663696,-14.52463193880236,1.0062711947827798,0.8522886866910819,-0.10044701781751686,0.8581873972798958,-14.522693459876216,1.0768997963637363,1.0584814095959223,-0.4708633847528733,1.1584883346676838
4.56999659538269,-14.516179008381554,1.00531099120707,0.8383115291314517,-0.09148168591628433,0.8432882773600012,-14.51230555673186,1.0722725350477846,1.0191224558096879,-0.4540425645790512,1.1156904724810959
4.579997539520264,-14.50786176219696,1.0044433958055237,0.8250737727994958,-0.08191824240307413,0.8291304656084003,-14.502305771576683,1.0678271148117038,0.9809281556062756,-0.43459061682082784,1.0728881818203784
4.589998006820679,-14.499673719990934,1.0036739367034333,0.8126012188320124,-0.07201560035898638,0.8157861162966292,-14.492680669164935,1.0635870951245143,0.9442643749069833,-0.41306506283686073,1.0306589910610084
4.59996771812439,-14.491630769794309,1.003002807272723,0.8010147004031245,-0.06272912296047115,0.8034671699138038,-14.483440950544153,1.0595822535050219,0.9095720209694423,-0.3901008090265112,0.9896968740647685
4.609997510910034,-14.483651677141914,1.0024176873712718,0.7902204780993417,-0.0540608717583473,0.7920675361753091,-14.474484509976538,1.05578990016317,0.8768496050131501,-0.36603988481889943,0.9501844174106153
4.62001633644104,-14.475785107392294,1.0019166244466062,0.7803012746499707,-0.046077144005381036,0.7816605288871005,-14.465853620040543,1.052245212465996,0.8465583025219109,-0.3415639712431313,0.9128674087840785
4.630000591278076,-14.468040050133343,1.0014934988671162,0.7712742968483132,-0.038791922772394315,0.7722492177084023,-14.45754153431804,1.0489567256609142,0.8188765773136751,-0.31719298145728814,0.8781629896316075
4.640016078948975,-14.460357105466336,1.0011387662463889,0.763079993099774,-0.032157157269761386,0.7637572642095284,-14.449471235980697,1.0459017246852713,0.7936881231398426,-0.29318764099914213,0.8461086393885172
4.650003671646118,-14.452773087545276,1.0008478420683593,0.755767136509806,-0.026212327090204622,0.7562215619246224,-14.441656946412582,1.043089158866506,0.7711191886555301,-0.27003071052486194,0.8170320604109271
4.660002708435059,-14.445249119212495,1.0006127005677903,0.7493045913285761,-0.02093218645900146,0.7495969096894936,-14.434048562015647,1.0405003588562651,0.7510529754248091,-0.24796585953909542,0.7909283402378634
4.669996500015259,-14.437789362413218,1.0004270814118468,0.7437040693780035,-0.016326275530973787,0.7438832503035107,-14.426632271570586,1.0381266522005637,0.7334367498598212,-0.2272881946776367,0.767847243587393
4.679996490478516,-14.430376902072712,1.0002840652212532,0.7389594065210686,-0.01238952119801141,0.7390632616505071,-14.419376238492749,1.0359506855887433,0.7181330675415845,-0.20817846200752474,0.7476987192315527
4.689998626708984,-14.423005733547251,1.0001770323872454,0.7350733102951192,-0.00912411793406069,0.7351299347981276,-14.41226098700854,1.0339569780295557,0.7049999284543543,-0.19078398676516756,0.7303584248344482
4.699997663497925,-14.415671638291535,1.0000993206141955,0.7320479755740292,-0.006531916760451996,0.7320771164833662,-14.40526954896624,1.0321289718519173,0.693869113611569,-0.17518693827599702,0.715642934826176
4.709996461868286,-14.408363562829589,1.000044168968877,0.7298819422988615,-0.004611700510424567,0.7298965114833448,-14.398378697822563,1.0304475285721246,0.6845437708734305,-0.16139032081165813,0.7033114600895578
4.719996690750122,-14.40107176009033,1.0000048528050844,0.7285750482350892,-0.003363306433346278,0.7285828111758657,-14.391584740903372,1.0288977778262143,0.676843195985899,-0.1493765426231406,0.6931306250905734
4.7300028800964355,-14.393785343777193,0.999975262900325,0.727839778339247,-0.0025693867977776507,0.7278443134911756,-14.38483466058752,1.0274542236127435,0.6705391610692328,-0.13900127077813848,0.6847949472691574
4.739997863769531,-14.386513940746093,0.9999532013298408,0.7271828852329466,-0.0018576031835585804,0.7271852578712664,-14.378158148799697,1.0261099256869648,0.6654947036077014,-0.13021482156202596,0.6781143710940895
4.750011205673218,-14.379235343520113,0.9999378579035849,0.7265939474118619,-0.001219468099860163,0.7265949707491776,-14.371517526796051,1.0248445780066104,0.6615268050119034,-0.12283857983520524,0.6728350692741774
4.760048151016235,-14.371945323536503,0.9999285134095167,0.7260731098515836,-0.0006551387369963924,0.7260734054187045,-14.364893182291874,1.0236433240201848,0.6584914588537337,-0.11670922000859428,0.6687540978703106
4.770014524459839,-14.364711326150292,0.999924466508453,0.7256247550525736,-0.00016936341720834617,0.7256247748175875,-14.358339662892966,1.0225054925775354,0.6562834701319618,-0.11170345188014173,0.6657219046496733
4.780017614364624,-14.357454694668526,0.9999248995755297,0.7252437043247631,0.00024346888172825307,0.7252437451917809,-14.351783824308683,1.0214095339670402,0.6547644087623974,-0.10758615752508723,0.6635444312726803
4.790019989013672,-14.350202284736513,0.9999290871759536,0.7249317739672609,0.0005813902346975469,0.7249320071026834,-14.345240669644474,1.020351074810005,0.6538424464610435,-0.10419256069972595,0.662092164656348
4.800013780593872,-14.342958587432708,0.999936273410019,0.7246890913681461,0.0008442626825271252,0.7246895831509284,-14.338707159866384,1.0193241485916422,0.6534301286262735,-0.10134653661750305,0.6612428097763418
4.8100152015686035,-14.33571165149426,0.9999457208884017,0.7245152704458859,0.0010325044317223892,0.7245160061549205,-14.332171612162965,1.0183230463653397,0.6534511574688906,-0.09887929521695137,0.6608899531843663
4.820013523101807,-14.328468381101075,0.9999566731354377,0.7244105368648943,0.0011458710605694545,0.7244114431325418,-14.325640225120141,1.0173462737707861,0.653839535754222,-0.09664480866556834,0.6609435358313908
4.829999208450317,-14.321234751592975,0.9999683702747232,0.7243748268111815,0.0011844318589403534,0.7243757951481797,-14.31910737052851,1.016391803958304,0.6545382952671247,-0.09451257481605023,0.661326701993465
4.839967489242554,-14.314013990251393,0.9999800595251023,0.7244078485122915,0.0011485031189288984,0.7244087589514784,-14.31257607591004,1.0154599638402422,0.6554980296590489,-0.09237838844908028,0.6619754025183598
4.850023984909058,-14.306728480682528,0.9999911118089952,0.7245106861976843,0.0010369082811530993,0.7245114282007035,-14.30598143922748,1.0145425800071748,0.6566898820615757,-0.09013941293767869,0.6628474296297721
4.859980821609497,-14.299513775069295,1.0000005765925792,0.7246811041329606,0.00085207317102442,0.7246816050625651,-14.299431870418996,1.013656100365099,0.6580593229471046,-0.08777734996315058,0.663887743285079
4.870014667510986,-14.292241470245738,1.0000080689710198,0.7248723291282364,0.000644721704292482,0.7248726158449291,-14.292821489519564,1.0127880421250766,0.659599910678019,-0.0852228880770347,0.6650826887076835
4.880022048950195,-14.284986497930085,1.0000135702251653,0.7250445127895455,0.00045806863038860433,0.7250446574888332,-14.286213336964925,1.0119488278731068,0.6612745389752211,-0.0824914751508664,0.6663999244968875
4.88998007774353,-14.277765766322263,1.00001728982886,0.7251974691027185,0.00029231495069029386,0.725197528016346,-14.279618575302628,1.0111414945341093,0.6630599796270622,-0.07960157120865033,0.6678210439346203
4.9000163078308105,-14.270486775945018,1.0000194695187576,0.7253330811672698,0.0001454202875189103,0.7253330957447517,-14.272955833747263,1.0103580022779455,0.6649626912900274,-0.07654474379180101,0.6693537768697722
4.910015344619751,-14.263233543149063,1.0000202758014969,0.7254496730695144,1.9200430830462105e-05,0.7254496733236027,-14.266296047752013,1.00960821098601,0.6669484245757367,-0.07339312706170743,0.6709744795027253
4.920022010803223,-14.25597380694911,1.000019919807015,0.7255478491179671,-8.699920418675458e-05,0.7255478543339302,-14.259611283701082,1.0088897726805255,0.6690117336287182,-0.07018204085057057,0.672682851417259
4.930048227310181,-14.248698893351625,1.0000185983907173,0.7256276536379376,-0.00017322616026597195,0.7256276743147283,-14.252893318747237,1.0082023292202378,0.671142286257476,-0.06695975062956842,0.6744742964763637
4.93998384475708,-14.241489047742274,1.0000165353790686,0.7256884049871384,-0.00023874523957497683,0.7256884442597018,-14.246217483498478,1.0075529946184578,0.6733025690392651,-0.06381407220530319,0.6763198838466143
4.949952125549316,-14.23425497592871,1.0000139106525066,0.7257310175162991,-0.000284543932449493,0.7257310732981552,-14.239494489706845,1.0069321923791013,0.6755081017587247,-0.06075149669867987,0.6782344284189687
4.959981441497803,-14.226976100238293,1.0000109098978696,0.7257553535514307,-0.00031047106677047174,0.7257554199596759,-14.232708358688367,1.0063377915689133,0.6777510697585564,-0.05781027687232378,0.6802121291706892
4.9699883460998535,-14.219713598574133,1.0000077576782624,0.7257611023759539,-0.00031619329205006966,0.725761171254124,-14.225914369751939,1.0057732112843283,0.6799995701281274,-0.05505117537215346,0.6822243379448535
4.9799485206604,-14.21248495405223,1.0000046629485826,0.7257484426352416,-0.0003019060691491783,0.7257485054306025,-14.219129197779722,1.005237640618692,0.6822344509928536,-0.05250553642573871,0.6842519108317309
4.989984750747681,-14.205201322363806,1.0000017894559459,0.7257171366940168,-0.000267344601155953,0.7257171859371239,-14.212269721646681,1.004722566402722,0.6844694507678281,-0.05016010653226075,0.6863049361047463
4.9999799728393555,-14.197947777218834,0.9999993721372138,0.7256683869593645,-0.00021383135761418357,0.7256684184640086,-14.205417160780659,1.0042319287386279,0.6866649857473387,-0.04804951623680734,0.6883440699693606
5.009983062744141,-14.19068918596578,0.9999975108658876,0.7256184872927383,-0.00015923809058395887,0.7256185047652597,-14.198538151033452,1.0037609636420655,0.6888196370693087,-0.04615848719864281,0.6903644677652243
5.019977331161499,-14.183437249786934,0.9999961688401771,0.7255735236387135,-0.00011024026133383675,0.7255735320134094,-14.191643586197426,1.0033082250244953,0.6909188435161441,-0.04447690296721026,0.6923489316979125
5.0300188064575195,-14.176151628326368,0.9999952856682257,0.7255332744798284,-6.659772960311024e-05,0.7255332775363785,-14.184695905727851,1.0028693343396513,0.6929638530449778,-0.042976147952373554,0.6942952188512937
5.039980173110962,-14.168924590046581,0.9999948149231455,0.7254982254382556,-2.8835849372455132e-05,0.7254982260113143,-14.17778378129241,1.0024479960252919,0.6949212139238302,-0.04164768217761248,0.6961680996656894
5.050000429153442,-14.161655126322676,0.9999946930978103,0.7254678712392506,3.5906481220981295e-06,0.7254678712481365,-14.170809051620465,1.0020367051228791,0.6968129868473809,-0.04044198870661567,0.6979855966205278
5.0600011348724365,-14.154399989588104,0.9999948676705905,0.7254424780970936,3.039546677467439e-05,0.7254424787338666,-14.163831751872083,1.0016378715464158,0.6986189617379077,-0.039337597885977925,0.6997255892899666
5.070003032684326,-14.147144223415678,0.999995282604029,0.7254219804742228,5.164883456729729e-05,0.7254219823128782,-14.156835947175507,1.0012496785801552,0.7003422156710073,-0.0382990713022624,0.7013886496897362
5.080000400543213,-14.139892125515328,0.9999958820094674,0.72540638798843,6.734103749038297e-05,0.7254063911141369,-14.149827711748054,1.000871904616157,0.7019821680704467,-0.03729619740110887,0.7029722402979134
5.089966297149658,-14.13266286101624,0.9999966081279759,0.725395715464143,7.746053473640778e-05,0.7253957195999094,-14.142824253541615,1.0005051646685832,0.703538040677953,-0.036303284111451825,0.7044740613523325
5.099998474121094,-14.125385550474986,0.9999974130610023,0.725389884076604,8.207728467969532e-05,0.7253898887200935,-14.13575677307778,1.0001459489819324,0.7050289642785366,-0.035286434593050545,0.7059114483686716
5.1099958419799805,-14.118133582535192,0.9999982334472972,0.7253889757752298,8.111850071926122e-05,0.725388980310873,-14.128701238370505,0.9997983862914338,0.7064444335901326,-0.03423729309535361,0.7072735892064544
5.119997501373291,-14.110878424166158,0.9999990168332374,0.7253929645563659,7.460585812645428e-05,0.7253929683929305,-14.121629413574896,0.9994614373555512,0.7077971742722714,-0.03313795853228641,0.7085724833801407
5.129985570907593,-14.103633148115522,0.9999997064457681,0.7254018363520734,6.25589074597383e-05,0.7254018390496244,-14.114552828417857,0.9991361487517257,0.7090923770972728,-0.03198201086614303,0.7098132488736054
5.140003442764282,-14.096366149456923,1.0000002510144987,0.7254148890072916,4.587383723832509e-05,0.7254148904577781,-14.107444756084963,0.9988219004270409,0.7103423225046968,-0.030762052502113283,0.7110081005273493
5.149967670440674,-14.089137892782201,1.0000006294097958,0.7254275235488415,3.0426956537111823e-05,0.7254275241869478,-14.100361679299802,0.9985217039569609,0.711544672868712,-0.029490236140815,0.7121555276170252
5.15996789932251,-14.081883310626834,1.0000008649668373,0.7254391042794042,1.7035357425856445e-05,0.7254391044794233,-14.093236631724245,0.9982332583655241,0.7127177202857985,-0.028161166339871684,0.7132738605185301
5.1699676513671875,-14.07462899612764,1.000000977176173,0.7254495828884917,5.759391492717732e-06,0.7254495829113538,-14.086104235620079,0.9979584862874239,0.7138617474861533,-0.02679134414057775,0.7143643122698973
5.179998397827148,-14.067352134474557,1.000000987096434,0.7254589873148009,-3.4267594679287322e-06,0.7254589873228942,-14.078937586015792,0.9976967577733463,0.7149861100310595,-0.02538854350386463,0.7154367307306733
5.190049171447754,-14.060060698641124,1.000000915335789,0.7254672988330658,-1.049684902026674e-05,0.7254672989090057,-14.071747083589699,0.9974487618295542,0.7160930009073688,-0.02396961792069531,0.7164940533820118
5.199994325637817,-14.052845795691487,1.0000007848794397,0.7254744277658072,-1.5389738502099637e-05,0.7254744279290412,-14.064618758854422,0.9972173091899005,0.7171721558287064,-0.022567255593600927,0.7175271298850109
5.209988594055176,-14.045595246796466,1.0000006152719683,0.7254804943084304,-1.8199447849464565e-05,0.7254804945367067,-14.057445885388825,0.996998741123911,0.7182412799552299,-0.021175976989428486,0.7185533788336005
5.21999454498291,-14.038336068982183,1.0000004279167634,0.7254854658266088,-1.8896238679838958e-05,0.7254854660726977,-14.050253934141338,0.9967936961073698,0.7192966720211614,-0.019815628254318783,0.7195695668271634
5.229996204376221,-14.031079999917122,1.0000002442592273,0.7254893330545245,-1.7476614789000097e-05,0.7254893332650252,-14.043054666424178,0.9966021240343346,0.7203357187550155,-0.018501664834371073,0.7205732851805902
5.240002155303955,-14.02382083030319,1.0000000853213302,0.7254920993268987,-1.3939396643323695e-05,0.7254920994608125,-14.035842957600773,0.9964233667382404,0.7213573390999023,-0.017244251652835604,0.7215634240233895
5.249996185302734,-14.01657012825564,0.9999999724668126,0.7254937614746406,-8.29258693441999e-06,0.7254937615220339,-14.028627449559934,0.9962570061935034,0.7223577605063352,-0.016053427733395693,0.7225361213847508
5.259995460510254,-14.00931581301501,0.9999999266011481,0.7254943233827865,-5.289058470068922e-07,0.7254943233829794,-14.021399518156072,0.9961021440698259,0.723335095929731,-0.014933593849055713,0.7234892350470197
5.26999568939209,-14.002060618363538,0.9999999689489696,0.7254937838200285,9.350691856259996e-06,0.7254937838802877,-14.01416118114268,0.9959580938207094,0.7242856623158246,-0.013888166101497118,0.7244188027611759
5.279996871948242,-13.994804782024854,1.0000001176177375,0.7254922990569864,2.005893460346497e-05,0.7254922993342884,-14.006912905959245,0.9958241126852319,0.7252059252313979,-0.012917544856922099,0.7253209613377091
5.28999924659729,-13.98754822974268,1.0000003607039647,0.7254902985625606,2.8062597006370572e-05,0.7254902991053035,-13.999654988372358,0.9956994625413662,0.7260925174540008,-0.012019554727135024,0.7261919949975537
5.299998760223389,-13.980293714605,1.0000006692075238,0.7254878078612476,3.315684655613638e-05,0.7254878086189284,-13.992390030510395,0.9955834729928937,0.7269421466537502,-0.011190048166642779,0.7270282675106479
5.310003042221069,-13.973035779322494,1.0000010142857139,0.7254848249322887,3.534465751550527e-05,0.7254848257932611,-13.985113126975916,0.9954754104026502,0.7277528817908328,-0.010422255971832915,0.7278275072944167
5.319996118545532,-13.965785816732161,1.0000013663184038,0.7254813549118382,3.462529740109286e-05,0.7254813557381249,-13.977836755152444,0.9953748606229477,0.7285215259219641,-0.009709883936015077,0.728586230708293
5.329998254776001,-13.958529560751803,1.000001696926634,0.7254773911327768,3.0998317818769224e-05,0.7254773917950273,-13.970546590476244,0.995281114036945,0.7292484465297336,-0.009043178517449747,0.7293045151675178
5.340001821517944,-13.951272131705256,1.0000019767545048,0.725472935623792,2.4461740294945488e-05,0.7254729360361967,-13.963249259735631,0.9951938387625425,0.7299325216117755,-0.008414150532277318,0.7299810162159731
5.3499956130981445,-13.944022014523153,1.000002176490518,0.7254679942048429,1.502683887308536e-05,0.7254679943604706,-13.955951049700007,0.995112762730414,0.7305735439274386,-0.007814813821692426,0.7306153395609517
5.359994649887085,-13.936768077379377,1.0000022674436302,0.7254625596297977,2.6811600924618027e-06,0.7254625596347521,-13.948641642535646,0.9950375148399818,0.7311734369534092,-0.007236408312491015,0.7312092453679222
5.369998216629028,-13.929510863555752,1.0000022203632204,0.7254566315709199,-1.2578710352664081e-05,0.7254566316799712,-13.94132504549979,0.9949679617120609,0.731733453200703,-0.006672276915486518,0.7317638729892741
5.37999701499939,-13.922257150849955,1.0000020062236217,0.725450215571397,-3.0738467317179016e-05,0.7254502162226156,-13.934005431187389,0.9949040239113525,0.7322554220042446,-0.006116923059428544,0.7322809705313456
5.389999151229858,-13.915001153588015,1.000001595808616,0.7254433066198328,-5.181195336678836e-05,0.725443308470066,-13.926679180850604,0.994845603492359,0.732742120628855,-0.005565618877128974,0.7327632574420997
5.399997234344482,-13.90774817823327,1.0000009603779234,0.7254359098250257,-7.578341106720399e-05,0.7254359137834219,-13.919350487114482,0.9947927043971124,0.7331960317534023,-0.005015681017540833,0.7332131873029876
5.4099977016448975,-13.90049354260958,1.0000000705069354,0.7254280205301255,-0.0001026676018639312,0.7254280277952407,-13.912016132798108,0.9947452972320865,0.7336202106794042,-0.004465326027838067,0.733633800103177
5.419996023178101,-13.893240455418798,0.9999989142617877,0.7254211856438878,-0.0001270606754282233,0.7254211967715026,-13.904679010980391,0.9947034035135575,0.7340173041236792,-0.003914612061062054,0.7340277426232488
5.4299986362457275,-13.885984357168041,0.9999975607884393,0.7254174051121621,-0.00014197641996132728,0.7254174190057519,-13.897336030344388,0.9946670053042165,0.7343901277634415,-0.0033643838077919417,0.7343978341708328
5.4399638175964355,-13.878755578827924,0.9999961112685711,0.7254166876434016,-0.00014737129475262003,0.7254167026129348,-13.890016534398788,0.9946361995648274,0.7347397194880734,-0.002818878154146415,0.7347451268756131
5.449968099594116,-13.871498176871047,0.999994649405225,0.725419028522604,-0.00014328443746398163,0.7254190426733423,-13.88266365174257,0.9946107152646221,0.7350708596462082,-0.0022765738866863112,0.7350743850044545
5.459969758987427,-13.864242783299728,0.9999932764250506,0.7254244346789163,-0.00012968090132579155,0.7254244462701552,-13.875309749868418,0.9945906218417317,0.7353837604511401,-0.0017429382405071958,0.7353858259233517
5.469966650009155,-13.856990847382821,0.9999920876106527,0.7254329014771757,-0.00010657442718611024,0.7254329093056795,-13.8679569772425,0.9945758169042691,0.7356797813538025,-0.0012212062143943073,0.7356807949358177
5.4799628257751465,-13.849739180043445,0.9999911773445804,0.725444430136998,-7.396261290134077e-05,0.7254444339074233,-13.860600948487738,0.9945661570020634,0.7359602107283053,-0.0007139357523403984,0.7359605570134246
5.489964008331299,-13.84248376356569,0.9999906404293013,0.725459029055865,-3.182113652372059e-05,0.7254590297537574,-13.853240449134107,0.9945614850239051,0.7362258960272545,-0.00022350871232122962,0.7362259299544388
5.499995946884155,-13.835205945537933,0.9999905731766392,0.7254767521023829,2.0009071414887165e-05,0.7254767523783139,-13.845851996535828,0.994561634923329,0.7364781603208217,0.00024963953098054964,0.7364782026302187
5.510000944137573,-13.827947405872905,0.9999910717203486,0.7254974994587275,8.123641452596141e-05,0.7254975040068858,-13.838482327121534,0.9945664094251916,0.7367157779687591,0.000701308154958175,0.7367161117698202
5.5200042724609375,-13.82068987231662,0.999992230229073,0.7255213101341673,0.0001519739995076637,0.7255213260510646,-13.83111161660262,0.9945755979295533,0.7369396855302969,0.0011323200902135517,0.7369405554441142
5.529996633529663,-13.813440175823077,0.9999941413777,0.7255481557138546,0.00023213662200638463,0.7255481928495081,-13.823747334288104,0.9945889771035538,0.7371498552020793,0.0015425369552459814,0.7371514691328402
5.539978742599487,-13.806197490757603,0.9999968977495871,0.7255780294048392,0.00032170284542639387,0.7255781007222658,-13.816391302129093,0.9946063295810801,0.7373464375559062,0.0019328741523266266,0.7373489709621046
5.550005197525024,-13.798922396375595,1.0000006138761528,0.725610945823889,0.00042071604771506043,0.7256110677914386,-13.808993933634882,0.9946276128189,0.7375308363531973,0.0023073910299318736,0.7375344457211552
5.560003995895386,-13.791666959787692,1.0000052487997944,0.7256373863905182,0.0005005163583278461,0.7256375590088259,-13.801618501753845,0.9946524839574701,0.7377016644985996,0.002664911527270398,0.7377064779147955
5.570000886917114,-13.784412845863688,1.0000105048154868,0.7256520604569561,0.0005451723556603765,0.7256522652471521,-13.794242870544316,0.994680854938126,0.7378597656178387,0.003008968533144971,0.7378659008310692
5.580002069473267,-13.777155394542902,1.000016034168596,0.7256549735013594,0.0005547009468869774,0.7256551855119614,-13.78686393337212,0.9947126165857532,0.7380054748360266,0.003342038974758378,0.738013041966372
5.58996844291687,-13.769923239219555,1.0000214645967125,0.7256461675690096,0.0005292244596218384,0.7256463605545884,-13.779509250008145,0.9947475322788583,0.7381384801939883,0.003664736751351743,0.7381475775470293
5.599957704544067,-13.76267466242113,1.000026477849022,0.725625612849635,0.0004686586291094634,0.7256257641955108,-13.772132656616456,0.994785734534307,0.7382595877419761,0.0039800168617685925,0.7382703159596574
5.60999608039856,-13.755390683787063,1.000030729248198,0.7255931281438723,0.00037246442874685245,0.7255932237413472,-13.764721350630754,0.9948272423246554,0.7383685656738735,0.004288157423586294,0.7383810175440474
5.620004653930664,-13.748128704865668,1.000033830062789,0.725548934696951,0.00024129613783856665,0.7255489748209328,-13.757334704121142,0.9948716337794098,0.7384639172675616,0.004585300894111398,0.7384781527509406
5.630000829696655,-13.740876360480078,1.0000354409307286,0.7254930314675547,7.515207011323113e-05,0.7254930353599653,-13.74994913788986,0.9949189246702583,0.7385450813284261,0.004869860426934543,0.7385611367347927
5.639995336532593,-13.733625643463892,1.0000352156682921,0.7254253805132256,-0.00012608017391371024,0.7254253914697006,-13.74256809239139,0.994968947006855,0.7386108220233802,0.005138035454842961,0.7386286927938751
5.649966478347778,-13.726392868721923,1.0000328123012514,0.7253461772598399,-0.00036181874556137156,0.7253462675014379,-13.735204941901777,0.9950214141009347,0.7386596433436373,0.0053848227846644975,0.7386792707399956
5.659966230392456,-13.71913993139286,1.0000278658636887,0.7252549938938153,-0.0006333370748253589,0.725255270428122,-13.727815021277266,0.9950764176493149,0.738690152807293,0.005606318831020095,0.7387114271928497
5.669961214065552,-13.711891508540322,1.0000200331387514,0.7251520966776926,-0.0009398426924830247,0.7251527057250358,-13.72043157341081,0.9951334291574709,0.7387003937444188,0.005795617849720844,0.738723128719021
5.679961204528809,-13.704640576708732,1.0000089550628557,0.7250373841091171,-0.0012816379502367606,0.725038516874536,-13.713045980823736,0.9951921651720362,0.7386886084406037,0.00594692997042072,0.7387125464048845
5.6899635791778564,-13.697389052337492,0.9999942921533145,0.7249144888608008,-0.0016478963711761708,0.7249163618809871,-13.705656331908244,0.9952522340610216,0.7386530443863764,0.006054253297209255,0.7386778553363088
5.699960231781006,-13.690142834540225,0.9999763648005837,0.7248242343805461,-0.0019169503578097436,0.7248267692656082,-13.698272513089679,0.9953130879146314,0.738592208521778,0.006111810900552466,0.7386174955425586
5.709960460662842,-13.682894676211424,0.9999563950778307,0.7247779461522368,-0.002055046205815296,0.7247808596007228,-13.690893796518806,0.9953742123895578,0.7385049500057378,0.006114972501350337,0.7385302661852591
5.719980716705322,-13.675632331902303,0.9999356587240846,0.724775704161779,-0.0020619460291366513,0.7247786372159638,-13.683488135561536,0.9954353137866081,0.738390276238838,0.0060608059605077435,0.7384151497721037
5.729961633682251,-13.66839828200299,0.9999155887377086,0.7248173935805491,-0.0019379905462910347,0.7248199844404527,-13.676119493832186,0.995495298391594,0.7382499566362057,0.005950724357560757,0.7382739393976596
5.73996376991272,-13.661148122016112,0.999897371606602,0.7249031491965352,-0.0016827796195205095,0.7249051023839618,-13.668735366711708,0.9955540564436256,0.7380852676388364,0.005789146045854457,0.7381079707721852
5.749963760375977,-13.653898442211775,0.9998823657275684,0.7250328962094785,-0.0012965355293106861,0.725034055469316,-13.661357659157062,0.9956109449155155,0.7379005239623508,0.005586100997696216,0.7379216677861332
5.759962558746338,-13.646648205803043,0.9998718787141023,0.7252066223789098,-0.000779294753457893,0.7252070410872604,-13.653978565022022,0.9956656770909535,0.7377011092705468,0.00535559687526597,0.7377205494202297
5.769961833953857,-13.63939567799438,0.9998672185008866,0.7254243530336641,-0.00013098188683429118,0.7254243648586425,-13.64660245093005,0.9957180354904077,0.7374942934474452,0.0051161171507858715,0.7375120388998725
5.77996301651001,-13.63213920882681,0.9998696974715406,0.7256861415611622,0.0006485620538426184,0.7256864313783639,-13.63923204774668,0.9957680197319744,0.7372886512845018,0.004889554800534023,0.7373048643940084
5.789957046508789,-13.624885280193398,0.999880616977778,0.7259917034747019,0.0015584899053961414,0.7259933762816879,-13.631861696321018,0.9958159164608591,0.737093521920311,0.004700119126003486,0.7371085070576019
5.799983263015747,-13.617604594824751,0.9999013684787497,0.7263424184381393,0.0026029102655673814,0.7263470822991,-13.624470792864654,0.9958623516749455,0.7369185816110219,0.004573638004124369,0.7369327744700959
5.81000018119812,-13.610326967791597,0.9999332167828696,0.7267369802562935,0.0037779334139902213,0.7267467999605618,-13.617090183366372,0.9959078961607731,0.736774929577378,0.004537496840145257,0.736788901742775
5.8200013637542725,-13.603056571629644,0.999977414122796,0.7271749740605159,0.005082323759842666,0.7271927343660082,-13.60972208200989,0.995953569546858,0.7366724928211545,0.00461751988524456,0.7366869641640367
5.830000400543213,-13.595782724277527,1.0000354070743491,0.7278095748815676,0.006573147608299775,0.7278392566760663,-13.602357364642925,0.9960007103755925,0.7366203418932968,0.004838249146626499,0.7366362309483578
5.840001106262207,-13.588497497623841,1.0001103772984752,0.7293169367546252,0.00849713984716419,0.72936643439545,-13.59499159653902,0.996050865951681,0.7366270036155038,0.005222466580886014,0.7366455162510283
5.850002288818359,-13.581191869170663,1.0002069082052902,0.7317775478292614,0.010883583712063778,0.731858478055303,-13.587622052337599,0.9961057959296812,0.7367029716566451,0.005791595772080616,0.7367257366410643
5.859998941421509,-13.573860283570728,1.0003295547122741,0.7351895202613163,0.013730917269652497,0.7353177332222652,-13.580256748500913,0.9961673836241389,0.736866469308834,0.00656635573106395,0.7368957257436453
5.869999647140503,-13.566486916002562,1.0004830408456813,0.7395556844357196,0.017041537976796382,0.7397520019559259,-13.572887500297444,0.9962378622638239,0.7371502680446431,0.00757127417852565,0.7371891493171719
5.879999876022339,-13.559065266242289,1.000671942438004,0.7448747685734992,0.020814335392769903,0.7451655235015014,-13.565515227712368,0.996319644332046,0.7376056596940012,0.008833593645178835,0.7376585535254849
5.889997720718384,-13.551587579809535,1.000900820691593,0.7511451234976539,0.025048228105858182,0.7515626456161514,-13.558134874264656,0.9964154988010768,0.7383052914720518,0.010385628314326304,0.7383783343863191
5.899997711181641,-13.544040873579796,1.0011743997239075,0.7583695804670927,0.029745141169275624,0.7589526954962439,-13.550746821958855,0.9965284551431619,0.7393426453085643,0.012262575292222487,0.7394443305108661
5.910001039505005,-13.536414524382469,1.0014973783398324,0.766549915423246,0.03490609927313734,0.7673442569028921,-13.54334757066462,0.9966619433497299,0.7408312144368706,0.014503660352309072,0.7409731739055225
5.9200029373168945,-13.528702670391743,1.0018742398703806,0.7756824525460798,0.04052874112228874,0.7767405268459081,-13.535927671961591,0.9968199065693484,0.7429031691570649,0.01715279483983599,0.7431011621000388
5.930006980895996,-13.52089309915717,1.0023097463300301,0.7857704388529254,0.04661505398887229,0.7871519204280102,-13.528484522325517,0.9970065616349515,0.7457023333293485,0.02025320303704575,0.7459773201419025
5.939966917037964,-13.513012857265277,1.0028061179080003,0.796761508900796,0.05313415233479201,0.7985312393452182,-13.521038432659088,0.9972257175832494,0.7493660060793474,0.02383533768238951,0.7497449795695508
5.950002908706665,-13.504956944241334,1.003374275879252,0.8087926542727342,0.060166793846891754,0.8110274968750129,-13.51349218925998,0.9974854227524259,0.7541030650583146,0.027990683029480618,0.7546223632167295
5.9599997997283936,-13.49680769977696,1.0040126966336578,0.821730968921925,0.06763476666614684,0.8245097009419293,-13.505923773675391,0.997788405651644,0.7600196777527521,0.03271659366597055,0.7607235280129709
5.9700000286102295,-13.48852121307062,1.00472605821088,0.8357774780530689,0.074710465361813,0.8391100323886771,-13.498289569122267,0.9981417517484192,0.7672866969453136,0.03807163026810251,0.7682306452755713
5.980008363723755,-13.480080175820905,1.0055001292073193,0.8512581700976988,0.07959930816441116,0.8549716498331016,-13.49056786247397,0.9985523773110538,0.7760564500132143,0.04409881227254462,0.7773083807929526
5.990001440048218,-13.471490351226834,1.0063106063836444,0.868145032348067,0.0822354512918074,0.872031230312191,-13.482760581171505,0.9990260736255652,0.7864399809560396,0.05080041046907536,0.788079009585944
6.00000262260437,-13.462717232177093,1.0071369071987717,0.8864766090065606,0.0826275021083155,0.8903190902257629,-13.474837464933055,0.9995703242087748,0.7985799452903994,0.058160252398224366,0.8006950380632082
6.010000228881836,-13.453757062564764,1.007955584087059,0.906231593480026,0.08077345149441957,0.9098241871304964,-13.466784136790238,1.0001910675914463,0.8125962139090972,0.0660865789444285,0.8152791195510759
6.020001649856567,-13.444588829442008,1.0087447822395834,0.9274247473822183,0.07667195332845246,0.9305886580461701,-13.4585787210842,1.0008934526474556,0.8286186489655935,0.07442299928869373,0.831954114261532
6.030000686645508,-13.435203403576976,1.0094815807313977,0.9500443413687729,0.07032478804256272,0.9526435988238503,-13.450205436814196,1.0016800324096706,0.8467626321195348,0.08293384793215619,0.8508143030572751
6.040006399154663,-13.425578465291885,1.010144073739827,0.9741102352368737,0.061725186169644744,0.976063906207434,-13.44163307320216,1.0025520636408585,0.8671755227268895,0.09132915649501328,0.8719715603405565
6.05000376701355,-13.415713750721586,1.010708854433338,0.9995870809713088,0.05088625780454364,1.0008814833326134,-13.432852000462704,1.0035051754053006,0.8899510161810811,0.09923521772816872,0.8954666044243614
6.059987306594849,-13.405601432350762,1.0111535251191368,1.0264556373435823,0.037821607550754255,1.0271522036349545,-13.423842015150116,1.004531908334165,0.9152000670716848,0.10623848223729664,0.9213456343176
6.069983243942261,-13.395200627369995,1.011456867277445,1.0547864395601887,0.02249727172385984,1.0550263315742772,-13.414561878984163,1.005622837624182,0.9430838312365493,0.11189590716077816,0.9496987979244481
6.0799877643585205,-13.384500178251033,1.0115958509096403,1.0845730459386236,0.004912092894584781,1.084584169455367,-13.404971529925156,1.00676366629601,0.9734871622878234,0.11568857094043516,0.9803372381917557
6.08997917175293,-13.37350908503193,1.0115478487454586,1.115750213031553,-0.014894478869288921,1.1158496239999114,-13.39508337418593,1.0079288680228764,1.0060603347192048,0.11709875073816679,1.0128521681468414
6.100012540817261,-13.362151392887332,1.0112891996534277,1.1484947195160644,-0.037040786544482465,1.1490918764938325,-13.384822981996729,1.0090982601650227,1.0409261638701814,0.11564164597524638,1.0473300668429968
6.110000848770142,-13.350517884020025,1.010798198622912,1.1805085230988395,-0.06179883984079561,1.1821249805814407,-13.374241830682326,1.0102325136251802,1.0776895945421865,0.11082609586617062,1.0833731054947968
6.119986295700073,-13.338580593034235,1.0100444419259147,1.2100096205937534,-0.08969642202241174,1.2133296048696172,-13.363287896957239,1.0112995874846307,1.1161000332500424,0.10217792377371257,1.120767421157241
6.12999701499939,-13.326329893295663,1.0089933486039233,1.2370728556425623,-0.12082291998636706,1.2429591417909425,-13.351912204188777,1.0122615155511336,1.1559961637057496,0.08917153089776891,1.1594303309923637
6.139964818954468,-13.313875128772072,1.0076214957079657,1.2615201399397875,-0.154957489486694,1.2710015291185608,-13.3401936171211,1.0130659174842354,1.196860878889093,0.07148630630974911,1.1989938512790563
6.150005340576172,-13.301095731243453,1.0058797777147739,1.2836242005150924,-0.19251065387160715,1.2979797533097672,-13.327965343619933,1.0136731697973766,1.238798746878806,0.0486535590945037,1.2397538078510033
6.160003185272217,-13.28816265269247,1.0037549759509676,1.3031196882219742,-0.23306514135366677,1.323797674097496,-13.31536567892675,1.0140254147003613,1.2807596992761665,0.020983605741863004,1.2809315824820255
6.170011758804321,-13.275033087390614,1.0012059880612074,1.3201226206290464,-0.2768221004885708,1.3488343889504766,-13.302337058912846,1.0140772305322172,1.3223825196367478,-0.011368553036821336,1.32243138659024
6.180003881454468,-13.261767944285356,0.9982085766900796,1.3345889937807596,-0.32365992183056963,1.37327474575196,-13.288921092447785,1.0137844250424577,1.3630558788964644,-0.0479323586462259,1.363898397975305
6.190010070800781,-13.248351681516144,0.9947221198094601,1.3465640874711464,-0.37372128883383954,1.3974628593972103,-13.27508322962015,1.0131051568174008,1.402494131412046,-0.08844626813292036,1.405280232192807
6.200005769729614,-13.234842496301408,0.9907234397870837,1.3560169276259697,-0.42688411194141224,1.4216229996156444,-13.260874364785947,1.0120038617654756,1.4402381828661337,-0.13248687265079886,1.4463190501443075
6.209998369216919,-13.221255684019658,0.9861791367625957,1.3629596784285218,-0.4831812097933822,1.446071632568517,-13.246300491822018,1.0104460383589404,1.4759504922948326,-0.17980151025384405,1.4868619434214199
6.220001220703125,-13.207597810200875,0.9810509026007503,1.3673990471336455,-0.5426924222848853,1.4711543832336014,-13.231368869846342,1.0083977901783736,1.5093094189237015,-0.23026906794299024,1.5267739733513717
6.230002164840698,-13.193910785031276,0.9753127820239579,1.369326376605286,-0.6053482145142776,1.4971643819175589,-13.21612580988476,1.0058312368986266,1.539893457190745,-0.2837243743812672,1.5658133286304936
6.239996910095215,-13.180225703717765,0.9689366180325394,1.368685427362856,-0.6709462147561466,1.524292826910579,-13.200589925003564,1.0027151209746141,1.5672870421173388,-0.34009175834098304,1.6037615397808922
6.2499940395355225,-13.166562450493647,0.9619057389174214,1.3639398575950334,-0.7350417866541811,1.5493929015146966,-13.184796892427908,0.999021348117724,1.5909946662284609,-0.39917024325977485,1.6403051274294913
6.260001182556152,-13.152957265889583,0.9542438261945773,1.3543972683596628,-0.7956840425857776,1.5708294166349706,-13.168775516504942,0.9947216917213175,1.6104723650923292,-0.46051016630981756,1.6750196571983196
6.269996404647827,-13.139487243012839,0.9460026466410386,1.340079529983285,-0.8527435951718623,1.5883906275809032,-13.152601876345905,0.98980621987065,1.6252141317861009,-0.5233481781034943,1.7073998622705508
6.279995441436768,-13.126179105687218,0.9372051607005063,1.320969932929878,-0.9063135268272753,1.6019880688116441,-13.136297490028674,0.9842539603108982,1.6349584567727882,-0.5873023745674633,1.7372429981281943
6.2899980545043945,-13.113081640108458,0.9278863786618242,1.2970643080408018,-0.9563871553863985,1.611537219607866,-13.119919056450463,0.9780573021430512,1.6395129070884484,-0.6519981807010444,1.7643991045529033
6.299999952316284,-13.100248123171419,0.9180850036528826,1.2683703936588038,-1.002942869875117,1.6169903697126724,-13.103516002894853,0.9712085496347775,1.6387165048914574,-0.7171818315742402,1.788782145188132
6.3099939823150635,-13.087735103175955,0.907843651667045,1.2349144536354415,-1.0459523120171412,1.6183417274518148,-13.087165111036395,0.9637153496559238,1.632416487341441,-0.782263804377368,1.810171331057677
6.319995164871216,-13.075572026038186,0.8971824493093845,1.196647892641193,-1.0854790920975939,1.6156209451302694,-13.070896686231796,0.9555693251042288,1.620480417465952,-0.8469496614814989,1.8284639762582833
6.329997777938843,-13.063813727638507,0.8861416860998852,1.1535849273469814,-1.1214976459721426,1.60888630876243,-13.054770264960087,0.9467752890526544,1.602768722194243,-0.9111868532184462,1.8436727091114358
6.340008497238159,-13.052501211297498,0.8747489087062128,1.1056908497832938,-1.1540260669972482,1.5982266480708047,-13.038840130687138,0.9373350204319086,1.5791229567664766,-0.974872183401345,1.8558030839926432
6.349994897842407,-13.04171773383973,0.8630768405220881,1.0531320579782897,-1.182967789828925,1.5838244610165357,-13.023210570871809,0.9272839752802345,1.5494803065754492,-1.0376049991348237,1.8648092006140269
6.359997510910034,-13.031466939304126,0.8511137792257375,0.9957018858983675,-1.208444155041883,1.5658095418780844,-13.007887392609868,0.9165940294419813,1.5132911418517159,-1.0998284547021977,1.8707412193511679
6.369995355606079,-13.021819045481562,0.8389193895676363,0.9335123287536611,-1.2303959370688506,1.5444479369310635,-12.992968629578069,0.9052918205356815,1.4703625268597984,-1.161141133299427,1.873556695654927
6.379996061325073,-13.012813186494864,0.8265192213859689,0.8671947960649925,-1.2488774162305143,1.5204346796534236,-12.978504842509132,0.8933796597273405,1.4209635710418158,-1.2205807148054673,1.8732204225832407
6.390001058578491,-13.004465141971098,0.8139449911873851,0.8019222974845772,-1.2641626235571028,1.4970592874037154,-12.964563074716496,0.8808835372047857,1.3655114695894415,-1.2772910712546464,1.8697844940760306
6.3999950885772705,-12.99676768068175,0.8012479118936677,0.738872980835475,-1.2762884614221623,1.4747357453347534,-12.951213651277806,0.8678473192054446,1.3046626562336767,-1.330414600908156,1.863369973161616
6.409995079040527,-12.9896853564508,0.7884373172158538,0.6779349899090298,-1.2852784856984378,1.4531127404101258,-12.938490157241127,0.8542937302297557,1.2390964947330814,-1.3792936479762907,1.8541335147738292
6.419997215270996,-12.983200435836034,0.7755499869095998,0.6191369555051456,-1.2911249861506842,1.4318988440301168,-12.926443295507093,0.8402761078655074,1.1696623287421166,-1.4233390730938416,1.8422823020031613
6.429996728897095,-12.977294326466563,0.7626232953950735,0.5625056903074706,-1.2938255762715596,1.410814400778046,-12.915106222991817,0.8258433715063997,1.0972008332839294,-1.4621533752171036,1.8280432602150631
6.439964771270752,-12.971959737164937,0.749726026434794,0.5081936397382274,-1.2933885243586696,1.3896455125006104,-12.904538185371152,0.8110984046608846,1.0228118882589314,-1.4953822694332612,1.811715289580339
6.449995756149292,-12.967127126563247,0.7367673392633021,0.45569587325696176,-1.2897947847377722,1.367928841585037,-12.89465918469876,0.7959523688841106,0.946602839625968,-1.523187648527521,1.7933648676760525
6.4599995613098145,-12.962821297041064,0.7238954749571352,0.405496410340228,-1.2830597824370742,1.345611290122925,-12.885572376467989,0.7805998818057428,0.8701070881188796,-1.5452723993420556,1.7734015712644073
6.469998836517334,-12.95900856550649,0.7111127052700433,0.3574719944722041,-1.2731834265457072,1.3224153146657838,-12.877254207508253,0.7650632409140865,0.7940027312666499,-1.5617855547197161,1.7520315226017114
6.480000019073486,-12.955664651552407,0.6984418503500817,0.3115894612961461,-1.260160331255794,1.2981109555278914,-12.869688098441049,0.7493811853260376,0.7191046309130499,-1.5728932885702527,1.7294810688266982
6.489997625350952,-12.95276984060286,0.6859215358142161,0.2678744358020273,-1.2439986940613645,1.2725130506924613,-12.862866866557727,0.733628222787225,0.6464022824630068,-1.5788125179703123,1.7060143251664515
6.500000953674316,-12.950299995328136,0.6735713222410952,0.22628592097643185,-1.2246820603708988,1.2454121675278678,-12.856756674531097,0.7178266458805389,0.575569496374502,-1.5798690854608763,1.6814477608155967
6.509992837905884,-12.948237543839834,0.6614438147483432,0.18689401798525038,-1.2022464443658416,1.216686437398305,-12.851356676955604,0.7020579600913762,0.5054357569139343,-1.576236928138579,1.6552909587123668
6.519994735717773,-12.94655510016481,0.6495427604289836,0.15024540510706547,-1.1774528949406486,1.187000000657077,-12.84665374644883,0.686326395176553,0.43454956315099624,-1.567795028759791,1.62690336991434
6.530064105987549,-12.945207381024069,0.6378108275613168,0.1182974435859308,-1.1528664871695178,1.1589199378721338,-12.842640079458508,0.6705999206743476,0.36255746726053795,-1.554250222230748,1.595976713605404
6.539962291717529,-12.944171187880011,0.6265167055176517,0.09189934115815493,-1.1292793126792648,1.1330124690181727,-12.839398895974789,0.6553007004425038,0.2923149284680099,-1.5360635777698253,1.563630177617551
6.550004959106445,-12.943361562280584,0.6152934080134498,0.07018907176165169,-1.1059369077202401,1.1081619690517128,-12.836811744484605,0.6399852104216722,0.2235519084752275,-1.5131793662833244,1.5296036252338445
6.559996128082275,-12.942747071192949,0.6043573737556063,0.05366081130129217,-1.0833030157348458,1.0846312306815271,-12.834904598477562,0.6249965682931916,0.15885129164665962,-1.4866264485622753,1.4950892717234967
6.570025682449341,-12.942270831523249,0.5936037899369997,0.04215578161500571,-1.0611727355925482,1.0620097385092777,-12.83362030588315,0.6102360221039972,0.09806089685276971,-1.4567276223100012,1.4600244193480187
6.579996824264526,-12.941886515832763,0.5831300064956463,0.035769869812383406,-1.039758090353388,1.0403731878714095,-12.832925048042377,0.5958698409780513,0.042123997033989134,-1.4244209716934768,1.4250436960761266
6.589964866638184,-12.941540866612327,0.5728699562362397,0.034420849280270234,-1.018934619324648,1.0195158426054205,-12.832763668483908,0.5818452096137182,-0.008961933959415455,-1.3902454928546095,1.3902743781940488
6.599961280822754,-12.941182487493176,0.5627860883960256,0.03812374445963825,-0.9986386019973611,0.9993660376913295,-12.833088390941032,0.5681220991215813,-0.05513434577586857,-1.3547188853993233,1.3558403499460097
6.609991788864136,-12.940760192265216,0.552868910922807,0.04692806281098542,-0.9788644517459602,0.9799887029813716,-12.833851681977134,0.5547183262400097,-0.09616910988888758,-1.318422408193621,1.3219251658561797
6.6199631690979,-12.940227613020449,0.5432038398631793,0.06073299715793182,-0.9597934649522858,0.9617130509195038,-12.834991904537718,0.5417504201032056,-0.13161765487566535,-1.2821479132564237,1.2888857507718718
6.630000352859497,-12.939527019792818,0.5336640461341762,0.07971665424638219,-0.9411872623754213,0.9445571490502718,-12.836469402806054,0.5290610492500049,-0.16174241049959678,-1.2458738752546958,1.256328906137391
6.640003681182861,-12.938613784334597,0.5243393312904736,0.10371467255221364,-0.9232335550249172,0.9290408658538977,-12.838213788431093,0.5167751965109191,-0.18599993145504992,-1.2103999234600917,1.2246076715477
6.650001049041748,-12.937435926811244,0.515196698814737,0.13276364510682934,-0.9058787295207666,0.9155558191941169,-12.840169752074381,0.5048482620815519,-0.20434461840341406,-1.1758583451312357,1.1934821200525818
6.65999960899353,-12.93594834847535,0.5062231763732522,0.1647512027647932,-0.8892368107559466,0.9043699820404552,-12.842280689039857,0.49326184340995227,-0.21690220194888832,-1.1416074031736285,1.16203013222167
6.670000314712524,-12.934142615947126,0.4974095671016864,0.19628461875741898,-0.8735090947899935,0.8952908969947027,-12.844487475263287,0.4820166131366714,-0.22335226790143436,-1.1072169035173987,1.1295200339132416
6.679972887039185,-12.932030481770314,0.4887729392584393,0.22722589761731088,-0.8587425242990487,0.8882963084396417,-12.846718401502097,0.47115201406531704,-0.22313588118221783,-1.0727010789906535,1.0956629163838105
6.690011262893677,-12.929595274542221,0.48022323091422303,0.2578647973226106,-0.844802659854288,0.8832812619970555,-12.848928160213957,0.4605545659257621,-0.21564441954969218,-1.0375436533010671,1.0597166357985746
6.69999623298645,-12.926870444121736,0.4718532654090221,0.28783572260118995,-0.8318571388853195,0.8802475235522216,-12.851012634712054,0.45037029204853035,-0.20059679641536982,-1.002365000253179,1.0222400248790227
6.7099974155426025,-12.923843790233299,0.46359486246830856,0.31734998244135026,-0.8198107407708828,0.8790908155809779,-12.852911612748196,0.4405211787300269,-0.17790901135633694,-0.9673071319784217,0.9835317503253816
6.719995737075806,-12.92052542632862,0.455454518836344,0.3463513722922661,-0.8086878295494082,0.8797359142095249,-12.854546546055566,0.4310236747789574,-0.14803873639821052,-0.9329841777661102,0.9446559921136813
6.729996681213379,-12.916918590608043,0.44741858985365435,0.3748557087137047,-0.7984823441058218,0.8820945846132272,-12.85585061158937,0.42185885644366533,-0.11174833830012514,-0.8999303844949648,0.9068419862633701
6.740000009536743,-12.913028312552747,0.4394783701135804,0.40286110740361614,-0.7891955106232958,0.8860737135512106,-12.856764242555387,0.4130140139896104,-0.07012521943351671,-0.8687078280190857,0.8715336120094487
6.749998331069946,-12.908862517286554,0.4316302545138547,0.4303478842222581,-0.7808335559632383,0.8915718387055357,-12.857239821735586,0.40447467378720764,-0.024423559639020036,-0.839787370795787,0.8401424512626067
6.759964227676392,-12.90443934210397,0.4238863789608802,0.45724260301929576,-0.7734145111311184,0.8984658057177514,-12.857244154521622,0.3962380878232612,0.023973561200643534,-0.813551176014079,0.8139043233885246
6.770002126693726,-12.899715635903084,0.4161563913496119,0.48382558866809244,-0.7668657030691498,0.9067360182510495,-12.856751115508033,0.38819383945132924,0.07442403512182587,-0.7899226399300461,0.7934208933963537
6.780011892318726,-12.894742168338384,0.40850917767505585,0.5098264296496903,-0.7612589888396619,0.9162086205982429,-12.855749225292712,0.38039350097311764,0.12594150049534694,-0.7689890267945622,0.779233844797226
6.78999924659729,-12.889522839370708,0.4009302385520111,0.5352605184406383,-0.7565813473559243,0.9267789152587831,-12.854231408751962,0.37280658112676657,0.17801795407011298,-0.7506085916147599,0.7714296142728786
6.800000905990601,-12.884046696709897,0.3933841609912609,0.5595189373571657,-0.7524601910379236,0.9376874641148406,-12.85219118086877,0.3653806077861226,0.2298319304135693,-0.7347838344246526,0.7698896021959402
6.809997081756592,-12.878339606116384,0.3858817522992204,0.5820548704811792,-0.7486525230493444,0.9482976708391787,-12.849639597522366,0.3581043971552571,0.28045628790315846,-0.7215031744309907,0.7740946713021708
6.820000648498535,-12.872411243471417,0.378410236954191,0.602896814534135,-0.7451535359251825,0.9585084042809482,-12.84658819062379,0.3509439103714435,0.3293210113035117,-0.7106035506921342,0.7832047846778237
6.829994440078735,-12.866289039931038,0.3709794344858869,0.6220092444117354,-0.7419691854401675,0.9682013077229362,-12.843061919712305,0.3438872635098112,0.37594991910121817,-0.7018607324417655,0.7962077803035487
6.839998960494995,-12.859977623129728,0.3635711086806326,0.6394308688640786,-0.7390930252381551,0.9773076977144705,-12.839077132443341,0.3369012320553715,0.42020344773366963,-0.69496238784025,0.8121229328124436
6.849995851516724,-12.853505440803499,0.3561955793561545,0.6551293695624995,-0.7365304037294997,0.9857340039185509,-12.834665512750243,0.32998116968261565,0.4619019517141647,-0.6895983371706704,0.8299995660395902
6.859997034072876,-12.846881936632766,0.3488408970337542,0.6691243439140594,-0.7342781063640687,0.9934242422570646,-12.82984796042198,0.32310604200843634,0.5010670335627365,-0.6854382668181416,0.8490546447326098
6.870003700256348,-12.84012324483363,0.3415031247963683,0.6814148725118343,-0.732336334952301,1.0003213163637414,-12.824649513520232,0.31626542160771287,0.5377141267778013,-0.6821764081686598,0.8686202472877933
6.879969120025635,-12.833278763451027,0.3342134554255066,0.6919525182525197,-0.7307125206752332,1.0063493803781849,-12.819118617833464,0.3094796271838031,0.5717417979693108,-0.6795462893340619,0.888071980693498
6.889966011047363,-12.826315675814403,0.32691546917203174,0.7008168504443235,-0.7293943311625866,1.011513889276276,-12.813242508438522,0.3026976324162997,0.6034163004956488,-0.6772928759733546,0.9071035616444867
6.899967670440674,-12.819269171934032,0.3196256640507597,0.707974872875502,-0.7283869828362349,1.01576376061974,-12.807059631379769,0.2959346413188731,0.63266890892552,-0.6752303007856288,0.9253139507324305
6.909966468811035,-12.812161520754147,0.3123463022762937,0.7134207773898659,-0.7276913151149622,1.0190700936173644,-12.800601091173661,0.2891967985166367,0.6594835395529312,-0.6732135591809261,0.9424091654935837
6.919973611831665,-12.805002137030142,0.3050664289204035,0.7171590257544812,-0.727306834474512,1.0214168099725263,-12.793873121504134,0.28246612726269243,0.6839271249755682,-0.6711364344546998,0.9582173166510372
6.930004358291626,-12.797796831028645,0.29777166097085245,0.7192602583471392,-0.7272173247126978,1.0228295833617087,-12.786901696711812,0.2757465155996628,0.7059644216085211,-0.668943408406491,0.9725590204340029
6.94000244140625,-12.790597692937771,0.2905011357388603,0.7208230281072818,-0.72716323520418,1.0238907209670185,-12.779745458659477,0.26907135224255474,0.7254785735949273,-0.6666307884166338,0.9852490897282338
6.950004816055298,-12.78338051037307,0.2832281986089582,0.7222311480868284,-0.7270561689892807,1.024806569130091,-12.772400804709774,0.2624148090900809,0.7425378596397751,-0.6642107852432346,0.9962622346710994
6.959991693496704,-12.776161403482469,0.2759680342796302,0.7234820436873255,-0.7268964316132539,1.0255752970065488,-12.764907465633316,0.2557911229960248,0.7570971218679465,-0.661738962175454,1.0055319517557735
6.969997406005859,-12.768916706296515,0.26869581721295593,0.7245800041545808,-0.726683438130599,1.0261992991977535,-12.757270756123358,0.2491833165908293,0.7691946805871334,-0.6592815635359146,1.0130708941934432
6.980001926422119,-12.76166283478529,0.2614270316372269,0.7255223596994977,-0.726417485701758,1.0266767056660002,-12.749524666127403,0.242599100037052,0.7788422826157366,-0.6569272138719516,1.018895806996798
6.990005970001221,-12.75440065296681,0.25416151163028544,0.7263092445835696,-0.7260985639254313,1.0270074212497828,-12.7416939060177,0.23603744273383562,0.7861102298152216,-0.6547649990616186,1.0230769753133446
6.999998092651367,-12.747139984287756,0.24690804045320308,0.7269400509813628,-0.7257271331113977,1.027191174735684,-12.733814913438291,0.22950685566082202,0.7911080518789949,-0.6528811685884018,1.025722072515326
7.009989976882935,-12.739874002481427,0.2396587594251509,0.7274157903477865,-0.7253028604439924,1.0272282956653465,-12.725891482498257,0.2229892030457122,0.7940096291672599,-0.6513413180734011,1.026984325021529
7.020005464553833,-12.732586802400752,0.23239681132823395,0.7277370597461643,-0.7248245417201213,1.0271182231894127,-12.71793367486418,0.21647268777106196,0.7950115873173137,-0.6501967629114893,1.027034203164322
7.029999732971191,-12.72531273094868,0.22515540879973045,0.7279023596593821,-0.7242943112722035,1.0268612830070925,-12.709990040915278,0.20997828557947573,0.7943459499332748,-0.6494813069007651,1.0260660096645453
7.0399651527404785,-12.71805862928826,0.217940296093865,0.7279127344479339,-0.7237129508541587,1.0264586617129314,-12.702082765487457,0.2035072781321931,0.7922825029752593,-0.6491988904685296,1.02429037089407
7.050002098083496,-12.710753239547183,0.21067962063375512,0.7277672925508293,-0.723074285815103,1.0259052855472506,-12.694145377911036,0.19699045053594924,0.7890629449252858,-0.6493342998787794,1.0218881367611767
7.060009717941284,-12.703471322172202,0.20344670217054697,0.7274665077173629,-0.7223843801347574,1.0252056927822697,-12.686272123652715,0.1904928536508701,0.7849914396391134,-0.6498523589901062,1.019077842361266
7.070005178451538,-12.69620216143651,0.19623010054766651,0.7270377028672688,-0.7215282233750443,1.0242981980445258,-12.67844525176343,0.18399041827988896,0.7803246720290485,-0.6507015477127087,1.0160310516775344
7.080002069473267,-12.688936007466474,0.18902445125617093,0.7266279795706136,-0.7198777643962511,1.02284515757128,-12.670669137099882,0.17747989674289313,0.7753090748497091,-0.6518188586006065,1.0129027524751373
7.090008020401001,-12.681667245978911,0.1818333324523975,0.7262595333028292,-0.7173350500409839,1.0207950253261153,-12.662939554191913,0.17095340011588536,0.7701607070095197,-0.6531328781259949,1.009816850280559
7.1000049114227295,-12.674408688496884,0.17467872891820171,0.725933032561807,-0.7139047504198919,1.0181545857267793,-12.655263724624179,0.16441518732913082,0.7650740046790118,-0.6545588337595599,1.0068691570846013
7.109967231750488,-12.667178153763405,0.16758727762639708,0.7256490262012181,-0.7096013164658013,1.0149386865997247,-12.647667295679549,0.15788803996692372,0.760221845105037,-0.6559946441821081,1.0041246072925996
7.119998216629028,-12.659900445760828,0.16049474438661226,0.7254047900390572,-0.7043756620914852,1.011116799760753,-12.640063832854619,0.15130012676234653,0.7556739335862681,-0.657344525088682,1.001571224909047
7.129999876022339,-12.652646223947738,0.15347957862923717,0.7252029544102793,-0.6982735584062452,1.0067299972955597,-12.63252639540238,0.1447193960917293,0.7515641292668315,-0.6584692041308622,0.999214858370982
7.139967203140259,-12.645418709914718,0.14655363527760176,0.7250432238576883,-0.6913065780156374,1.0017946203038028,-12.625051473743964,0.13815004724418184,0.7479410801792122,-0.6592344641953581,0.9969984644935957
7.149998426437378,-12.638146215043758,0.13965782848554759,0.7249242079827785,-0.6834020560343392,0.9962697814906466,-12.617567140115153,0.13153726716029968,0.744794948617615,-0.6594988150932382,0.9948156626208198
7.160008668899536,-12.63089005629776,0.1328600950725466,0.7248471840468661,-0.6746213687261007,0.9902108014774171,-12.610126969476209,0.12493842201910418,0.7421440481654786,-0.6591058896314678,0.9925715903522188
7.169999599456787,-12.6236483211792,0.12616743813702339,0.7248118843868835,-0.6649680996627142,0.9836334893228811,-12.602722931593666,0.11835803380763857,0.7399518042671763,-0.6579057665999354,0.9901356828049873
7.1800007820129395,-12.616399368536943,0.11956901791131261,0.7248181495766494,-0.6544151538680429,0.9765349679186365,-12.595334074554374,0.11179015599489411,0.7381604658492278,-0.6557454709667069,0.9873616338688157
7.190013408660889,-12.609141778697875,0.11307317031515288,0.7248661159529776,-0.6429581732112128,0.968930388911327,-12.587948533194464,0.1052379042147147,0.7367027869009588,-0.6524730612576607,0.9840996351460469
7.199998140335083,-12.601903745567501,0.10671411702290654,0.7249554921696065,-0.6306445074706807,0.9608709384874816,-12.58059937426511,0.09874494257796905,0.7355098287744987,-0.6479715816462099,0.9802254224641306
7.210014820098877,-12.594641613146212,0.10046283274797174,0.725072427044296,-0.6173981853985332,0.9523185096349369,-12.573235890696806,0.0922815639175488,0.7344951093336286,-0.642084826443162,0.9755798224561456
7.220006942749023,-12.587395985214261,0.09436340666390741,0.7251797465684949,-0.6032877224939054,0.9433142323452085,-12.565902192451603,0.08590196041899698,0.7335877566337617,-0.6347388237269749,0.9700744152018745
7.230003118515015,-12.580146582317505,0.08840721192957947,0.7252759679540861,-0.5882759334350481,0.9338596273266201,-12.558573173338791,0.0795999614773287,0.7327128806928638,-0.6258186003503745,0.963595914311459
7.2399985790252686,-12.572896553987745,0.0826057757242572,0.7253610451580892,-0.5723686513710797,0.9239883759578278,-12.551253150918182,0.07339544234133673,0.7318082337711159,-0.6152497470195697,0.9560729795485514
7.250002145767212,-12.56563996662761,0.07696340676538899,0.725435036465908,-0.5555515982551005,0.9137251066136302,-12.543937537613076,0.06730096421123562,0.7308214158758977,-0.6029605735490721,0.9474499433518785
7.260000228881836,-12.558386773648145,0.0714967813253917,0.7254978376355592,-0.5378472706879518,0.9031205894011891,-12.536635764431283,0.06134091872817625,0.7297145763690516,-0.5889181692734592,0.9377142278252298
7.270002603530884,-12.551129747881426,0.06620931100510644,0.7255495140965013,-0.5192379070812094,0.892205190276174,-12.52936626115832,0.055546264648299586,0.7284656454038364,-0.5731327736807099,0.9268998720469066
7.28000545501709,-12.543871926517225,0.061112237092569716,0.7255900367245927,-0.4997303441007074,0.8810285569770183,-12.522063283766599,0.04988243025456516,0.72705011330256,-0.555426866924629,0.914932167843592
7.290000915527344,-12.536619205734542,0.05621838404621255,0.725619385016004,-0.4793410770775257,0.8696501365979575,-12.514804928514701,0.04442722914480879,0.7254835171442958,-0.5359745812782255,0.9019950584257249
7.300013542175293,-12.529353835971287,0.051524973689132905,0.725637615194737,-0.4580186037757863,0.8580973079961421,-12.507548250393626,0.039165097493703796,0.7237693459143003,-0.5146626058001414,0.8880989043424194
7.310002565383911,-12.522105243530033,0.047059708296071,0.7256446640581179,-0.4358497900240474,0.8464781260847943,-12.50032758462106,0.03413779677516808,0.7219381695058366,-0.4915995258743107,0.8734213269833093
7.320003271102905,-12.514848371925233,0.04281566051652658,0.7256405759951035,-0.4127592642595704,0.8348200139926015,-12.493118878037487,0.02934543343826287,0.7200142352281094,-0.46672300213612833,0.8580506160210362
7.330004692077637,-12.507591008481288,0.03880670158554583,0.7256253349313058,-0.3887698094362082,0.8232096278732625,-12.485926965041987,0.024809011370791754,0.7180343433242925,-0.4400614279884673,0.8421563860687615
7.3400068283081055,-12.500333269861434,0.035041864612441374,0.7255989381759302,-0.36388122505418014,0.8117286277007657,-12.478754286424001,0.020547677318732097,0.7160379988563464,-0.4116406595390385,0.8259288397870218
7.349964618682861,-12.493108044340687,0.03154290570785208,0.7255679554345189,-0.3390214826106016,0.8008647973440451,-12.471633620953726,0.01659631861455329,0.71407387043898,-0.38162481521348074,0.8096536247250602
7.360001564025879,-12.48582576534425,0.028262186558891796,0.725539709574509,-0.31486350901503923,0.7909152290092324,-12.46447618833795,0.012925026074783597,0.7121583707534695,-0.3496931310478505,0.7933818947620908
7.370027303695679,-12.47855183479844,0.025222645891484326,0.72551449973979,-0.2916354013451571,0.7819350974668093,-12.457346545962704,0.00958614812582267,0.7103479259141986,-0.31624566833623247,0.7775638228415942
7.380006551742554,-12.471311922320112,0.022424001343489527,0.7254923891136447,-0.2694114517683752,0.7739003404869179,-12.450266049625549,0.006602053754241537,0.7086782985433759,-0.2815621060412074,0.762562882905203
7.3900041580200195,-12.464058766819456,0.01983807290903979,0.725473220895434,-0.2480429053569665,0.766705078328245,-12.443189107297211,0.003965943542629583,0.707161466297801,-0.24563839521154607,0.7486090839807915
7.400000810623169,-12.456806510584245,0.017461520843623353,0.7254570403913887,-0.22757387369042345,0.7603142675498716,-12.436125501784986,0.0016935123257914996,0.7058150375579747,-0.20879053172040954,0.7360491514695582
7.410008192062378,-12.44954662587029,0.015282877103967703,0.7254438329985329,-0.20798168097043973,0.7546688906102418,-12.42907028453674,-0.00020817357117820461,0.704645958505688,-0.1713137559588987,0.7251719312129675
7.420006990432739,-12.442293216782549,0.013297460183004298,0.7254336253050575,-0.1893047334378083,0.7497267681130229,-12.42202811847015,-0.001732950133306533,0.7036562027812872,-0.13359783856418067,0.7162265243493854
7.430055141448975,-12.435003956477106,0.011485804344206388,0.7254263760925526,-0.17143962068894741,0.7454092638763914,-12.414962124048463,-0.0028851065377022735,0.7028374484548895,-0.09584209197633041,0.709342079355919
7.4400012493133545,-12.427788730958763,0.00986486798231354,0.7254221711796248,-0.1546486736553192,0.7417233572581561,-12.407974541254248,-0.0036548563286067496,0.7021909396931173,-0.05899879516262239,0.7046651499951904
7.450013160705566,-12.420526006613253,0.008397433812098395,0.725420923412075,-0.13864422279400518,0.7385511063143709,-12.400947723820225,-0.004063562751620657,0.701692731081884,-0.022855922242625486,0.7020648702468414
7.460001707077026,-12.41328002832781,0.00708857911922683,0.725422662812097,-0.12357361047769402,0.7358725955815221,-12.393939683678006,-0.004117138974669016,0.7013323704380908,0.011887755823549982,0.7014331133920267
7.470019102096558,-12.406013253147147,0.005922654161299899,0.7254274008670861,-0.10935956104481315,0.7336241732117953,-12.386915755464694,-0.0038304264934011997,0.7010905853137606,0.045029628010748134,0.7025351779194959
7.480008602142334,-12.398766462919157,0.004897257038840505,0.7254350566449103,-0.09608184445889276,0.7317702796944046,-12.37991636324078,-0.003224235399260335,0.7009492504652063,0.0760464199768805,0.705062344561837
7.489960670471191,-12.391546807250556,0.004003197679481834,0.7254431858490628,-0.08373638312662221,0.730259952177282,-12.372939717303177,-0.0023230016393717625,0.7008870284630144,0.1046752392647711,0.7086603787307793
7.500037908554077,-12.384236433203672,0.0032186210679250324,0.7254506092341337,-0.07212868665284052,0.7290275261445479,-12.365874201800573,-0.0011320712648666355,0.7008826769460756,0.13108894280822372,0.7130363509455004
7.509998083114624,-12.377010632614613,0.0025536628417739435,0.7254571478139886,-0.06153817445944783,0.7280625112105475,-12.35889334492918,0.00029211581506890984,0.7009148001187885,0.15445539397445202,0.7177311653769567
7.520004987716675,-12.369751151452139,0.0019874186673510797,0.7254629170620934,-0.051782167509039266,0.7273086256220093,-12.351880132076829,0.0019429089910901337,0.7009622023097533,0.17502334176569043,0.722482649777674
7.530018091201782,-12.362486899576918,0.0015140890647896957,0.7254678876678753,-0.042906515193399976,0.7267355950298089,-12.344860783921739,0.0037861388010912464,0.701004567449989,0.19261802508784695,0.7269863184231795
7.540006160736084,-12.355240986135694,0.0011260777210003417,0.7254720460871205,-0.034936942400442934,0.7263127973525766,-12.337859486037372,0.005785143570704554,0.7010237106873002,0.2072059205301665,0.7310051548713902
7.549964427947998,-12.348016493260204,0.0008140824669511589,0.7254753971415149,-0.027869552260757675,0.7260105121834352,-12.33087696851654,0.007909441578838081,0.7010043785864853,0.21887997196300274,0.7343810869868241
7.560001850128174,-12.340734595816508,0.0005663856327406572,0.7254779714557406,-0.021633792096473925,0.7258004602010182,-12.323841483293245,0.010153650540723754,0.7009334900861715,0.22785647390814312,0.7370388932927715
7.5700037479400635,-12.333478323740795,0.00037738275039809577,0.7254797344284412,-0.01630655972200571,0.7256629720168509,-12.316831580526255,0.012466357334905653,0.7008026759871456,0.23418814480221467,0.7388967978254116
7.580003023147583,-12.326224157165976,0.00023727182733666608,0.7254806963776678,-0.011865496720820611,0.7255777221146317,-12.309825205150867,0.014829514725497494,0.7006068212397564,0.23810927649621014,0.7399634758021673
7.589999198913574,-12.31897202139889,0.00013716892959940446,0.725480858002147,-0.008309792441807743,0.7255284473940062,-12.302822312670076,0.017220362304775003,0.7003449883078511,0.23984768623772004,0.7402769854868594
7.599999189376831,-12.311717168189045,6.817052869857616e-05,0.7254802192947806,-0.0056372398869792536,0.7255021206457954,-12.295820472857068,0.019619329064565413,0.7000200487552596,0.23964501184404122,0.7399039129245409
7.6100099086761475,-12.3044546693915,2.1433928354568335e-05,0.7254787781032126,-0.0038479189234383528,0.725488982658022,-12.288814999629166,0.02201002013988556,0.6996383224002816,0.23774382425944668,0.7389288924819404
7.619999170303345,-12.29720761910061,-1.168804685736385e-05,0.7254766154842411,-0.0028860266591311232,0.7254823559290375,-12.281829640270296,0.024368819783561188,0.6992110819218386,0.23439509451003446,0.7374531832005853
7.6300013065338135,-12.289951406356765,-3.681019423280381e-05,0.725474472982634,-0.0021496853284218545,0.7254776578892295,-12.274837373806719,0.026691606994366044,0.6987491671525685,0.2298138893611574,0.7355710858507901
7.6399986743927,-12.28269859612209,-5.4929341088023604e-05,0.7254725459181417,-0.001487385961454105,0.7254740706585926,-12.267853826536323,0.028962027276305438,0.6982679363370599,0.22421711021331683,0.7333835445582529
7.649996757507324,-12.275445178725434,-6.679633618600058e-05,0.7254708331037151,-0.0008987205895928112,0.7254713897755697,-12.260874611096511,0.03117235486522785,0.6977825934384202,0.21778993889133874,0.7309808514509396
7.659964323043823,-12.268214145052509,-7.313428276046677e-05,0.7254693390058169,-0.0003852242612336149,0.7254694412828623,-12.253923299869657,0.03330803705617897,0.6973104857047929,0.21072613614988567,0.7284555016818216
7.670000791549683,-12.260932892350787,-7.471511798694516e-05,0.7254680498594199,5.783383290992026e-05,0.7254680521646574,-12.246925589571696,0.03538545849573224,0.6968620540827948,0.20309648509885184,0.7258546029887805
7.680002450942993,-12.253677118296206,-7.223677161407938e-05,0.7254669801657756,0.0004254698556937528,0.7254671049299534,-12.239958525492787,0.0373769317813636,0.6964564604908203,0.19511606279805058,0.7232716497424839
7.689995288848877,-12.246427597954128,-6.645646961278979e-05,0.7254661256830746,0.0007191416455865549,0.7254664821191376,-12.23300345273837,0.039285000949362554,0.6961045786167736,0.1868815326782194,0.7207539744097123
7.700003147125244,-12.239167125473505,-5.809516161108246e-05,0.7254654845927151,0.0009394742266118242,0.7254660928997064,-12.226038564911752,0.04111323216038239,0.6958153578988631,0.1784656290322979,0.7183376594846025
7.7099974155426025,-12.23191670892675,-4.79132962074491e-05,0.7254650587901811,0.0010858161510817843,0.7254658713696702,-12.219084769549498,0.04285468462059955,0.6955970267441489,0.16997637158036225,0.7160636776927912
7.720011472702026,-12.22465184648154,-3.661374912910333e-05,0.7254648470318392,0.00115859483744909,0.7254657721911677,-12.212123390303937,0.04451331436641383,0.6954535666147714,0.16145876480299276,0.7139499954821168
7.730001211166382,-12.217404695127772,-2.4983809651969985e-05,0.7254648501104559,0.0011575378213202162,0.7254657735824579,-12.205170116472738,0.046085293770918884,0.6953869984806311,0.15298556791221024,0.7120166161300752
7.739998817443848,-12.210151812225494,-1.3723337680181879e-05,0.7254650675046538,0.0010828242942472399,0.7254658756123433,-12.198217944959875,0.047572732060433026,0.695396100724867,0.14458869535950056,0.7102687010766502
7.750009298324585,-12.202889479791802,-3.5659876709170447e-06,0.7254654999988683,0.000934184659975536,0.7254661014751737,-12.191256351640646,0.04897846096026173,0.6954775118198099,0.13628443693732437,0.7087047461379086
7.759995460510254,-12.195644900011072,4.749893404826094e-06,0.725466096596318,0.0007291455357877027,0.7254664630180437,-12.184311055333717,0.05029847155460602,0.6956251144768547,0.12812170597465034,0.7073255766850172
7.769988298416138,-12.18839545374545,1.1055985021121339e-05,0.7254666578064521,0.0005362680075293128,0.7254668560122094,-12.177359256665367,0.05153842507841374,0.6958318731111021,0.12008327948807718,0.7061175466237307
7.779989957809448,-12.181139610067364,1.5536441345304556e-05,0.7254671620411368,0.0003629715025787762,0.7254672528435262,-12.170397980983841,0.0526998593291772,0.6960893808058161,0.1121691998025101,0.7050690430411477
7.789998769760132,-12.173878401153475,1.838401413897058e-05,0.7254676090889971,0.00020932866596113585,0.7254676392891666,-12.163429039808598,0.05378351305012101,0.6963882459531143,0.10438042771431934,0.7041674962617058
7.799997091293335,-12.166625049949943,1.979199003772925e-05,0.7254679981657121,7.56090556337883e-05,0.7254680021057407,-12.15646485861522,0.05478875649393433,0.6967181648429619,0.09672683860475174,0.7034005135970647
7.809995412826538,-12.159371611714725,1.996172279642641e-05,0.7254683297899338,-3.836558008693666e-05,0.7254683308043942,-12.149502320185615,0.05571745037174977,0.6970696501175319,0.08920015446996342,0.7027537012869044
7.819996356964111,-12.152116171785067,1.9090255431356552e-05,0.7254686040244847,-0.0001326168325348255,0.7254686161457701,-12.142524962730196,0.05657283597396608,0.6974345667241274,0.08177910909855649,0.7022127865160424
7.830001592636108,-12.144857709273552,1.737411300263941e-05,0.7254688208483195,-0.00020713746970883035,0.7254688504194943,-12.135544511980726,0.05735447853682212,0.6978042365782743,0.0744746382905942,0.7017672152039471
7.839997053146362,-12.13760636680948,1.5013868358182049e-05,0.7254689800072254,-0.00026184011971260853,0.7254690272595876,-12.128567044097945,0.0580629804290142,0.6981714398447333,0.06729370622802884,0.7014070161559351
7.849997282028198,-12.130351456635536,1.2204020785506936e-05,0.7254690817780549,-0.00029681993529795885,0.7254691424988166,-12.121583356372868,0.0587005137224917,0.6985311459066226,0.06023050664426622,0.7011230104141813
7.860000371932983,-12.123094586964624,9.142297897965066e-06,0.7254691260725972,-0.0003120465998748787,0.7254691931830175,-12.114594556154604,0.05926816020152381,0.6988792500036162,0.05329300386538267,0.7009082324717072
7.869996070861816,-12.115842998553418,6.029357326874672e-06,0.7254691128861451,-0.00030751849193875753,0.7254691780630196,-12.107607775286878,0.059766736527125934,0.6992128707284581,0.04649764285571029,0.7007572114387897
7.880002021789551,-12.10858390848567,3.0573898344938354e-06,0.7254690421690582,-0.0002832185578761084,0.7254690974524292,-12.100609499233933,0.06019858533652279,0.6995315465903457,0.039843260886122445,0.7006653053442282
7.8899986743927,-12.101331636644815,4.29763257510552e-07,0.7254689140526948,-0.00023919193489262955,0.725468953484281,-12.09361452609349,0.060564352543808084,0.6998348380647258,0.033357548956751,0.7006293789454472
7.899998903274536,-12.094076786538885,-1.6824193324703638e-06,0.7254687527138123,-0.00018374704789296393,0.7254687759835788,-12.086614242521176,0.0608662415033514,0.7001245229555306,0.02704710029872901,0.7006467678354613
7.909996509552002,-12.086823945352505,-3.2622771829693188e-06,0.7254686055918823,-0.00013318662818144115,0.7254686178175511,-12.079613718634453,0.061105897831252934,0.7004027334414313,0.020931475929014128,0.7007154313248678
7.9199957847595215,-12.079569695249285,-4.363274704952539e-06,0.7254684738434749,-8.79081342571533e-05,0.7254684791695781,-12.072609761335531,0.06128545375950027,0.7006726501571487,0.015022346886663374,0.700833670412763
7.930000305175781,-12.072311656539762,-5.038224518591417e-06,0.7254683574419389,-4.790240509711623e-05,0.7254683590234279,-12.065598358780068,0.061407079736829,0.7009379332260673,0.009329795154259489,0.7010000223344157
7.940003871917725,-12.065054507616267,-5.3394171510940835e-06,0.72546825647155,-1.3198404207526443e-05,0.725468256591609,-12.058583936253017,0.06147290613441338,0.7012021439632395,0.00386875531484408,0.7012128164589762
7.94999623298645,-12.057805286816425,-5.320120301907623e-06,0.7254681710021549,1.6179858100142838e-05,0.7254681711825817,-12.051576044345907,0.061485316654002926,0.701468633222221,-0.0013454022145683972,0.701469923447734
7.9599974155426025,-12.05054975014302,-5.03331606075639e-06,0.725468100860687,4.0291868925941885e-05,0.7254681019795748,-12.04455955882723,0.061446787648815275,0.7017414636628457,-0.006318657351120724,0.7017699104794918
7.969995975494385,-12.043296094507234,-4.531990385887729e-06,0.7254680461405169,5.910553365790664e-05,0.7254680485482481,-12.037542573733564,0.06135979772393073,0.7020234111230164,-0.011043013878108807,0.702110260514905
7.979997873306274,-12.036040162822971,-3.868780053341776e-06,0.7254680068115471,7.263120053877903e-05,0.725468010447332,-12.03051835536479,0.06122670843905663,0.7023173007786463,-0.015524029759811151,0.7024888514937351
7.990000247955322,-12.02878371274539,-3.0967101354187692e-06,0.7254679828922102,8.086253354860428e-05,0.7254679873987835,-12.023492006231644,0.06105003343600503,0.7026248361512561,-0.019762593765447412,0.7029027105431573
7.999996185302734,-12.021532042938468,-2.2693428606030304e-06,0.7254679743863982,8.379818557103345e-05,0.7254679792261265,-12.016467019197421,0.060832299674495396,0.7029470596953503,-0.0237640290146471,0.7033486317675947
8.009994506835938,-12.014278460806029,-1.4388481647280387e-06,0.7254679812771282,8.144400396115233e-05,0.7254679858487468,-12.009437010651348,0.06057563094580571,0.7032847589971272,-0.027541643244092022,0.7038238375831214
8.020001411437988,-12.007018846986725,-6.577307213646162e-07,0.7254680035936174,7.378995788287788e-05,0.7254680073463383,-12.002398732935912,0.060282052179057764,0.7036379244110966,-0.031108366173784957,0.7043252509427433
8.029999732971191,-11.999765379757632,1.976050032671749e-08,0.7254680412878376,6.085252332504682e-05,0.7254680438400034,-11.995373551683716,0.05995463111116107,0.7040046189093647,-0.03446685939934686,0.7048478331119237
8.040000677108765,-11.992509893132718,5.538403790179884e-07,0.7254680840002897,4.618801068522206e-05,0.725468085470604,-11.988318652030175,0.05959322060448334,0.7043857376562962,-0.03765077629194789,0.7053912732441413
8.05000615119934,-11.985251390330376,9.48489282541275e-07,0.7254681225829502,3.29368324946144e-05,0.7254681233306295,-11.981271947202384,0.05920149532102125,0.7047774315879202,-0.04065660034005627,0.7059491392635
8.060003519058228,-11.97799858571513,1.217493143182327e-06,0.7254681569917966,2.1114110895957407e-05,0.7254681572990503,-11.974220914790552,0.05878049065253958,0.7051782086251142,-0.043503775764973926,0.7065188493066085
8.069963932037354,-11.97077257231674,1.3749898810628494e-06,0.7254681871545638,1.0744713730297765e-05,0.7254681872341324,-11.967196039994606,0.058333742618503576,0.7055839211138757,-0.046193902366264424,0.7070944394847523
8.080011367797852,-11.96348350456863,1.4363616142834653e-06,0.7254682134152085,1.710347119789432e-06,0.7254682134172247,-11.960106615385476,0.057856666114597645,0.7059973796700123,-0.04877225303754831,0.7076800355861977
8.090006828308105,-11.956232084026297,1.414458784036686e-06,0.7254682353891568,-5.85672437124552e-06,0.7254682354127976,-11.953047246139379,0.057356825350921375,0.7064106295310947,-0.05121408642050378,0.708264682278034
8.100001811981201,-11.948981129035634,1.324008558985908e-06,0.7254682532217785,-1.2006491231314338e-05,0.7254682533211322,-11.945981916534516,0.05683301929790746,0.706823445302295,-0.053541038762278156,0.7088483798815867
8.109989166259766,-11.941735545979942,1.1792964335152046e-06,0.7254682669060052,-1.6736502844225054e-05,0.7254682670990601,-11.938921050625284,0.05628717606863496,0.7072331234069152,-0.055756418246379766,0.7094275643218032
8.120007276535034,-11.934467802654247,9.937953958755776e-07,0.7254682764794504,-2.005980967883679e-05,0.7254682767567858,-11.931834533950067,0.055717957068327495,0.7076395840071016,-0.0578740553629393,0.7100022444597597
8.129968404769897,-11.927241339124185,7.833803192176151e-07,0.725468281874912,-2.1953003007968116e-05,0.7254682822070659,-11.924782152947877,0.05513128041049086,0.708037953178979,-0.059879575926994257,0.7105654837909555
8.140000581741333,-11.919963172887254,5.595165484639763e-07,0.7254682831528789,-2.243738492942245e-05,0.7254682834998523,-11.917677027634756,0.054520840384401754,0.7084319973158812,-0.061798743383195215,0.7111223379311824
8.149962663650513,-11.912736051332093,3.394662861125141e-07,0.7254682802947469,-2.1505924661597593e-05,0.7254682806135098,-11.910617922589925,0.053896149287396874,0.7088155198296737,-0.06360525681374254,0.7116635931714876
8.160000562667847,-11.905453837765215,1.3425121704545954e-07,0.7254682732550702,-1.9143754753694404e-05,0.7254682735076543,-11.903500787769506,0.05324894323534331,0.7091937682887045,-0.0653245513617734,0.7121959688106566
8.169966220855713,-11.898224111193121,-3.9012369296052766e-08,0.7254682622947559,-1.5438886330005612e-05,0.7254682624590354,-11.896432470038656,0.05258997020881376,0.709561036003516,-0.06692940353237775,0.7127106066781824
8.179967164993286,-11.890968767000794,-1.7385415289315141e-07,0.7254682509549861,-1.159035825431731e-05,0.7254682510475722,-11.889334483320962,0.05191300103577081,0.7099216877303914,-0.06843603038079683,0.713212656200273
8.189967632293701,-11.88371370004491,-2.721046312413531e-07,0.7254682407832537,-8.122038331009819e-06,0.7254682408287191,-11.882233208952396,0.05122152248202071,0.7102748437929631,-0.06983619280533777,0.7136998301461634
8.19996190071106,-11.876463186223528,-3.375388446654253e-07,0.7254682317843874,-5.035591214361933e-06,0.7254682318018638,-11.875132582286279,0.05051699798492596,0.7106210025274394,-0.07112728088794303,0.7141717575762958
8.210001230239868,-11.869180040925544,-3.74127607406086e-07,0.7254682239190218,-2.3173966244073844e-06,0.7254682239227231,-11.867998698296695,0.049797076525079746,0.7109625945572404,-0.0723132741793712,0.7146306881754407
8.219992876052856,-11.861931301030818,-3.853509025011235e-07,0.7254682172591239,7.66561004510527e-09,0.7254682172591239,-11.860891450409158,0.049068916875921034,0.711297643398474,-0.07338349080414258,0.7150730551676692
8.23000454902649,-11.85466823827791,-3.751994237080621e-07,0.7254682117550697,1.9568054402790917e-06,0.7254682117577087,-11.853767552206612,0.04832922029226784,0.7116291068528869,-0.07434467677166073,0.7155020032707947
8.240041017532349,-11.84738711286682,-3.4735288126882954e-07,0.7254682074118529,3.5284784835463292e-06,0.7254682074204336,-11.846623878551155,0.047578710347619756,0.7119579804179983,-0.07519737954002699,0.7159181599670187
8.249963283538818,-11.840188701025259,-3.061904405017916e-07,0.7254682042739964,4.706006393755369e-06,0.72546820428926,-11.83955856555384,0.04682890731553557,0.7122805843906969,-0.07593333881053153,0.7163166219227832
8.260026454925537,-11.832888196245428,-2.544243178262143e-07,0.7254682022656225,5.518096303293638e-06,0.7254682022866086,-11.832391147337216,0.04606168024386962,0.712605830486181,-0.07657324490875476,0.7167081215381585
8.270004987716675,-11.825649202477724,-1.96926312813899e-07,0.725468201441523,5.943364508173352e-06,0.7254682014658684,-11.825277113329737,0.04529467150372267,0.7129271886701116,-0.07710610782583698,0.7170847426972063
8.280005693435669,-11.818394051084654,-1.3693917863107993e-07,0.7254682017818929,5.989942347391281e-06,0.7254682018066213,-11.818147426715575,0.044521479835614136,0.7132481586225476,-0.07754216096413266,0.7174508502367548
8.290003299713135,-11.81114101514762,-7.840316725390981e-08,0.7254682032892619,5.656610031729893e-06,0.7254682033113147,-11.811012844041366,0.043744212604547424,0.713568451835926,-0.07788534066544227,0.7178064235893213
8.300001859664917,-11.803887387933099,-2.5094468802970664e-08,0.7254682059638247,4.943362915687041e-06,0.7254682059806667,-11.803875974514842,0.04296405619868459,0.7138879764765449,-0.0781408343358225,0.7181518174790581
8.309996128082275,-11.796636795319799,1.9247461505020682e-08,0.7254682096229952,3.902526926155596e-06,0.7254682096334917,-11.796739403145637,0.042182142499321056,0.7142064789223378,-0.07831424430542944,0.7184873105321863
8.320003271102905,-11.789377047987134,5.316387078837511e-08,0.7254682130143114,2.893016577092318e-06,0.7254682130200798,-11.789591869784921,0.041398026957915474,0.7145241740668938,-0.07841149593862912,0.7188137157993791
8.330016374588013,-11.782112756290196,7.750075235376516e-08,0.7254682158928014,1.9849366501190234e-06,0.7254682158955168,-11.78243466200603,0.040612583131805276,0.7148405885624146,-0.0784380651973516,0.7191311404244454
8.339999914169312,-11.774870027658869,9.322087848350951e-08,0.725468218249928,1.1811923801458825e-06,0.7254682182508896,-11.77529648656246,0.03982963690008169,0.7151539549249168,-0.07839961715442918,0.7194384471340902
8.349962711334229,-11.767642432273638,1.0141340958394492e-07,0.7254682200916764,4.80298690590725e-07,0.7254682200918354,-11.76816965746029,0.039048958769196805,0.7154640648060334,-0.07830174872552925,0.7197360570947158
8.359999895095825,-11.76036066761144,1.0311753463543587e-07,0.7254682214315624,-1.236436153856883e-07,0.725468221431573,-11.760987120425163,0.038263787522229205,0.7157732073047897,-0.07814777093639398,0.7200266372834498
8.370002269744873,-11.753104364696586,9.92964436745922e-08,0.7254682222518835,-6.234255818551366e-07,0.7254682222521514,-11.753835319794128,0.03748410188594393,0.7160770435864909,-0.0779436816032018,0.7203065665766422
8.380005598068237,-11.745847276094015,9.09847733971364e-08,0.725468222558232,-1.0213752766727428e-06,0.7254682225589509,-11.746661782052678,0.036704663293334626,0.7163772176987829,-0.07769182167643418,0.7205777801134673
8.390004634857178,-11.738593224300924,7.920742922805817e-08,0.7254682223506856,-1.3173304912077016e-06,0.7254682223518817,-11.739497141913645,0.035929252755793895,0.7166719044775997,-0.07739638315603882,0.7208389686977156
8.40000319480896,-11.731339546128616,6.498055749251899e-08,0.7254682216295308,-1.5114716840413026e-06,0.7254682216311054,-11.732329508894926,0.03515699726251971,0.7169611393842729,-0.07705957047263969,0.7210904608914352
8.410036325454712,-11.724060892271662,4.9266235814646025e-08,0.725468220389631,-1.6039588255758895e-06,0.7254682203914041,-11.725135048129308,0.034385747514311275,0.7172454748262338,-0.07668212444528812,0.7213329462655593
8.420002937316895,-11.716830342776383,3.32438767874402e-08,0.7254682186458918,-1.5943502281674627e-06,0.7254682186476438,-11.717987253756249,0.03362373200009133,0.7175217695140468,-0.07626976275830859,0.7215639725192615
8.430005311965942,-11.709574009435148,1.776862373805967e-08,0.7254682163828655,-1.483017659180727e-06,0.7254682163843813,-11.710806518789708,0.032862817198872483,0.7177929435433893,-0.07581919108802468,0.7217861591482104
8.439998388290405,-11.702324313427805,3.928037816366478e-09,0.725468213608632,-1.2700559571952378e-06,0.7254682136097437,-11.703633474314497,0.03210767669072892,0.7180573708513173,-0.07533372464062943,0.7219983087945127
8.449962139129639,-11.695096039800834,-7.314558079188597e-09,0.7254682106417031,-9.859865673767251e-07,0.7254682106423731,-11.696477382793155,0.031359596575358334,0.7183147700147966,-0.07481487000721804,0.7222003694236158
8.460001945495605,-11.687812415151974,-1.5857831431671308e-08,0.7254682084279936,-7.204621592115533e-07,0.7254682084283514,-11.689264341338184,0.030611239792384278,0.7185678391430501,-0.07425747918265947,0.7223945685463558
8.469996213912964,-11.680561855911023,-2.1851313764969932e-08,0.7254682070678704,-4.834580386366246e-07,0.7254682070680315,-11.682081294448212,0.029871978558701075,0.7188136641652835,-0.07366862572805843,0.722578819373625
8.480005741119385,-11.673300257955226,-2.5616450536226275e-08,0.7254682065492173,-2.734081039341529e-07,0.7254682065492688,-11.674884644145786,0.02913763636382131,0.7190539617025373,-0.0730453252214514,0.7227546052269896
8.490002632141113,-11.666047780586693,-2.7414753279575263e-08,0.7254682068738078,-9.090630699168921e-08,0.7254682068738134,-11.667697609176873,0.028410904440869737,0.7192882023624128,-0.07239016004977274,0.7229217477222435
8.499998569488525,-11.658796069305131,-2.7524955012465346e-08,0.7254682080402937,6.431336305106766e-08,0.7254682080402964,-11.660504968636886,0.02769055380297229,0.7195171595498343,-0.07170247958907482,0.7230810386574131
8.51000165939331,-11.65153917163547,-2.621847205394006e-08,0.7254682100504024,1.923533835159969e-07,0.7254682100504279,-11.653309143043307,0.026977145401254343,0.7197410323914508,-0.07098335275761514,0.72323287402926
8.519999980926514,-11.644285818579174,-2.3769173578356715e-08,0.7254682129020014,2.930504447031739e-07,0.7254682129020606,-11.646108695335641,0.026270845688755724,0.7199601390692355,-0.070233679348056,0.7233777516369704
8.530001163482666,-11.637030228871645,-2.044830288728869e-08,0.7254682165971358,3.664921863027133e-07,0.7254682165972284,-11.638907098155585,0.02557228918828523,0.7201746334059659,-0.06945509099763189,0.7235160760252025
8.540004014968872,-11.629773517549076,-1.6528754906838062e-08,0.7254682211358225,4.126483758599183e-07,0.7254682211359399,-11.631705206024755,0.024881832494114374,0.720384726379324,-0.06864918029833662,0.7236483012874743
8.549962520599365,-11.622548913949657,-1.2303146240169434e-08,0.7254682264918872,4.314822422124822e-07,0.7254682264920156,-11.62452680981636,0.024201967170843584,0.7205899485460573,-0.0678204379164122,0.7237744716034018
8.559999465942383,-11.61526739440801,-7.991509188292142e-09,0.7254682327356502,4.230859202425469e-07,0.7254682327357735,-11.617293160147584,0.02352554332822438,0.7207926797235522,-0.06696143091294664,0.7238963464288023
8.570003986358643,-11.608009428576779,-3.91465822280659e-09,0.7254682398039227,3.87363994503213e-07,0.7254682398040262,-11.610081955983354,0.022860092083255183,0.7209908336942635,-0.06608325221277929,0.7240129684571728
8.580004453659058,-11.600754434188554,-3.331207885371599e-10,0.7254682477121215,3.243650097651472e-07,0.7254682477121941,-11.602873971791038,0.02220399463607289,0.7211850228274725,-0.06518574257109144,0.7241250017677934
8.590004205703735,-11.593499925785,2.523278469190949e-09,0.725468255044902,2.4797284603941426e-07,0.7254682550449443,-11.595657418957265,0.021556368729173634,0.721375587078034,-0.06426952784266368,0.7242329113215562
8.60000228881836,-11.586246663675846,4.650212346957011e-09,0.7254682597075809,1.7871520257327747e-07,0.7254682597076029,-11.588445945255996,0.020918600596918288,0.7215621601931654,-0.06333845106726016,0.7243367382690367
8.61000680923462,-11.578988581522378,6.122012883046842e-09,0.7254682616829764,1.1672661741096927e-07,0.7254682616829858,-11.581229133072846,0.020289907819938675,0.721744979602973,-0.062393242396427656,0.7244368380189092
8.620013236999512,-11.571729374886807,7.010337973064553e-09,0.7254682609667771,6.204764096315374e-08,0.7254682609667797,-11.57400329270226,0.019670114573094016,0.721924074053146,-0.06143538290818551,0.7245334188086616
8.630003452301025,-11.56448178156774,7.387918348228886e-09,0.7254682575660705,1.475836351183804e-08,0.7254682575660707,-11.566791314859362,0.019061266814810678,0.72209881488787,-0.060469810823630385,0.7246263150641936
8.64000391960144,-11.557226770383178,7.329256084836869e-09,0.7254682514742596,-2.5271731227794476e-08,0.7254682514742601,-11.559543139765552,0.018459272610548246,0.7222703185393428,-0.05949153566027307,0.7247162588614534
8.650017023086548,-11.549962582099713,6.906099189232503e-09,0.7254682426806398,-5.8027262252391564e-08,0.725468242680642,-11.552332828038434,0.01787032723244792,0.7224367657245395,-0.05851216199538458,0.7248024238176273
8.660014390945435,-11.542709814238691,6.192968403977762e-09,0.7254682312113931,-8.341874367341905e-08,0.725468231211398,-11.54511021948433,0.017290337419891,0.7225992617551601,-0.057526331710244315,0.7248854888388506
8.670023679733276,-11.535448348141841,5.261297044617281e-09,0.7254682170362184,-1.0152072689104406e-07,0.7254682170362255,-11.53787751836239,0.016719559728692948,0.7227576780012387,-0.05653558404931589,0.7249654704698283
8.679996967315674,-11.52821305491662,4.189143438889302e-09,0.7254682002328964,-1.1227267854414682e-07,0.7254682002329051,-11.53067018103796,0.016160775429788075,0.7229112125271909,-0.055545874716788,0.7250420438813093
8.6899995803833,-11.520956458499185,3.042619592559801e-09,0.7254681806938735,-1.157525068663594e-07,0.7254681806938827,-11.523437776386341,0.015610096009807123,0.723060913772007,-0.05455120803172567,0.7251157971817538
8.6999990940094,-11.513702064811982,1.898210305955545e-09,0.7254681584718314,-1.1192009105445809e-07,0.7254681584718401,-11.516206086102446,0.015069533768230479,0.7232062243086235,-0.0535559114335137,0.7251865129249229
8.710010766983032,-11.506438933822228,8.274589380380922e-10,0.7254681335296234,-1.0075976886068858e-07,0.7254681335296302,-11.508966838362696,0.014538482888000382,0.7233473143640218,-0.05255950971721864,0.7252543272944721
8.719995021820068,-11.499195767977925,-9.263415173821128e-11,0.725468106045638,-8.238956987477395e-08,0.7254681060456427,-11.501741382624179,0.014018482939317432,0.7234838027266742,-0.051565499092422924,0.7253191114981736
8.730010271072388,-11.491929989554809,-8.15355360417362e-10,0.7254680830446103,-6.226138069392672e-08,0.725468083044613,-11.494504609760195,0.013507712441006667,0.723616209965974,-0.05057090210424431,0.7253811656399397
8.740001678466797,-11.484681441907522,-1.345278360877986e-09,0.7254680693796798,-4.413882365568827e-08,0.7254680693796811,-11.487266676519935,0.013006893692436955,0.7237444033333138,-0.04957753532627664,0.7254404823039052
8.749995231628418,-11.477431508706452,-1.703952028238893e-09,0.7254680649853278,-2.796893745315416e-08,0.7254680649853283,-11.480033248665716,0.01251638839871902,0.7238683646603035,-0.04858655647883133,0.725497114278515
8.760003566741943,-11.470170855261289,-1.911010977407861e-09,0.7254680698791349,-1.3735804751135796e-08,0.725468069879135,-11.472784697174978,0.01203486561573198,0.7239885127238193,-0.04759564731967243,0.7255513160347974
8.769996404647827,-11.462921310813371,-1.9854174922102524e-09,0.7254680840456413,-1.482060349004622e-09,0.7254680840456413,-11.465551229354794,0.011564296990884538,0.7241044509118193,-0.04660930254256197,0.7256029788484963
8.780001640319824,-11.455662759491005,-1.9470374390462356e-09,0.7254681075201184,8.82714872010445e-09,0.7254681075201184,-11.458307357465431,0.01110298711539946,0.7242166979670278,-0.0456244284366866,0.7256524058283274
8.789998769760132,-11.44841025756608,-1.8154636051777281e-09,0.7254681402595495,1.71692406594845e-08,0.7254681402595498,-11.45106440715307,0.010651638108106884,0.7243251841411076,-0.04464297939123121,0.7256996403402548
8.8000009059906,-11.441153999518693,-1.6101575684858561e-09,0.7254681823037937,2.3556423267358328e-08,0.7254681823037941,-11.443818333084948,0.010209962718664973,0.7244300818217305,-0.04366485251424535,0.7257448331151453
8.809999704360962,-11.43390011836371,-1.3508583393993119e-09,0.7254682336199609,2.798273974641755e-08,0.7254682336199615,-11.436574053868483,0.00977821766740002,0.7245314320349909,-0.04269119256156605,0.725788077836088
8.819999694824219,-11.426645451692513,-1.057059066349068e-09,0.7254682942273647,3.045076472646725e-08,0.7254682942273653,-11.429331249573327,0.009356327728205549,0.7246293512087619,-0.04172247001476224,0.7258294986684987
8.830007553100586,-11.41938510104965,-7.481314200054239e-10,0.7254683641793493,3.0959544224873914e-08,0.72546836417935,-11.422076171604976,0.008943461695979147,0.7247241216002055,-0.04075740913113283,0.7258692849461754
8.839999914169312,-11.412135881247973,-4.4438217608075173e-10,0.7254684433034458,2.9510106616039557e-08,0.7254684433034464,-11.414836949151413,0.008541147626553523,0.7248154780922008,-0.0398003210903564,0.7259073927443646
8.850010395050049,-11.404873592744666,-1.644185482488792e-10,0.7254685318675062,2.6096828845602875e-08,0.7254685318675066,-11.407581016950724,0.008147517658455946,0.7249039210461508,-0.03884750278393122,0.7259440909743887
8.859998941421509,-11.397627331814522,7.123813369315537e-11,0.7254686272965788,2.086742169313498e-08,0.7254686272965791,-11.400335944110484,0.007764002111483442,0.7249891969861684,-0.03790318454616968,0.725979329695681
8.870001077651978,-11.390371035335779,2.5314946284968216e-10,0.7254687001026382,1.5594291807840502e-08,0.7254687001026383,-11.393086092215691,0.007389686495537612,0.7250715702191048,-0.03696592681208715,0.7260132655021359
8.880006551742554,-11.38311237398689,3.8497929342876253e-10,0.7254687407833765,1.0844815084428184e-08,0.7254687407833766,-11.385832769024374,0.007024570678978416,0.7251510901426539,-0.036036506505368784,0.7260459581432782
8.88996958732605,-11.375884536833519,4.71635394307609e-10,0.7254687493416099,6.637621884938452e-09,0.7254687493416099,-11.378606307882404,0.0066700420358436095,0.7252274991606938,-0.03511933479910357,0.726077332806641
8.899964570999146,-11.368633414384004,5.190652070370839e-10,0.7254687258914142,2.940398675555213e-09,0.7254687258914142,-11.371355544868182,0.006323500692548845,0.7253013879408738,-0.03420846407596095,0.726107652048506
8.909963846206665,-11.361379377396116,5.321605607171025e-10,0.7254686703249186,-2.3362865019365015e-10,0.7254686703249186,-11.364102340130659,0.005985938542925701,0.7253725572428149,-0.03330719292100599,0.7261368437844605
8.919963359832764,-11.354125060368055,5.161410722630938e-10,0.7254685826410832,-2.8829607572126104e-09,0.7254685826410832,-11.35685023828697,0.0056574180059469886,0.7254409917143376,-0.032416424035140286,0.7261648965673758
8.929962396621704,-11.346870949684934,4.762550358878649e-10,0.725468462845282,-5.007411943662093e-09,0.725468462845282,-11.349594923018088,0.005337639532230255,0.7255067370101282,-0.03153604412497103,0.7261918118005294
8.939964294433594,-11.339614905536248,4.1773233344718856e-10,0.7254683108906863,-6.6074212710102605e-09,0.7254683108906863,-11.342339547576202,0.00502663505933015,0.7255697613226517,-0.03066680219614337,0.7262175509465102
8.949963092803955,-11.332361059785567,3.4585568427239714e-10,0.7254681268655576,-7.682106127040191e-09,0.7254681268655577,-11.335084116463403,0.004724289280324543,0.7256300605478743,-0.029809006301675347,0.7262420819722615
8.95996356010437,-11.325106103893155,2.658443064950986e-10,0.725467910693155,-8.232074441071e-09,0.725467910693155,-11.32782561747067,0.004430364289820362,0.725687656560855,-0.0289625643413555,0.7262653819493343
8.969961404800415,-11.317853024931608,1.829790805245632e-10,0.7254676624675366,-8.257182539132609e-09,0.7254676624675367,-11.320570993410607,0.004145018015412428,0.7257425008420915,-0.028128489123704626,0.7262874013976254
8.979964017868042,-11.310596353195908,1.0244705636647147e-10,0.7254673819900704,-7.757262598235738e-09,0.7254673819900705,-11.313310930049818,0.00386776595491224,0.7257946780971446,-0.027305877818626003,0.7263081479080236
8.98996353149414,-11.303342148112655,2.956504616410772e-11,0.7254670694874312,-6.732609214727955e-09,0.7254670694874312,-11.306054192750985,0.003598821323417484,0.7258441520724513,-0.02649584842678771,0.7263275866175201
8.999960660934448,-11.296089537951564,-3.060953338657122e-11,0.7254667456632817,-5.280222994531215e-09,0.7254667456632817,-11.298796298805058,0.003337890452555107,0.7258909948852332,-0.02569798341726658,0.7263457322840052
9.009960174560547,-11.288835175700456,-7.637882564745049e-11,0.7254665170715282,-3.897457319945102e-09,0.7254665170715282,-11.291537226599322,0.0030848512089220823,0.725935259763076,-0.024912345153609912,0.7263625997450153
9.019960880279541,-11.281580024424521,-1.0902705429687693e-10,0.7254663989316923,-2.655193709709632e-09,0.7254663989316923,-11.284277912397958,0.0028396127905408845,0.7259770075900688,-0.024139074852616453,0.7263782144889609
9.029932737350464,-11.274345736014624,-1.2991044351698175e-10,0.7254663911383392,-1.556556571174414e-09,0.7254663911383392,-11.277038014112389,0.0026026801810229397,0.7260162152437675,-0.023380232475402565,0.7263925798543707
9.039961099624634,-11.267070547510233,-1.4056917611188812e-10,0.7254664940826172,-5.927491188072832e-10,0.7254664940826172,-11.269756616590909,0.002371978166183856,0.7260532891226725,-0.022629514760160712,0.7264058600975982
9.049964666366577,-11.259813285875193,-1.422774119619718e-10,0.725466707456851,2.277671057600557e-10,0.725466707456851,-11.262493562142623,0.002149303656488584,0.7260880118458474,-0.021893139054841266,0.7264179998347576
9.059961080551147,-11.252561181799708,-1.3648796656575653e-10,0.7254670311085836,9.071077375414532e-10,0.7254670311085836,-11.255234792416069,0.001934067276864826,0.7261205611847042,-0.021169627003669676,0.726429089782798
9.0699622631073,-11.245305696886044,-1.2460324754566402e-10,0.7254674653780918,1.4461243638589255e-09,0.7254674653780918,-11.247973585504552,0.001725942304790421,0.7261510778393372,-0.020458307993738118,0.7264392130200557
9.079965829849243,-11.238048438385665,-1.0802670587224759e-10,0.7254680102866458,1.8445478567957006e-09,0.7254680102866458,-11.240710331744376,0.0015248208997559352,0.726179675165617,-0.019759237104414903,0.7264484483255433
9.089966058731079,-11.230793629592762,-8.81755864043986e-11,0.7254686655013638,2.1021662782361978e-09,0.7254686655013638,-11.23345851987831,0.0013309357316261543,0.7262064237400712,-0.019073694921464598,0.7264568643211384
9.099962711334229,-11.223541359367466,-6.645926949303649e-11,0.7254694308998845,2.2191218731429058e-09,0.7254694308998845,-11.226187007572218,0.0011433445680484673,0.7262315545946743,-0.018398781310696877,0.726464580033133
9.109962940216064,-11.21628653236176,-4.426857833719407e-11,0.7254703070199167,2.1954967107645413e-09,0.7254703070199167,-11.21892462848283,0.000962676373840522,0.7262550832404393,-0.017737211459918585,0.7264716474873272
9.119961977005005,-11.209032359848567,-2.3019246822834463e-11,0.7254712935165649,2.031246451232566e-09,0.7254712935165649,-11.211664936479291,0.0007886295927604628,0.7262771458430922,-0.017088391427081247,0.7264781522492975
9.129962921142578,-11.201777062593324,-4.11269725441651e-12,0.7254723906419276,1.7263177329701571e-09,0.7254723906419276,-11.204399004200328,0.0006208701288693362,0.7262978708213244,-0.016451558371726436,0.7264841711506503
9.139983892440796,-11.194507093795773,1.1195822300736507e-11,0.7254734610199217,1.3307974198281798e-09,0.7254734610199217,-11.1971239985146,0.00045922665307661554,0.7263173537549774,-0.01582652729680037,0.7264897640930046
9.149963140487671,-11.18726733275971,2.264086323307287e-11,0.7254741650885006,9.692010883358756e-10,0.7254741650885006,-11.18987222780265,0.0003042684303358922,0.72633559223711,-0.015216048857773239,0.726494955724591
9.159996509552002,-11.179988382968958,3.069946497366045e-11,0.7254744942665385,6.434822546653802e-10,0.7254744942665385,-11.182584449423468,0.00015462596921599642,0.7263528003449468,-0.014615198479256165,0.7264998242226451
9.170000791549683,-11.172730621437953,3.56699259488133e-11,0.7254744444196085,3.5648278744637166e-10,0.7254744444196085,-11.175319891523134,1.1397458645594242e-05,0.7263688913478107,-0.0140288843149833,0.7265043536779189
9.179999828338623,-11.16547650562451,3.795731923834794e-11,0.7254740173663103,1.0731510938177842e-10,0.7254740173663103,-11.168054750137243,-0.00012603799579800003,0.7263839619389255,-0.013455128860243306,0.726508568879085
9.189964056015015,-11.158247845567125,3.794526860891556e-11,0.7254732166569045,-1.0349820508124482e-10,0.7254732166569045,-11.160817017679753,-0.00025731164123508616,0.7263979878237345,-0.012896051109943258,0.7265124533334585
9.19999885559082,-11.150967827580775,3.5999416753696166e-11,0.7254720317611594,-2.7799549042967544e-10,0.7254720317611594,-11.153528904641773,-0.00038392532242527167,0.7264111267835672,-0.012345693249579749,0.7265160295938311
9.209960699081421,-11.14374074936341,3.2523121583920895e-11,0.7254704797753333,-4.1368901487131567e-10,0.7254704797753333,-11.146291774503336,-0.000504254955397565,0.7264231893460781,-0.011811640751234285,0.7265192116365294
9.219960927963257,-11.136485912456976,2.786173060909483e-11,0.7254685453302363,-5.122899614459176e-10,0.7254685453302363,-11.139028157786237,-0.0006197325881342704,0.7264342783927711,-0.011288076200996103,0.7265219759156261
9.229961395263672,-11.129230979981424,2.240265351707063e-11,0.7254662336283133,-5.732053478889702e-10,0.7254662336283133,-11.131761930869017,-0.0007300739143521496,0.726444303014638,-0.010776717775276013,0.7265242343022228
9.23996615409851,-11.121972760043382,1.652012151891298e-11,0.7254635433837922,-5.964352812137252e-10,0.7254635433837922,-11.124494242971759,-0.0008353811739824611,0.7264531914067389,-0.010277570315526735,0.7265258892542141
9.249963521957397,-11.114720116506088,1.0598328270280007e-11,0.7254604780549908,-5.819688221573184e-10,0.7254604780549908,-11.11723134885567,-0.0009356906788210319,0.726460853922694,-0.00979095370391298,0.7265268302385824
9.259960174560547,-11.107468013318126,5.0098009237522655e-12,0.725457035984101,-5.298430994133994e-10,0.725457035984101,-11.10996887660992,-0.0010311893680034548,0.7264672081838734,-0.009316450828833589,0.7265269443196979
9.269963264465332,-11.100211148275585,1.2767226488650472e-13,0.725453214318147,-4.399865483082579e-10,0.725453214318147,-11.102702421524011,-0.0011220518076809833,0.72647217032487,-0.008853660476942887,0.7265261189801561
9.279963254928589,-11.092956555935121,-3.73892178828669e-12,0.7254497961504487,-3.349870185694671e-10,0.7254497961504487,-11.095437763309064,-0.001208323446421394,0.7264756558566065,-0.008402821758119417,0.7265242500878999
9.289963245391846,-11.085702082805565,-6.605767963080336e-12,0.7254476541849701,-2.400661735287971e-10,0.7254476541849701,-11.088173518945116,-0.00129014053950818,0.7264775986859973,-0.007963702855418886,0.7265212467338737
9.299962043762207,-11.078448474209562,-8.573713262475647e-12,0.7254467890982177,-1.5525222060873568e-10,0.7254467890982177,-11.080908505762036,-0.0013676323999555816,0.7264779569094951,-0.007536086227286883,0.7265170434828211
9.309961557388306,-11.071194357166563,-9.744146497328062e-12,0.7254472006385293,-8.05285480060145e-11,0.7254472006385293,-11.07364401130571,-0.0014409000758450262,0.7264767292943693,-0.007119896189805514,0.7265116180268545
9.319961309432983,-11.06394006277176,-1.021786349262791e-11,0.7254488889652737,-1.590011237545095e-11,0.7254488889652737,-11.066380540122747,-0.001510053156511555,0.7264739668324934,-0.006715003161929735,0.7265050005008937
9.329963445663452,-11.056684017809463,-1.0095704688556801e-11,0.7254518549417228,3.8643033311387406e-11,0.7254518549417228,-11.059113437191595,-0.0015752451718257746,0.7264697738304701,-0.006320998225180935,0.7264972727463311
9.339967012405396,-11.049427003856191,-9.478411761224458e-12,0.7254560989456302,8.308936269382215e-11,0.7254560989456302,-11.051847291653587,-0.0016365433286907893,0.7264643162468347,-0.005937978273807597,0.7264885837822651
9.349961519241333,-11.042176286670355,-8.46807057902856e-12,0.7254616152914353,1.174055987702493e-10,0.7254616152914353,-11.044585574901946,-0.0016940314000257906,0.7264578152860504,-0.005565957049075169,0.7264791375311843
9.359960556030273,-11.034922354365246,-7.164541578735103e-12,0.7254684103634528,1.4164336296572153e-10,0.7254684103634528,-11.037321368670378,-0.0017478720452620566,0.7264505288623363,-0.00520442212189655,0.7264691713307531
9.369963884353638,-11.027665215126278,-5.668459163780856e-12,0.7254764858014044,1.557894619547073e-10,0.7254764858014044,-11.030056137834187,-0.0017981572312241916,0.7264427576239669,-0.004853300153370771,0.7264589696787371
9.379961729049683,-11.02041198904428,-4.0822883516533885e-12,0.7254858334390931,1.5983180343926635e-10,0.7254858334390931,-11.022792284964813,-0.0018449745604962025,0.726434826494539,-0.004512554223574409,0.726448842169751
9.38996410369873,-11.013155466588817,-2.505480266460866e-12,0.7254964623391639,1.5377607670546005e-10,0.7254964623391639,-11.015525846186154,-0.0018884507773143748,0.7264270639357326,-0.004181851752757786,0.726439100752686
9.399962425231934,-11.00590165728728,-1.04030054038077e-12,0.7255083637783922,1.376265335574844e-10,0.7255083637783922,-11.008265209276855,-0.001928639173268528,0.7264198089210823,-0.0038614178162824937,0.7264300718861338
9.409960985183716,-10.998647498484022,2.1312091074213576e-13,0.7255214455366579,1.1160436765583343e-10,0.7255214455366579,-11.000999668435993,-0.001965698194422372,0.726413366994911,-0.003550633192255069,0.7264220445064626
9.41996145248413,-10.991391823120736,1.1891748452277675e-12,0.725532090512191,8.404653658877285e-11,0.725532090512191,-10.993736015708222,-0.001999689463649272,0.726408035101367,-0.0032496470111491923,0.7264153038486496
9.429964303970337,-10.984134523096959,1.9032911781633567e-12,0.725538459062691,5.918965928546535e-11,0.725538459062691,-10.986469400688582,-0.002030731120258322,0.7264040579742713,-0.0029581154100578847,0.7264100810756055
9.439963340759277,-10.976879683886924,2.3821834144853132e-12,0.7255405484925698,3.704704328098374e-11,0.7255405484925698,-10.97920629431694,-0.0020588911355556194,0.7264016065689796,-0.0026761495581863635,0.7264065361782287
9.449966430664062,-10.96962209900079,2.653258265852808e-12,0.7255383600986993,1.7602803138037654e-11,0.7255383600986993,-10.971939345667504,-0.0020842909099304235,0.7264007216434881,-0.0024033190999267675,0.7264046973601398
9.459961414337158,-10.96237046614052,2.7433654367849178e-12,0.725531899286975,8.78357990343668e-13,0.725531899286975,-10.964679187072853,-0.002106987472605578,0.7264012914410969,-0.002139867485935426,0.7264044432959855
9.469961881637573,-10.9551148134823,2.679746938031143e-12,0.7255211587290711,-1.3150397235686204e-11,0.7255211587290711,-10.957415644864458,-0.002127104445169695,0.7264030362470558,-0.0018852710799069456,0.7264054827133302
9.479961395263672,-10.947859989736395,2.4893874214421947e-12,0.7255061425283351,-2.447226566394445e-11,0.7255061425283351,-10.950151439584197,-0.00214472129567408,0.7264055091411301,-0.0016394801874748555,0.7264073592729287
9.489962816238403,-10.94060401641583,2.1992803241086774e-12,0.725486845951897,-3.309005428341489e-11,0.725486845951897,-10.942887070533287,-0.0021599239416945043,0.7264081087078955,-0.0014023587093622814,0.7264094623602666
9.499961376190186,-10.93335035261881,1.8366298533851098e-12,0.7254632787697533,-3.900013856884759e-11,0.7254632787697533,-10.9356232386446,-0.0021727971151269576,0.7264101037001518,-0.0011737719174118055,0.7264110520209474
9.509960412979126,-10.926096564979176,1.4283873582577978e-12,0.7254354344530876,-4.220549491375054e-11,0.7254354344530876,-10.92835943880356,-0.002183426362580028,0.7264106657029421,-0.0009535437981448684,0.7264112915509825
9.519960641860962,-10.9188421732809,1.0015654468464195e-12,0.7254033098580683,-4.2705635747078996e-11,0.7254033098580683,-10.921096000621352,-0.0021918941869957637,0.7264089050137553,-0.0007415221657211045,0.7264092834885889
9.529963731765747,-10.911586082315305,5.831572670876525e-13,0.725366897339035,-4.0498991268778105e-11,0.725366897339035,-10.913829550662012,-0.0021982844137331246,0.726403905527387,-0.0005374500108636094,0.7264041043509839
9.539962530136108,-10.90433346615552,2.005146060449734e-13,0.7253262235726965,-3.5587708061834056e-11,0.7253262235726965,-10.90656722849097,-0.002202671030704738,0.7263947750928269,-0.0003413597579959569,0.7263948553016072
9.549960613250732,-10.897081822201985,-1.1984855274196288e-13,0.7252827670773977,-2.8249591503080094e-11,0.7252827670773977,-10.89930325507924,-0.002205136135381432,0.7263806604882945,-0.00015292595889943462,0.7263806765861547
9.55996322631836,-10.889827169156531,-3.656617470953771e-13,0.7252501434025442,-2.1020389299432936e-11,0.7252501434025442,-10.892038630606944,-0.0022057546500779033,0.7263607999639056,2.79890094331196e-05,0.7263608005031587
9.56996202468872,-10.882575651581789,-5.427332489060931e-13,0.7252316705476708,-1.4519008616480982e-11,0.7252316705476708,-10.884775617287303,-0.0022046012331819864,0.7263345936808834,0.00020149789348555025,0.7263346216303992
9.57996153831482,-10.875323844820056,-6.58427289516729e-13,0.7252273329064447,-8.742134538329942e-12,0.7252273329064447,-10.877512781427482,-0.002201748936377701,0.7263017160683926,0.00036780436683411365,0.7263018091977633
9.589965343475342,-10.868068665234452,-7.199976056858061e-13,0.725237139682011,-3.687985388249641e-12,0.725237139682011,-10.870247349250617,-0.0021972667491318445,0.726262252543064,0.0005271341504020746,0.7262624438447426
9.599960088729858,-10.860820066045534,-7.346416019038427e-13,0.7252610672776056,6.369170627251224e-13,0.7252610672776056,-10.862988207514123,-0.002191230913542366,0.7262168700475105,0.000679463603640211,0.7262171879075786
9.609961032867432,-10.85356652536935,-7.096517466572376e-13,0.7252991470679251,4.2396806233133645e-12,0.7252991470679251,-10.855725380314322,-0.0021837012649008657,0.7261666669975751,0.0008251673160496033,0.7261671358299456
9.619964599609375,-10.84631081550933,-6.522397132784351e-13,0.7253513823187843,7.11790590606382e-12,0.7253513823187843,-10.848464589485893,-0.0021747493583722604,0.7261133724085156,0.000964289744504493,0.7261140127040512
9.62996244430542,-10.839058381732574,-5.69713697433833e-13,0.7254177265215425,9.269699428371922e-12,0.7254177265215425,-10.841202541404005,-0.002164435666025177,0.7260591324013485,0.0010970530185811318,0.7260599612075606
9.64003300666809,-10.831752679916903,-4.685218746572625e-13,0.7254988381651102,1.070448158444163e-11,0.7254988381651102,-10.833894271112861,-0.0021527454725455545,0.7260062026690203,0.001224368720432925,0.7260072350828566
9.649998188018799,-10.824522454184672,-3.5778324358517626e-13,0.7255932166257737,1.1400515643231696e-11,0.7255932166257737,-10.826659769667286,-0.0021399423172816664,0.7259582866829308,0.0013443492309658154,0.7259595314330346
9.659985780715942,-10.817275042824418,-2.4344214941455863e-13,0.7257018936815398,1.1375737621703011e-11,0.7257018936815398,-10.819406628849821,-0.0021259342053162192,0.7259177579308042,0.0014587351209364471,0.7259192235968398
9.669982433319092,-10.810019834324828,-1.3286265513746843e-13,0.7258247929258985,1.0626766965207951e-11,0.7258247929258985,-10.812151885209191,-0.002110807876168545,0.7258878284209626,0.0015673823171539782,0.7258895206138665
9.679984092712402,-10.802759748353475,-3.334656577711286e-14,0.7259618923100685,9.152389587422913e-12,0.7259618923100685,-10.804889491606755,-0.002094605628140816,0.7258715135160851,0.001670514962440408,0.7258734357685036
9.690025329589844,-10.795469484208931,4.844503999641779e-14,0.7261020427134072,7.121891345925217e-12,0.7261020427134072,-10.79760050687475,-0.002077333646063656,0.7258717166125176,0.0017685043505174423,0.7258738709897476
9.700015306472778,-10.788215204857401,1.099824412945961e-13,0.726199799091384,5.23023541883276e-12,0.726199799091384,-10.790349890326837,-0.0020592041504983952,0.7258908755982099,0.0018606384610978207,0.7258932602333615
9.710010528564453,-10.780956440025513,1.5360889426601553e-13,0.7262516999801486,3.5316483890409754e-12,0.7262516999801486,-10.783093311590074,-0.00204016506754087,0.7259309041035875,0.001947650683727254,0.7259335168428565
9.720014572143555,-10.773690768253898,1.8124619662955216e-13,0.7262576676966226,2.025871832886048e-12,0.7262576676966226,-10.775830633686247,-0.0020202658330379366,0.7259927128198604,0.002029667193429197,0.7259955499976956
9.73001217842102,-10.766430176116044,1.9478715165820056e-13,0.7262176765590371,7.153632392949421e-13,0.7262176765590371,-10.768574015295975,-0.001999590631450619,0.7260755762443601,0.0021066878904129585,0.7260786324857985
9.74001431465149,-10.759166871043671,1.9619514391970843e-13,0.7261316959870754,-4.014297646008666e-13,0.7261316959870754,-10.761309367073627,-0.001978148207168127,0.7261773283204699,0.0021789941799853817,0.7261805974978207
9.749971151351929,-10.751937390530852,1.8746449813720823e-13,0.7260004318668871,-1.320136922239411e-12,0.7260004318668871,-10.754078638588673,-0.001956114549167327,0.7262931707414323,0.002246331218466341,0.7262966445396718
9.759979248046875,-10.74467247480241,1.704409124253771e-13,0.7258225780650127,-2.049447879052741e-12,0.7258225780650127,-10.746809297010415,-0.001933313463958633,0.726418458346382,0.0023094966343007533,0.7264221296195746
9.770022630691528,-10.737383878851595,1.470006323843019e-13,0.725597815110845,-2.5857142134706632e-12,0.725597815110845,-10.739513215351069,-0.0019098190244868358,0.7265456619590059,0.0023684611994789816,0.7265495224139257
9.78001880645752,-10.730131959940952,1.1929642795756382e-13,0.7253280711470645,-2.924871032710995e-12,0.7253280711470645,-10.732249668105577,-0.0018858671059570047,0.7266651159768388,0.002422888635809483,0.7266691552329534
9.790019512176514,-10.72287959351623,8.915796413849016e-14,0.7250122420148437,-3.0699149951033596e-12,0.7250122420148437,-10.724981851756752,-0.0018613810947571469,0.7267679881862372,0.0024732077918993914,0.7267721963648943
9.800010681152344,-10.715637698262347,5.857012343614671e-14,0.7246508186135656,-3.0207860429190256e-12,0.7246508186135656,-10.71771986725128,-0.001836435392237064,0.7268442411946405,0.0025194805666383414,0.7268486078545782
9.810009479522705,-10.708394087549522,2.9420645134098913e-14,0.7242431843721671,-2.7774596616705684e-12,0.7242431843721671,-10.71045209525944,-0.001811028433699247,0.7268840288979079,0.002561908460216398,0.7268885436171169
9.820018768310547,-10.701147183336069,3.650616264369665e-15,0.7237890987306985,-2.339337529258802e-12,0.7237890987306985,-10.70317648600006,-0.0017851886556217705,0.7268776069634726,0.0026006192457027483,0.7268822591901701
9.830009460449219,-10.693918250937466,-1.697068073827297e-14,0.7233574985135969,-1.7945756680235665e-12,0.7233574985135969,-10.695914936871866,-0.001759029603586409,0.726816136390871,0.002635627244547759,0.7268209151153572
9.8400137424469,-10.686683226690226,-3.239659787139456e-14,0.7230690127928463,-1.2980122632772567e-12,0.7230690127928463,-10.688645099867289,-0.001732504563397912,0.7266915980727984,0.00266716512986135,0.726696492684138
9.850008726119995,-10.6794569774326,-4.31077884628034e-14,0.7229268561427354,-8.539692431782379e-13,0.7229268561427354,-10.681381913978518,-0.001705699958210128,0.7264985219735782,0.002695287292579341,0.7265035216730772
9.860016822814941,-10.67222187382821,-4.9646941734455646e-14,0.7229307992304299,-4.614847665020718e-13,0.7229307992304299,-10.67411216632531,-0.0016785975412527188,0.7262345458251028,0.0027201607236419984,0.7262396400804323
9.870010614395142,-10.66499650894383,-5.2517374108563876e-14,0.7230808019302386,-1.2163628443010672e-13,0.7230808019302386,-10.666857324092087,-0.0016513072184689839,0.7259035778448296,0.002741832101710658,0.7259087559543546
9.880023002624512,-10.657755388494488,-5.224833436167528e-14,0.7233774544314847,1.666738847347121e-13,0.7233774544314847,-10.659593545199447,-0.0016237678878293124,0.7255132150077017,0.002760485186579009,0.7255184666356033
9.889967203140259,-10.650559921619905,-4.9381478180285374e-14,0.7238170992068353,4.0132978883058044e-13,0.7238170992068353,-10.652377810045477,-0.001596224922090309,0.7250812938087048,0.0027761071534208826,0.7250866082077593
9.899995565414429,-10.643298361493876,-4.438801765182693e-14,0.7244068251222883,5.858025521958587e-13,0.7244068251222883,-10.645108283727836,-0.0015683163015584812,0.7246214675458339,0.0027890128403176818,0.7246268348749593
9.90999984741211,-10.636047574849417,-3.782453303000694e-14,0.7251415853319463,7.176311893008838e-13,0.7251415853319463,-10.63786140023107,-0.001540361765360408,0.7241630900485471,0.0027991534829198738,0.7241684999010113
9.920003652572632,-10.628789089780755,-3.020341923949774e-14,0.7260225667608828,7.973174948573244e-13,0.7260225667608828,-10.630619550301967,-0.0015123212069443508,0.7237334604437428,0.002806666631648917,0.7237389026047003
9.929996490478516,-10.621529038590928,-2.2054958519806415e-14,0.7270485974041068,8.248681572235325e-13,0.7270485974041068,-10.623389138789877,-0.001484247027401182,0.7233637976952939,0.002811650821649326,0.7233692619931407
9.940005540847778,-10.614246312931998,-1.3878249938587595e-14,0.7282225640288024,8.003179803237405e-13,0.7282225640288024,-10.61615182508504,-0.001456095651459146,0.7230854510058762,0.0028142146647764975,0.7230909273808868
9.949995994567871,-10.606964462363191,-6.221680278605538e-15,0.7295403863788491,7.237688665969816e-13,0.7295403863788491,-10.6089274573294,-0.0014279722379436182,0.7229312537434229,0.0028144482724731623,0.7229367321959204
9.959999084472656,-10.599659619342333,4.178037455383721e-16,0.7310051396581998,5.951254608490043e-13,0.7310051396581998,-10.601695504323274,-0.0013998251202389216,0.7229316404421187,0.0028124465899205084,0.7229371111017567
9.970001220703125,-10.592341306654944,5.637195968602222e-15,0.7322863646808454,4.508753489549634e-13,0.7322863646808454,-10.594464965167626,-0.0013717178080283612,0.7231152177458615,0.0028083020108521897,0.723120670908963
9.980001211166382,-10.585013864105239,9.483185831639326e-15,0.7331166292737196,3.2064964691035213e-13,0.7331166292737196,-10.587232753287925,-0.0013436668705548733,0.7235064615803467,0.0028021049457414796,0.7235118877673267
9.990007638931274,-10.577675825256005,1.2098151443359003e-14,0.7334963228569622,2.0435114143564706e-13,0.7334963228569622,-10.579989595236837,-0.0013156649639903797,0.7241227832271792,0.0027939346183424247,0.7241281732257956
9.999996662139893,-10.57034877446559,1.361776298717186e-14,0.7334252976496017,1.022275942165683e-13,0.7334252976496017,-10.572751804535002,-0.0012878029771536375,0.7249658755599584,0.002783900780791756,0.7249712206908453
10.010003089904785,-10.563012004316931,1.418723228776756e-14,0.7329032950201378,1.392798571498513e-14,0.7329032950201378,-10.565493002216725,-0.0012600063837472776,0.7260256222765429,0.002772053123644547,0.726030914273326
10.019996166229248,-10.555692655614187,1.3944062093076274e-14,0.7319316747084941,-6.026744419258351e-14,0.7319316747084941,-10.558231235907325,-0.0012323695577437681,0.7272679300511987,0.002758505569240349,0.7272731614970614
10.029998064041138,-10.548378687943885,1.3028204074717043e-14,0.730508550329614,-1.205359881126747e-13,0.730508550329614,-10.550949793473068,-0.0012048517483812472,0.7286458480009784,0.0027433099524581425,0.72865101218523
10.039966583251953,-10.541105564268076,1.1585132876016413e-14,0.7286416078596623,-1.6667318742401266e-13,0.7286416078596623,-10.54367954796865,-0.0011775884724108314,0.7300868204213541,0.0027266174435686534,0.7300919118820904
10.050001621246338,-10.533804886450534,9.738198808068372e-15,0.7263098626132185,-1.990724251264946e-13,0.7263098626132185,-10.536345352413765,-0.001150315664841484,0.7315248306967488,0.0027083227823121976,0.7315298441883284
10.059991359710693,-10.526562716015262,7.646710611463321e-15,0.7235379042276143,-2.173274573601579e-13,0.7235379042276143,-10.529030588683037,-0.0011233560611991402,0.7328515821987289,0.0026887041824708883,0.7328565143746497
10.069998264312744,-10.519338070633921,5.438798899324683e-15,0.7203102647134267,-2.2161183539382083e-13,0.7203102647134267,-10.521694222010437,-0.001096565472620981,0.7339756457652329,0.0026677253344539464,0.7339804938381882
10.07996940612793,-10.51217374313928,3.265751021755523e-15,0.716645360142517,-2.119420355590254e-13,0.716645360142517,-10.514368827682617,-0.001070065774223504,0.7347905516043726,0.0026455458506578705,0.7347953141112878
10.09000539779663,-10.50500186929027,1.2462485304653898e-15,0.7125041163396677,-1.881591037620563e-13,0.7125041163396677,-10.50699245590955,-0.0010436337434269831,0.735198528984795,0.0026220283927790183,0.7352032046001289
10.100004196166992,-10.497900074361056,-4.588308290511025e-16,0.7079915370779299,-1.5109322942196398e-13,0.7079915370779299,-10.499641121160018,-0.0010175374965675562,0.7350961636781688,0.0025974646122655497,0.7351007527385434
10.110014200210571,-10.49083245466876,-1.7775965067175705e-15,0.704329415421375,-1.130243997449635e-13,0.704329415421375,-10.492289151657028,-0.0009916762227434237,0.734394364796963,0.002571819612326627,0.7343988679877258
10.120030641555786,-10.483790446387735,-2.734711233930474e-15,0.7019971868705119,-7.871746741133857e-14,0.7019971868705119,-10.48493816205193,-0.0009660441126035079,0.7330144970585273,0.002545138234783901,0.7330189155994543
10.130009174346924,-10.476791547362625,-3.365342543408338e-15,0.7009988162387015,-4.8305124296371803e-14,0.7009988162387015,-10.477630764876338,-0.0009407740581379581,0.7309185343594914,0.002517618747159064,0.7309228702636025
10.139987468719482,-10.469796354874891,-3.711241130975917e-15,0.7013229807608675,-2.1652383870921758e-14,0.7013229807608675,-10.470350823934295,-0.0009157930233476068,0.7281006399857374,0.002489242946094655,0.7281048951065258
10.149978637695312,-10.462782085225486,-3.809927077639029e-15,0.7029726419478903,1.2700312992902977e-15,0.7029726419478903,-10.463093442844505,-0.0008910687550811913,0.7246059964588782,0.0024600264557317337,0.7246101723232476
10.159977912902832,-10.455739211423982,-3.698252326197339e-15,0.7059510817797942,2.043797453570147e-14,0.7059510817797942,-10.455867705390817,-0.000866619235753137,0.7205425399862936,0.0024300398329054986,0.7205466376463698
10.170002460479736,-10.448641799773892,-3.412868435582062e-15,0.7102702151649549,3.586655240661818e-14,0.7102702151649549,-10.44867084662718,-0.0008424264518525393,0.7160692047238468,0.0023993069578926267,0.7160732243477064
10.180014848709106,-10.441503105737723,-2.992408853240968e-15,0.715916475575764,4.7490226879144715e-14,0.715916475575764,-10.441521514838179,-0.0008185500532416451,0.7114122036712004,0.0023679484227129986,0.7114161445399212
10.1899995803833,-10.43432123738323,-2.4760433750180614e-15,0.7228731514862141,5.531354069264421e-14,0.7228731514862141,-10.434441040549979,-0.0007950645339521031,0.7068453860017992,0.002336109910118791,0.7068492463895995
10.200014114379883,-10.427041538723374,-1.898583337560952e-15,0.7311806872388054,5.938034967140455e-14,0.7311806872388054,-10.4273838958011,-0.0007718318655692692,0.7026343498795827,0.0023036404054251397,0.7026381261999817
10.20997667312622,-10.419710403483565,-1.302446145945036e-15,0.7407669615172636,5.96700086368232e-14,0.7407669615172636,-10.420401136012494,-0.0007490416377227901,0.6991240317473993,0.0022708397269089273,0.6991277197192255
10.220017671585083,-10.412218420747191,-7.176912010943118e-16,0.7517623716500821,5.617139253162252e-14,0.7517623716500821,-10.413394729875112,-0.0007264077054550137,0.6966015058814701,0.0022373161312588467,0.6966050987322753
10.230020523071289,-10.404638185799605,-1.8901698404007465e-16,0.7640479643307557,4.8902034327470776e-14,0.7640479643307557,-10.406434081583145,-0.0007041977718321723,0.6954274017773104,0.002203483832852256,0.6954308926728395
10.24001669883728,-10.39693472944652,2.4871174208056915e-16,0.7770945579633868,3.8433822973162807e-14,0.7770945579633868,-10.399481627140705,-0.0006823422126458761,0.6959066188070664,0.002169262151943665,0.6959099997828508
10.25001072883606,-10.389114234025099,5.816380186078493e-16,0.7873794905585232,2.836228520280726e-14,0.7873794905585232,-10.392516187209116,-0.0006608346677883226,0.6983341389615979,0.00213466589934536,0.6983374015744381
10.260011196136475,-10.381202623901206,8.191605156958806e-16,0.794290069874656,1.9310698015314165e-14,0.794290069874656,-10.385511359232225,-0.0006396617106549107,0.7029617277218301,0.0020997186929078747,0.7029648636029042
10.270013093948364,-10.373237832377516,9.713107256852508e-16,0.7978186693349139,1.1285076671145205e-14,0.7978186693349139,-10.378448130852036,-0.0006188382302059568,0.7099343936563374,0.002064517355379804,0.7099373954991398
10.280029535293579,-10.365242872871152,1.0483902565277144e-15,0.797961940171118,4.277018633666929e-15,0.797961940171118,-10.371291614973416,-0.0005983345747273095,0.719260781381755,0.00202909522443695,0.7192636435002971
10.290016889572144,-10.357286776777801,1.0604821511030528e-15,0.7947266312151229,-1.6848587905524548e-15,0.7947266312151229,-10.364053690407026,-0.000578248774515062,0.7307004697290526,0.001993707984871339,0.7307031896288582
10.30001163482666,-10.349373802458974,1.0180948392298206e-15,0.7881117535196444,-6.625969054460772e-15,0.7881117535196444,-10.356684579263566,-0.0005584961350418724,0.7439236571336372,0.0019582848653920543,0.7439262345976914
10.310010433197021,-10.341540945941386,9.314086102888384e-16,0.7781141661712752,-1.0542608601286071e-14,0.7781141661712752,-10.349174747273759,-0.0005390925883579691,0.7583822571668467,0.001922923521616993,0.7583846950066643
10.32001280784607,-10.333821980173894,8.106409494386835e-16,0.7647298334911528,-1.3433681460852871e-14,0.7647298334911528,-10.341514161886955,-0.0005200351646181477,0.773397355627876,0.0018876829216988916,0.7733996593217534
10.330012083053589,-10.326256264769022,6.661432170166815e-16,0.747968034858223,-1.5297022456250337e-14,0.747968034858223,-10.333706445825987,-0.0005013353325140951,0.7881732677562081,0.0018526451355774859,0.7881754451259553
10.340015649795532,-10.318871881747821,5.080757707746858e-16,0.7278154045399627,-1.6133888437174625e-14,0.7278154045399627,-10.325751983469724,-0.0004829763275028933,0.801870029583069,0.0018178357988967928,0.8018720900932664
10.350013017654419,-10.311710316498699,3.4687323031239445e-16,0.7042938912135066,-1.594367049854167e-14,0.7042938912135066,-10.3176749589981,-0.00046497579363510795,0.8135906839435122,0.0017833391531231252,0.8135926384242959
10.360016584396362,-10.304796702868705,1.9261325526555084e-16,0.6773749340646933,-1.4726143667193365e-14,0.6773749340646933,-10.309488854156518,-0.0004473070079377145,0.8224590605684028,0.0017491414219040617,0.8224609205346923
10.370018005371094,-10.298170744954689,5.570005333974823e-17,0.64707888808801,-1.248172745557511e-14,0.64707888808801,-10.301235040832946,-0.00042998483852967864,0.8275756984310425,0.0017152862319877377,0.8275774760350147
10.380022525787354,-10.291853631123383,-5.4426104782224134e-17,0.6172807945028207,-9.536155468116862e-15,0.6172807945028207,-10.292948088799957,-0.0004129907529185601,0.8280601960306428,0.0016817209029551532,0.8280619037460316
10.3900146484375,-10.285786373689074,-1.3595559514938762e-16,0.5991724336544597,-6.8317296305503066e-15,0.5991724336544597,-10.284694447730253,-0.0003963539008881891,0.8231075578335397,0.001648539152709396,0.8231092086983549
10.400016069412231,-10.27983302265706,-1.919794755225534e-16,0.5934046302935785,-4.4209786455216135e-15,0.5934046302935785,-10.276511235339042,-0.00038002854279131567,0.8121023615216914,0.0016158733804125436,0.8121039691048736
10.410014390945435,-10.273877277892502,-2.2536755362538803e-16,0.5999957241697664,-2.3070630186484812e-15,0.5999957241697664,-10.268472424836496,-0.00036403180562606793,0.7949223686376445,0.001584217083285055,0.7949239472454268
10.420038223266602,-10.267778168454605,-2.3911246295188566e-16,0.6190060125156432,-4.850057300099431e-16,0.6190060125156432,-10.260614760191734,-0.00034830521642460754,0.7720844533863875,0.001554024898519538,0.7720860173286019
10.430015802383423,-10.261456162177678,-2.361326849226795e-16,0.6502620109191211,1.0331430763550235e-15,0.6502620109191211,-10.253042364294052,-0.0003329407169049885,0.7452532481005704,0.0015261487125972173,0.745254810742167
10.440030097961426,-10.254735702239639,-2.1939422308375592e-16,0.6940035919901902,2.260332721725207e-15,0.6940035919901902,-10.24572428846448,-0.00031778756928072926,0.7160270542810808,0.0015004819103879375,0.7160286264587508
10.4500093460083,-10.24754114266635,-1.9196429445240928e-16,0.749923829439812,3.1877918315862022e-15,0.749923829439812,-10.238727669797852,-0.00030293578388381875,0.6865314547792936,0.0014767744513938378,0.686533043097092
10.4600191116333,-10.239702448551505,-1.566354902338127e-16,0.8183774521699951,3.821742878837296e-15,0.8183774521699951,-10.231996666212114,-0.00028826607085414413,0.6586144153239153,0.0014539391692270421,0.6586160201601314
10.470019102096558,-10.231125175043704,-1.1648602344018562e-16,0.8991311624402608,4.158757335601849e-15,0.8991311624402608,-10.225536935282785,-0.0002738441970859875,0.6341368373818776,0.0014303820297723716,0.6341384505905954
10.48001217842102,-10.221685427985914,-7.447640962120536e-17,0.9921756877577423,4.199655692688604e-15,0.9921756877577423,-10.219302358582096,-0.00025967846278663535,0.614439966132788,0.001403787607498554,0.6144415697207576
10.49001431465149,-10.211244194105658,-3.349999612415278e-17,1.097664459731284,3.944405691482832e-15,1.097664459731284,-10.21323128105462,-0.0002457940652300523,0.6006333134535529,0.0013713725623335003,0.6006348790179427
10.50001072883606,-10.199693124086862,3.4215166660703756e-18,1.2154454790566,3.3932449868105255e-15,1.2154454790566,-10.207266837005646,-0.00023228260521070755,0.5939322706165745,0.001329972797704162,0.5939337596966539
10.510010480880737,-10.186898536647215,3.336242137253014e-17,1.3456215881276878,2.5457849181463165e-15,1.3456215881276878,-10.201325598854444,-0.00021924203795330906,0.5959861260803617,0.001275715516747002,0.5959874914210502
10.520014524459839,-10.172801698334307,5.391859389087076e-17,1.4660122587064273,1.5858518684621143e-15,1.4660122587064273,-10.195307634968898,-0.00020682208858110212,0.6092593477189807,0.001204025443372926,0.6092605374223954
10.53001093864441,-10.157712643929951,6.555675272689838e-17,1.5461710958578765,7.660952481813663e-16,1.5461710958578765,-10.18909316323202,-0.00019523081118592113,0.6366290018134338,0.0011114427803123274,0.6366299720049498
10.54002857208252,-10.14199001963063,6.970614492525943e-17,1.5860712601354052,8.589700292373902e-17,1.5860712601354052,-10.182512959931069,-0.00018464980770503553,0.6798895178234357,0.0009983333927406513,0.679890250787395
10.550010204315186,-10.126127662021926,6.776638015550042e-17,1.585574190645067,-4.511623898312418e-16,1.585574190645067,-10.175448057092764,-0.0001753102288249785,0.7376826210441977,0.0008711110997053947,0.7376831353807577
10.560009241104126,-10.110443536606498,6.11518429232013e-17,1.5447889009091642,-8.483657588510143e-16,1.5447889009091642,-10.167742326374592,-0.00016725061416571983,0.8042464419030593,0.0007421968181522006,0.8042467843702253
10.570014476776123,-10.095359993892721,5.1263522722267884e-17,1.4636195491065767,-1.1047513794668316e-15,1.4636195491065767,-10.15935687679728,-0.00016042708972097036,0.8715413350288032,0.0006246011142725953,0.8715415588429163
10.580013275146484,-10.081299238763227,3.9523793655168837e-17,1.3421704734061575,-1.220007879208749e-15,1.3421704734061575,-10.150336046023703,-0.00015467827046990269,0.9304665807154214,0.0005302339789309171,0.9304667317944905
10.590029239654541,-10.06863395769294,2.731546738117286e-17,1.180087065440032,-1.1941805997224573e-15,1.180087065440032,-10.140773620844648,-0.00014972964786650727,0.9773175929258604,0.00046147187150281563,0.9773177018752326
10.600011110305786,-10.05782820207881,1.6109150148445155e-17,0.978333115948516,-1.027830277185831e-15,0.978333115948516,-10.130821734310853,-0.0001453910824655802,1.0153614730186877,0.000410064876367366,1.0153615558232851
10.610010623931885,-10.049105710807797,6.948682779801402e-18,0.7703913094053427,-8.087161630875635e-16,0.7703913094053427,-10.120507644485945,-0.0001414997092172458,1.0465632760370145,0.00036966856539460177,1.0465633413244402
10.620020866394043,-10.042331929984153,-1.5834152835862733e-19,0.5871401328949141,-6.156193512258573e-16,0.5871401328949141,-10.109900801106933,-0.00013797679489119518,1.0720140461343783,0.00033472060383460693,1.0720140983901674
10.630011796951294,-10.037275976533584,-5.455302981772096e-18,0.4290930389877345,-4.490808805821875e-16,0.4290930389877345,-10.099081767037237,-0.00013480456538440293,1.0926975341578187,0.00029974229289796183,1.09269757526958
10.640011072158813,-10.03367266952451,-9.22154785976303e-18,0.29577926051913384,-3.086046909395193e-16,0.29577926051913384,-10.088068813391288,-0.00013200120775183104,1.1095373135023476,0.00025980813910902805,1.1095373439205531
10.650015830993652,-10.031276960039227,-1.1715298936234919e-17,0.18728030989895658,-1.9427667433920433e-16,0.18728030989895658,-10.076897229870461,-0.00012963697834926603,1.1232328050586073,0.0002111023128111794,1.1232328248960737
10.65998888015747,-10.029845522601528,-1.3193071470316097e-17,0.10390715231364452,-1.0642450176096125e-16,0.10390715231364452,-10.065637721565917,-0.00012781978595812477,1.1342980269499403,0.00015107040855436585,1.1342980370100249
10.669981479644775,-10.029121299373674,-1.3925576967096448e-17,0.04518251776791645,-4.4545262650771435e-17,0.04518251776791645,-10.054254920211672,-0.00012669067856094438,1.1441375595777303,6.935772141511919e-05,1.144137561679966
10.679982662200928,-10.028859697761284,-1.4170585151177064e-17,0.011278267892613164,-8.820052192753055e-18,0.011278267892613164,-10.042761311096967,-0.00012658918270368034,1.15439549199149,-5.951202614724086e-05,1.1543954935254883
10.689986228942871,-10.028815643409924,-1.4190572780857212e-17,0.0,0.0,0.0,-10.031161526958048,-0.000128148348061056,1.1652572591514838,-0.00026891773600470616,1.1652572901818625
10.699945211410522,-10.028815643409924,-1.4190572780857212e-17,0.0,0.0,0.0,-10.019503289655772,-0.00013233258924488003,1.1756181939900632,-0.0005939280645868776,1.175618344017736
10.709948778152466,-10.028815643409924,-1.4190572780857212e-17,0.0,0.0,0.0,-10.007699375520067,-0.00014050033375103625,1.1834076046105413,-0.0010638908802270092,1.1834080828327413
10.720014810562134,-10.028815643409924,-1.4190572780857212e-17,0.0,0.0,0.0,-9.9957683845058,-0.00015423481523091175,1.1859830964691027,-0.0016885011408276612,1.1859842984401368
10.730022192001343,-10.028815643409924,-1.4190572780857212e-17,0.0,0.0,0.0,-9.98391800841602,-0.0001748149331777346,1.1809589511807865,-0.0024441821252065496,1.180961480489641
10.740015029907227,-10.028815643409924,-1.4190572780857212e-17,0.0,0.0,0.0,-9.972180194995133,-0.00020342203640725734,1.1666478627636616,-0.0032926172350215867,1.166652509112836
10.75002121925354,-10.028815643409924,-1.4190572780857212e-17,0.0,0.0,0.0,-9.960620815626648,-0.00024078498684821455,1.1421353548144826,-0.004174939598553734,1.1421429852859297
10.760012149810791,-10.028815643409924,-1.4190572780857212e-17,0.0,0.0,0.0,-9.949380800370115,-0.0002867306931935184,1.107617448403661,-0.005015575024934212,1.1076288042485476
10.770010948181152,-10.028815643409924,-1.4190572780857212e-17,0.0,0.0,0.0,-9.938512199034847,-0.00034067948069694783,1.0639315081692415,-0.005746213413523308,1.0639470254875807
10.780019998550415,-10.028815643409924,-1.4190572780857212e-17,0.0,0.0,0.0,-9.928112057054447,-0.00040117498228655333,1.0127195665066766,-0.006307117480828466,1.0127392063687413
10.78998064994812,-10.028815643409924,-1.4190572780857212e-17,0.0,0.0,0.0,-9.918303057043877,-0.0004659221105599895,0.95629856450542,-0.006659806998449697,0.9563217541729266
10.800010204315186,-10.028815643409924,-1.4190572780857212e-17,0.0,0.0,0.0,-9.909011239279675,-0.000533589740276491,0.8959947313126186,-0.006795635329580448,0.8960205015508876
10.810009956359863,-10.028815643409924,-1.4190572780857212e-17,0.0,0.0,0.0,-9.90035917094156,-0.0006013459058426693,0.8343219710351795,-0.006722998730429046,0.8343490576874623
10.82000994682312,-10.028815643409924,-1.4190572780857212e-17,0.0,0.0,0.0,-9.892325452034187,-0.0006674414180189739,0.7727756870675245,-0.00647099753121194,0.7728027797127373
10.82999849319458,-10.028815643409924,-1.4190572780857212e-17,0.0,0.0,0.0,-9.884911045587723,-0.000730193463633031,0.7128339591274677,-0.006079998260336969,0.7128598878210121
10.839999437332153,-10.028815643409924,-1.4190572780857212e-17,0.0,0.0,0.0,-9.878070991523453,-0.0007886323672649736,0.6554418572556061,-0.005593605693581827,0.6554657250133935
10.85001802444458,-10.028815643409924,-1.4190572780857212e-17,0.0,0.0,0.0,-9.871774796510627,-0.0008420321394871952,0.6015115877682168,-0.0050568714962901645,0.6015328437988828
10.860016822814941,-10.028815643409924,-1.4190572780857212e-17,0.0,0.0,0.0,-9.866011844337857,-0.0008898734865634247,0.5519964850708968,-0.0045148552012593615,0.5520149485730556
10.869996309280396,-10.028815643409924,-1.4190572780857212e-17,0.0,0.0,0.0,-9.860730683923247,-0.0009323373086685887,0.5073396782521845,-0.00400377693330021,0.5073554763267681
10.880016088485718,-10.028815643409924,-1.4190572780857212e-17,0.0,0.0,0.0,-9.85585039090274,-0.0009701221796331207,0.4675596842912159,-0.003549472163214101,0.46757315697881857
10.889925718307495,-10.028815643409924,-1.4190572780857212e-17,0.0,0.0,0.0,-9.851390598384787,-0.0010033908451671247,0.43325366341121957,-0.0031778936253010594,0.4332653180986635
10.899996042251587,-10.028815643409924,-1.4190572780857212e-17,0.0,0.0,0.0,-9.847182597670123,-0.0010338655125148803,0.4033521305245428,-0.002890821734922813,0.4033624896405104
10.910016298294067,-10.028815643409924,-1.4190572780857212e-17,0.0,0.0,0.0,-9.843270790242522,-0.0010617894868285,0.37813239438684404,-0.002697870524496348,0.3781420185460678
10.92000675201416,-10.028815643409924,-1.4190572780857212e-17,0.0,0.0,0.0,-9.839604722810796,-0.0010881291835458816,0.3569067873375212,-0.0025927305738538105,0.35691620459068424
10.929948806762695,-10.028815643409924,-1.4190572780857212e-17,0.0,0.0,0.0,-9.8361468462048,-0.001113714881512208,0.3389013692756739,-0.0025641157662362932,0.3389110691414332
10.939983129501343,-10.028815643409924,-1.4190572780857212e-17,0.0,0.0,0.0,-9.83282635139584,-0.0011395762656769759,0.3230894719396584,-0.0025982872110953074,0.32309991949036243
10.949994087219238,-10.028815643409924,-1.4190572780857212e-17,0.0,0.0,0.0,-9.8296641918195,-0.001165961460601631,0.3088296823473739,-0.0026793333296501053,0.3088413047600195
10.960000038146973,-10.028815643409924,-1.4190572780857212e-17,0.0,0.0,0.0,-9.826641749961514,-0.0011933136586041537,0.29527059630117575,-0.002790806654660462,0.29528378492872853
10.969996452331543,-10.028815643409924,-1.4190572780857212e-17,0.0,0.0,0.0,-9.823757801805215,-0.0012218342825165648,0.28168568137943145,-0.0029168098350764228,0.28170078252253505
10.979999542236328,-10.028815643409924,-1.4190572780857212e-17,0.0,0.0,0.0,-9.82101066207766,-0.0012516483262963618,0.2674238514567453,-0.003043146407990754,0.26744116561969256
10.989968299865723,-10.028815643409924,-1.4190572780857212e-17,0.0,0.0,0.0,-9.818420087800044,-0.001282566313120961,0.2520554887585391,-0.003156685068840441,0.2520752547830308
11.0,-10.028815643409924,-1.4190572780857212e-17,0.0,0.0,0.0,-9.815975488986558,-0.0013147123041962726,0.23507529343553302,-0.003247623414224531,0.23509772572622342
11.010023593902588,-10.028815643409924,-1.4190572780857212e-17,0.0,0.0,0.0,-9.813711359880267,-0.001347590572844488,0.21638923683912423,-0.003306345512342218,0.21641449521800887
11.01999545097351,-10.028815643409924,-1.4190572780857212e-17,0.0,0.0,0.0,-9.81165379914536,-0.0013806887556273232,0.19604518784853373,-0.003326233556163876,0.19607340336781282
11.030001401901245,-10.028815643409924,-1.4190572780857212e-17,0.0,0.0,0.0,-9.80980127656419,-0.0014138949670548279,0.17393891043439355,-0.0033029323392964175,0.17397026735951734
11.039998769760132,-10.028815643409924,-1.4190572780857212e-17,0.0,0.0,0.0,-9.808178924389232,-0.0014466123233266989,0.1503575276220861,-0.003233926755086517,0.15039230164766962
11.049996376037598,-10.028815643409924,-1.4190572780857212e-17,0.0,0.0,0.0,-9.806798900408603,-0.0014784025914645906,0.1255731863338085,-0.0031188657622790907,0.1256119120532305
11.060002326965332,-10.028815643409924,-1.4190572780857212e-17,0.0,0.0,0.0,-9.80567019856142,-0.0015088495067522372,0.09990621540243018,-0.0029591787226807397,0.09995003058903756
11.069962739944458,-10.028815643409924,-1.4190572780857212e-17,0.0,0.0,0.0,-9.804804360612593,-0.0015373584977311848,0.07390336072679067,-0.002759560697712097,0.07395486395064561
11.079964637756348,-10.028815643409924,-1.4190572780857212e-17,0.0,0.0,0.0,-9.804196129438976,-0.0015638080861669823,0.04773286894702618,-0.0025232579017916653,0.04779951472926195
11.089998245239258,-10.028815643409924,-1.4190572780857212e-17,0.0,0.0,0.0,-9.803847682046426,-0.001587810364490569,0.02183599167963602,-0.0022567124584463366,0.021952295637432555
11.099998474121094,-10.028815643409924,-1.4190572780857212e-17,0.0,0.0,0.0,-9.803755449787367,-0.0016089550782207702,-0.0032374469045539844,-0.001969211561512858,0.0037893081998963984
11.110006332397461,-10.028815643409924,-1.4190572780857212e-17,0.0,0.0,0.0,-9.803909077016801,-0.0016271616211506641,-0.027253440166681377,-0.0016677394890080406,0.02730442008031078
11.119999408721924,-10.028815643409924,-1.4190572780857212e-17,0.0,0.0,0.0,-9.80429562840981,-0.0016422971988699422,-0.049869787933114584,-0.0013613063560400152,0.04988836440983825
11.130000591278076,-10.028815643409924,-1.4190572780857212e-17,0.0,0.0,0.0,-9.804901010562583,-0.0016543861205710083,-0.07091109401999914,-0.0010573234684479755,0.07091897621955698
11.139999151229858,-10.028815643409924,-1.4190572780857212e-17,0.0,0.0,0.0,-9.805707973947886,-0.0016634788878944946,-0.0901908532411549,-0.0007636512354119558,0.0901940861230762
11.15000319480896,-10.028815643409924,-1.4190572780857212e-17,0.0,0.0,0.0,-9.806699019550452,-0.0016697165643148023,-0.10762528581734489,-0.00048673531567651896,0.10762638644186055
11.160001516342163,-10.028815643409924,-1.4190572780857212e-17,0.0,0.0,0.0,-9.807850358483575,-0.0016732843111650507,-0.12312325439615257,-0.00023304711679763957,0.12312347495119828
11.170000076293945,-10.028815643409924,-1.4190572780857212e-17,0.0,0.0,0.0,-9.809155754382683,-0.0016744503097013265,-0.1368565239851014,-4.380017623314885e-06,0.13685652405519141
11.179965019226074,-10.028815643409924,-1.4190572780857212e-17,0.0,0.0,0.0,-9.8105773676273,-0.0016734866851117107,-0.14872619043065274,0.0001935398484659033,0.1487263163589004
11.190003395080566,-10.028815643409924,-1.4190572780857212e-17,0.0,0.0,0.0,-9.812126565845306,-0.0016706590108819905,-0.15910586167780333,0.00036352222342470205,0.15910627696179433
11.200011491775513,-10.028815643409924,-1.4190572780857212e-17,0.0,0.0,0.0,-9.813764683335025,-0.0016662971353151206,-0.16801350648611585,0.0005032912654101659,0.1680142602991125
11.21001672744751,-10.028815643409924,-1.4190572780857212e-17,0.0,0.0,0.0,-9.815482314814828,-0.0016606882984843395,-0.17570318407966143,0.0006153577411484868,0.17570426164689626
11.219996452331543,-10.028815643409924,-1.4190572780857212e-17,0.0,0.0,0.0,-9.817272709355276,-0.001654081489069506,-0.18242367131347614,0.000702903458456682,0.18242502550022868
11.230000972747803,-10.028815643409924,-1.4190572780857212e-17,0.0,0.0,0.0,-9.819128345340673,-0.0016466995440668332,-0.18840490787530445,0.000769544429711952,0.18840647948022185
11.239999294281006,-10.028815643409924,-1.4190572780857212e-17,0.0,0.0,0.0,-9.821039796511915,-0.0016387439822425076,-0.19385543973786323,0.0008192892158775549,0.1938571710068513
11.249994993209839,-10.028815643409924,-1.4190572780857212e-17,0.0,0.0,0.0,-9.823003288108781,-0.0016303600203253317,-0.19897686561650874,0.0008565287727067304,0.1989787091427338
11.25999903678894,-10.028815643409924,-1.4190572780857212e-17,0.0,0.0,0.0,-9.82501879528034,-0.001621640610850567,-0.2039475819705229,0.0008856338876182809,0.20394950487560898
11.26999568939209,-10.028815643409924,-1.4190572780857212e-17,0.0,0.0,0.0,-9.827082047069952,-0.001612661526466607,-0.20889927367178798,0.0009106508441040434,0.2089012585542759
11.280001640319824,-10.028815643409924,-1.4190572780857212e-17,0.0,0.0,0.0,-9.829197572511259,-0.0016034266655676338,-0.21394642893006002,0.0009353080442627047,0.21394847335997255
11.290004014968872,-10.028815643409924,-1.4190572780857212e-17,0.0,0.0,0.0,-9.831363511629648,-0.001593937407221596,-0.2191492985067208,0.0009626911731288596,0.21915141297806556
11.299995183944702,-10.028815643409924,-1.4190572780857212e-17,0.0,0.0,0.0,-9.833579827163828,-0.001584161521393679,-0.2245349836245095,0.0009952379442574614,0.22453718928013783
11.309963703155518,-10.028815643409924,-1.4190572780857212e-17,0.0,0.0,0.0,-9.835845606102307,-0.001574050742521418,-0.23009429075554955,0.0010346389329611064,0.23009661691563604
11.320000648498535,-10.028815643409924,-1.4190572780857212e-17,0.0,0.0,0.0,-9.838183394787807,-0.0015634354055601,-0.2358466948755644,0.001082363346759302,0.2358491784894363
11.329996824264526,-10.028815643409924,-1.4190572780857212e-17,0.0,0.0,0.0,-9.840570378093956,-0.0015523417299032817,-0.24167631045580815,0.0011383048627437871,0.24167899117112498
11.339999914169312,-10.028815643409924,-1.4190572780857212e-17,0.0,0.0,0.0,-9.84301724309559,-0.001540640835978395,-0.2475322947766642,0.001202400626633964,0.2475352151203305
11.349981546401978,-10.028815643409924,-1.4190572780857212e-17,0.0,0.0,0.0,-9.84551599849693,-0.0015282939155323659,-0.25330847773787724,0.001273603509384138,0.25331167947763433
11.359998226165771,-10.028815643409924,-1.4190572780857212e-17,0.0,0.0,0.0,-9.848082696470737,-0.001515147634912556,-0.25894863309626875,0.0013511369743498369,0.2589521580399543
11.37000322341919,-10.028815643409924,-1.4190572780857212e-17,0.0,0.0,0.0,-9.850699581496844,-0.0015012288204101095,-0.26432177774564347,0.001432906023226142,0.264325661656769
11.380002975463867,-10.028815643409924,-1.4190572780857212e-17,0.0,0.0,0.0,-9.853369159064776,-0.0014864745178665639,-0.26934891505000735,0.0015172118466502005,0.2693531881571178
11.390005826950073,-10.028815643409924,-1.4190572780857212e-17,0.0,0.0,0.0,-9.856087001083045,-0.0014708721706423195,-0.27394696415616254,0.001602055549109757,0.27395164856660426
11.39999794960022,-10.028815643409924,-1.4190572780857212e-17,0.0,0.0,0.0,-9.858845211050845,-0.0014544461376104025,-0.278042557057092,0.0016853537653633728,0.27804766489247973
11.410001516342163,-10.028815643409924,-1.4190572780857212e-17,0.0,0.0,0.0,-9.861644790126379,-0.0014371830489150503,-0.2815915873783208,0.0017654037553666746,0.2815971213145865
11.420002460479736,-10.028815643409924,-1.4190572780857212e-17,0.0,0.0,0.0,-9.864476286297627,-0.0014191474842900139,-0.28455274093157534,0.001840385766456041,0.28455869234912085
11.429978609085083,-10.028815643409924,-1.4190572780857212e-17,0.0,0.0,0.0,-9.86732641513078,-0.0014004466521071967,-0.28690347220551204,0.0019086859691877696,0.28690982110361435
11.440001249313354,-10.028815643409924,-1.4190572780857212e-17,0.0,0.0,0.0,-9.870210558299485,-0.0013810087878792531,-0.28865893381445995,0.0019696432877318476,0.28866565359526525
11.449998140335083,-10.028815643409924,-1.4190572780857212e-17,0.0,0.0,0.0,-9.87310387280941,-0.0013610401555568862,-0.2898223396504577,0.002022033615592004,0.28982939323058293
11.459996700286865,-10.028815643409924,-1.4190572780857212e-17,0.0,0.0,0.0,-9.876005432732965,-0.0013405958701612787,-0.2904287604116585,0.002065526175208691,0.29043610531859326
11.469996690750122,-10.028815643409924,-1.4190572780857212e-17,0.0,0.0,0.0,-9.878910564425919,-0.0013197608165674097,-0.2905221600379643,0.00210004030144019,0.29052975001261444
11.480000019073486,-10.028815643409924,-1.4190572780857212e-17,0.0,0.0,0.0,-9.881815033756011,-0.0012986191679494553,-0.29015550603445434,0.002125814013002104,0.29016329328040125
11.490000486373901,-10.028815643409924,-1.4190572780857212e-17,0.0,0.0,0.0,-9.88471300228369,-0.001277267177656774,-0.2893886136420939,0.0021433594065610375,0.2893965509387401
11.499996423721313,-10.028815643409924,-1.4190572780857212e-17,0.0,0.0,0.0,-9.887600925256953,-0.0012557824933384983,-0.2882845906629439,0.0021534493964690104,0.28829263354793555
11.509997367858887,-10.028815643409924,-1.4190572780857212e-17,0.0,0.0,0.0,-9.890476895228545,-0.0012342264646096307,-0.28690619436661047,0.0021570393435797505,0.2869143028582943
11.52001166343689,-10.028815643409924,-1.4190572780857212e-17,0.0,0.0,0.0,-9.893342642020254,-0.00121262726126502,-0.28531161117748455,0.002155194863565369,0.2853197510471227
11.529998302459717,-10.028815643409924,-1.4190572780857212e-17,0.0,0.0,0.0,-9.89618335266288,-0.001191131439488213,-0.28356457184081446,0.002149074901714478,0.28357271541211015
11.540002822875977,-10.028815643409924,-1.4190572780857212e-17,0.0,0.0,0.0,-9.899009945535212,-0.0011696836642607839,-0.2817071769861301,0.0021398022186326824,0.28171530366494063
11.549996376037598,-10.028815643409924,-1.4190572780857212e-17,0.0,0.0,0.0,-9.901816729844208,-0.001148346379873473,-0.27978368896149397,0.00212847996037102,0.2797917851471764
11.559998512268066,-10.028815643409924,-1.4190572780857212e-17,0.0,0.0,0.0,-9.90460543041499,-0.0011271181330294994,-0.277824880091232,0.002116095056197094,0.27783293875275894
11.569999933242798,-10.028815643409924,-1.4190572780857212e-17,0.0,0.0,0.0,-9.907374170814597,-0.0011060176408194602,-0.2758548721810081,0.0021035177619913616,0.27586289220004806
11.579996347427368,-10.028815643409924,-1.4190572780857212e-17,0.0,0.0,0.0,-9.910121378593105,-0.001085054912008973,-0.2738885308441274,0.002091457728944467,0.27389651608479154
11.590009450912476,-10.028815643409924,-1.4190572780857212e-17,0.0,0.0,0.0,-9.912854171064309,-0.0010641681067168909,-0.27192588082737656,0.002080412751082628,0.27193383897735024
11.599996566772461,-10.028815643409924,-1.4190572780857212e-17,0.0,0.0,0.0,-9.91556052980959,-0.0010434374359667433,-0.2699729754114287,0.0020707736492489126,0.2699809170219375
11.609998226165771,-10.028815643409924,-1.4190572780857212e-17,0.0,0.0,0.0,-9.918250670711497,-0.0010227700009046536,-0.2680133034818462,0.0020626672236629872,0.26802124064955707
11.619996786117554,-10.028815643409924,-1.4190572780857212e-17,0.0,0.0,0.0,-9.92092060516999,-0.0010021799411652776,-0.266035403385212,0.0020561053132075622,0.26604334876743574
11.62999701499939,-10.028815643409924,-1.4190572780857212e-17,0.0,0.0,0.0,-9.923571194711217,-0.0009816436987015312,-0.26402058054676875,0.0020509356572800687,0.2640285463530849
11.640001773834229,-10.028815643409924,-1.4190572780857212e-17,0.0,0.0,0.0,-9.92620188054166,-0.0009611492812473532,-0.26194898342816475,0.002046886279648853,0.2619569805569051
11.649996519088745,-10.028815643409924,-1.4190572780857212e-17,0.0,0.0,0.0,-9.928809860047764,-0.0009407039941153289,-0.2598019488760392,0.0020435920333203594,0.25980998615947526
11.660000085830688,-10.028815643409924,-1.4190572780857212e-17,0.0,0.0,0.0,-9.931397618937972,-0.0009202761102580829,-0.2575571141784671,0.0020406160768641963,0.2575651979167859
11.669996738433838,-10.028815643409924,-1.4190572780857212e-17,0.0,0.0,0.0,-9.933960291659588,-0.0008998949092660539,-0.2552003202925029,0.002037496208081931,0.2552084537553449
11.680001258850098,-10.028815643409924,-1.4190572780857212e-17,0.0,0.0,0.0,-9.936500166606661,-0.0008795363979720574,-0.2527138519859132,0.002033756296189248,0.2527220353475935
11.690006256103516,-10.028815643409924,-1.4190572780857212e-17,0.0,0.0,0.0,-9.939016348662514,-0.0008592051465697743,-0.2500861637271555,0.002028943200643201,0.25009439397610866
11.699967384338379,-10.028815643409924,-1.4190572780857212e-17,0.0,0.0,0.0,-9.941493497725798,-0.0008390274598455047,-0.24732640709589618,0.002022688591301451,0.24733467794893288
11.70996880531311,-10.028815643409924,-1.4190572780857212e-17,0.0,0.0,0.0,-9.943953338392987,-0.0008188307672985448,-0.24440640545952466,0.002014590276302252,0.24441470823914616
11.719964981079102,-10.028815643409924,-1.4190572780857212e-17,0.0,0.0,0.0,-9.946381278146605,-0.0007987415876174076,-0.24134302245690425,0.0020044163695799757,0.24135134591217103
11.730005741119385,-10.028815643409924,-1.4190572780857212e-17,0.0,0.0,0.0,-9.948788589277568,-0.0007786757304255669,-0.23812535296551834,0.0019919169673561633,0.238133684005765
11.740002632141113,-10.028815643409924,-1.4190572780857212e-17,0.0,0.0,0.0,-9.951152316752603,-0.0007588366951297744,-0.23479242301070638,0.0019771149215526444,0.2348007472020724
11.750000715255737,-10.028815643409924,-1.4190572780857212e-17,0.0,0.0,0.0,-9.95348216507281,-0.0007391571811962823,-0.2313428166196881,0.0019599523651711802,0.23135111889680668
11.759963512420654,-10.028815643409924,-1.4190572780857212e-17,0.0,0.0,0.0,-9.955770049602977,-0.0007197200796300986,-0.22780289952399277,0.0019405699382463008,0.2278111648783342
11.769998788833618,-10.028815643409924,-1.4190572780857212e-17,0.0,0.0,0.0,-9.958037893310756,-0.0007003526237623937,-0.22415311170300806,0.0019189047492984908,0.22416132512451403
11.779997825622559,-10.028815643409924,-1.4190572780857212e-17,0.0,0.0,0.0,-9.960260564041276,-0.0006812830108720879,-0.2204499137140189,0.0018953911608439215,0.22045806169013413
11.789965629577637,-10.028815643409924,-1.4190572780857212e-17,0.0,0.0,0.0,-9.962439510182678,-0.000662512670109409,-0.21670885859235295,0.0018702853225135844,0.21671692910243084
11.800004005432129,-10.028815643409924,-1.4190572780857212e-17,0.0,0.0,0.0,-9.96459514080388,-0.0006438771164818954,-0.2129106575536556,0.0018436220356934613,0.2129186394896898
11.810002565383911,-10.028815643409924,-1.4190572780857212e-17,0.0,0.0,0.0,-9.966705665635601,-0.0006255747624940365,-0.20910889293019388,0.0018159659280376054,0.2091167779847975
11.820001125335693,-10.028815643409924,-1.4190572780857212e-17,0.0,0.0,0.0,-9.968777143428111,-0.0006075618687452665,-0.20530716380348213,0.0017875505145303026,0.20531494550049648
11.830005407333374,-10.028815643409924,-1.4190572780857212e-17,0.0,0.0,0.0,-9.97081054664887,-0.0005898366440435031,-0.20151596004171973,0.0017586576114090422,0.20152363391952358
11.840001106262207,-10.028815643409924,-1.4190572780857212e-17,0.0,0.0,0.0,-9.9728067754966,-0.0005723959842666339,-0.19774370434371658,0.0017295464114437048,0.19775126785526442
11.850002765655518,-10.028815643409924,-1.4190572780857212e-17,0.0,0.0,0.0,-9.974766184779481,-0.0005552397248840397,-0.19399756338207963,0.0017004519828863007,0.19400501574735152
11.859997749328613,-10.028815643409924,-1.4190572780857212e-17,0.0,0.0,0.0,-9.976687135037281,-0.0005383835857655502,-0.1902863085198642,0.0016716007878443148,0.19029365060167105
11.869996547698975,-10.028815643409924,-1.4190572780857212e-17,0.0,0.0,0.0,-9.978571476877839,-0.0005218112884845419,-0.18660981954954708,0.0016431233756160602,0.18661705336528606
11.879997968673706,-10.028815643409924,-1.4190572780857212e-17,0.0,0.0,0.0,-9.980419500647356,-0.0005055190607866295,-0.18296894604738434,0.0016151275813385013,0.1829760745419866
11.889965295791626,-10.028815643409924,-1.4190572780857212e-17,0.0,0.0,0.0,-9.982225292291288,-0.0004895572223377521,-0.17937522661640032,0.0015877696008540837,0.17938225368188004
11.899996995925903,-10.028815643409924,-1.4190572780857212e-17,0.0,0.0,0.0,-9.984006522747599,-0.000473766725186393,-0.17579154103266229,0.0015608053159606036,0.17579846987921288
11.90999698638916,-10.028815643409924,-1.4190572780857212e-17,0.0,0.0,0.0,-9.98574698145754,-0.000458288266254746,-0.17224755301304584,0.0015344648500322786,0.17225438775647495
11.919963121414185,-10.028815643409924,-1.4190572780857212e-17,0.0,0.0,0.0,-9.987446078821122,-0.0004431248180598869,-0.16874142260784553,0.001508709089734717,0.16874816712141488
11.930001497268677,-10.028815643409924,-1.4190572780857212e-17,0.0,0.0,0.0,-9.989122228828544,-0.0004281091596260237,-0.16523098378768084,0.00148318380157319,0.16523764049887088
11.940005779266357,-10.028815643409924,-1.4190572780857212e-17,0.0,0.0,0.0,-9.990757093926335,-0.0004134033667352322,-0.16175065875980166,0.0014580747139121266,0.16175723041367007
11.949996948242188,-10.028815643409924,-1.4190572780857212e-17,0.0,0.0,0.0,-9.992356356084393,-0.0003989553718653322,-0.1582852439222959,0.0014331921732534,0.15829173220148357
11.960004806518555,-10.028815643409924,-1.4190572780857212e-17,0.0,0.0,0.0,-9.993923425709852,-0.0003847336936282147,-0.1548243690421539,0.0014083752610350522,0.15483077462241465
11.970005989074707,-10.028815643409924,-1.4190572780857212e-17,0.0,0.0,0.0,-9.99545433981082,-0.0003707745492262676,-0.15137469456784614,0.0013835830353325816,0.1513810174940186
11.979999780654907,-10.028815643409924,-1.4190572780857212e-17,0.0,0.0,0.0,-9.996949792805529,-0.00035707289736085484,-0.1479337139149694,0.001358711998114499,0.14793995339653798
11.989969730377197,-10.028815643409924,-1.4190572780857212e-17,0.0,0.0,0.0,-9.998407845316148,-0.0003436487262604486,-0.1445061165781847,0.0013337186927057183,0.14451227122310126
11.999996900558472,-10.028815643409924,-1.4190572780857212e-17,0.0,0.0,0.0,-9.999839780901384,-0.00033040039939785773,-0.14106584801164498,0.00130834369271972,0.14107191513005982
12.009997844696045,-10.028815643409924,-1.4190572780857212e-17,0.0,0.0,0.0,-10.001233413759621,-0.0003174437768028443,-0.13764392346150112,0.0012827603785151571,0.13764990061770574
12.01996636390686,-10.028815643409924,-1.4190572780857212e-17,0.0,0.0,0.0,-10.002588435752223,-0.000304786125955895,-0.1342446870053205,0.0012569651926245956,0.13425057150959147
12.030000925064087,-10.028815643409924,-1.4190572780857212e-17,0.0,0.0,0.0,-10.003918570252932,-0.0002923030667415781,-0.13083695330465606,0.0012306948845955505,0.13084274133456436
12.03999924659729,-10.028815643409924,-1.4190572780857212e-17,0.0,0.0,0.0,-10.005209540800262,-0.0002801328643134691,-0.12746149456245168,0.0012042541978588373,0.12746718332287318
12.049997329711914,-10.028815643409924,-1.4190572780857212e-17,0.0,0.0,0.0,-10.006467270538264,-0.0002682244822422848,-0.12410805203881956,0.0011775709433397721,0.12411363846973845
12.059998512268066,-10.028815643409924,-1.4190572780857212e-17,0.0,0.0,0.0,-10.007691833875793,-0.00025658165475956913,-0.12078158124915506,0.001150703430837289,0.12078706258301004
12.069995641708374,-10.028815643409924,-1.4190572780857212e-17,0.0,0.0,0.0,-10.008882940477315,-0.0002452114581829341,-0.1174882230260351,0.0011237316321210447,0.11749359694296703
12.079997062683105,-10.028815643409924,-1.4190572780857212e-17,0.0,0.0,0.0,-10.010041557498155,-0.00023410869277342068,-0.11423061045546384,0.0010967162268279164,0.11423587506344104
12.089999198913574,-10.028815643409924,-1.4190572780857212e-17,0.0,0.0,0.0,-10.01116788622614,-0.00022327508673341786,-0.11101327141022918,0.0010697400966477365,0.11101842537649138
12.099996089935303,-10.028815643409924,-1.4190572780857212e-17,0.0,0.0,0.0,-10.012262000072838,-0.0002127132072827123,-0.10784080604149582,0.0010428912017013006,0.1078458486439701
12.109997987747192,-10.028815643409924,-1.4190572780857212e-17,0.0,0.0,0.0,-10.013324888613916,-0.00020241631463568854,-0.10471471074560514,0.0010162328637771845,0.10471964178590935
12.119999170303345,-10.028815643409924,-1.4190572780857212e-17,0.0,0.0,0.0,-10.014356499389958,-0.00019238728002181414,-0.1016390086290362,0.0009898491239858458,0.1016438285208775
12.12999677658081,-10.028815643409924,-1.4190572780857212e-17,0.0,0.0,0.0,-10.01535772976438,-0.0001826193028941521,-0.09861434738094965,0.0009637922751257259,0.09861905700684935
12.140000104904175,-10.028815643409924,-1.4190572780857212e-17,0.0,0.0,0.0,-10.016328979616038,-0.0001731099840738935,-0.09564226406913179,0.0009381174914500439,0.09564686477191661
12.149996757507324,-10.028815643409924,-1.4190572780857212e-17,0.0,0.0,0.0,-10.017270734252048,-0.00016385572072296866,-0.09272347536620824,0.000912866783246548,0.09272796886458681
12.16000247001648,-10.028815643409924,-1.4190572780857212e-17,0.0,0.0,0.0,-10.018184140051533,-0.00015484606006807962,-0.08985607633138469,0.0008880523802556851,0.08986046455867959
12.169998168945312,-10.028815643409924,-1.4190572780857212e-17,0.0,0.0,0.0,-10.01906819141005,-0.00014609156589388654,-0.08704448287027611,0.0008637335639456713,0.08704876813501314
12.179968118667603,-10.028815643409924,-1.4190572780857212e-17,0.0,0.0,0.0,-10.01992192533852,-0.00013760244942765253,-0.08429283109668241,0.0008399592508488302,0.08429701599604174
12.18997073173523,-10.028815643409924,-1.4190572780857212e-17,0.0,0.0,0.0,-10.0207516633175,-0.00012931613244465697,-0.08158119831488292,0.0008165631737579116,0.08158528478781571
12.200002193450928,-10.028815643409924,-1.4190572780857212e-17,0.0,0.0,0.0,-10.021556595213598,-0.00012124070224012269,-0.07891219976953291,0.0007935670786926333,0.07891618985464931
12.210002660751343,-10.028815643409924,-1.4190572780857212e-17,0.0,0.0,0.0,-10.022332779632032,-0.00011341614536675996,-0.07629917487035721,0.0007710786840137105,0.07630307102754312
12.219992876052856,-10.028815643409924,-1.4190572780857212e-17,0.0,0.0,0.0,-10.023082100916083,-0.00010582419987841045,-0.0737362222449599,0.0007490350029570219,0.07374002660966278
12.2299964427948,-10.028815643409924,-1.4190572780857212e-17,0.0,0.0,0.0,-10.023807173995522,-9.84389797203057e-05,-0.07121461000972924,0.0007273452263866072,0.07121832425658564
12.240000009536743,-10.028815643409924,-1.4190572780857212e-17,0.0,0.0,0.0,-10.02450703206206,-9.127108141353267e-05,-0.068737999149244,0.0007060227517497686,0.068741624909275
12.249995946884155,-10.028815643409924,-1.4190572780857212e-17,0.0,0.0,0.0,-10.025181993257215,-8.431830785434151e-05,-0.0663058687971218,0.0006850439779046057,0.06630940749390538
12.259998559951782,-10.028815643409924,-1.4190572780857212e-17,0.0,0.0,0.0,-10.025833297774385,-7.756907867730899e-05,-0.06391450144947095,0.0006643578228563274,0.06391795418230478
12.269996166229248,-10.028815643409924,-1.4190572780857212e-17,0.0,0.0,0.0,-10.02646049932939,-7.102943425048353e-05,-0.06156656065236496,0.0006439696057938698,0.06156992843437874
12.279998302459717,-10.028815643409924,-1.4190572780857212e-17,0.0,0.0,0.0,-10.02706466793147,-6.46898265196745e-05,-0.05925934782453189,0.0006238403341448313,0.05926263140758566
12.29001235961914,-10.028815643409924,-1.4190572780857212e-17,0.0,0.0,0.0,-10.027646483879435,-5.854480280268301e-05,-0.05699172009520785,0.0006039471198539392,0.05699492005024744
12.299963235855103,-10.028815643409924,-1.4190572780857212e-17,0.0,0.0,0.0,-10.028202762006087,-5.263022343912296e-05,-0.0547782333639973,0.0005844092929175698,0.054781350701695875
12.30997085571289,-10.028815643409924,-1.4190572780857212e-17,0.0,0.0,0.0,-10.028739914211446,-4.687988866572918e-05,-0.052595328298886954,0.0005650130938412722,0.052598363079699645
12.319998741149902,-10.028815643409924,-1.4190572780857212e-17,0.0,0.0,0.0,-10.0292564767408,-4.131114722686397e-05,-0.05045066179728624,0.0005458231884191756,0.050453614327787985
12.329996585845947,-10.028815643409924,-1.4190572780857212e-17,0.0,0.0,0.0,-10.029750561159231,-3.594654839058504e-05,-0.04835448031849957,0.0005269330401411008,0.04835735130568004
12.339969158172607,-10.028815643409924,-1.4190572780857212e-17,0.0,0.0,0.0,-10.030222463507972,-3.078534979858128e-05,-0.04630835992871966,0.0005083629002810828,0.04631115019221862
12.349996328353882,-10.028815643409924,-1.4190572780857212e-17,0.0,0.0,0.0,-10.030676731682966,-2.57797400248287e-05,-0.044294861639745636,0.0004899616103979464,0.04429757137884507
12.359995126724243,-10.028815643409924,-1.4190572780857212e-17,0.0,0.0,0.0,-10.031109812044951,-2.0970846027873976e-05,-0.04233213883592278,0.00047190484039128124,0.04233476907462974
12.369962930679321,-10.028815643409924,-1.4190572780857212e-17,0.0,0.0,0.0,-10.031522212367728,-1.635539210063274e-05,-0.04042081308176713,0.00045421126880659834,0.04042336500178909
12.380008697509766,-10.028815643409924,-1.4190572780857212e-17,0.0,0.0,0.0,-10.031918719120155,-1.188145320354286e-05,-0.03854082683248129,0.00043670744939420316,0.038543300926719634
12.389997243881226,-10.028815643409924,-1.4190572780857212e-17,0.0,0.0,0.0,-10.032294532241922,-7.605004777991675e-06,-0.03671728982381582,0.0004196406848413057,0.03671968777523119
12.39999508857727,-10.028815643409924,-1.4190572780857212e-17,0.0,0.0,0.0,-10.03265272224991,-3.4930983573769656e-06,-0.0349378677201173,0.0004029096711755036,0.03494019085568281
12.40999984741211,-10.028815643409924,-1.4190572780857212e-17,0.0,0.0,0.0,-10.032993575216313,4.5596279172691677e-07,-0.033203230027184345,0.00038653353525948544,0.033205479855168425
12.419998407363892,-10.028815643409924,-1.4190572780857212e-17,0.0,0.0,0.0,-10.033317057266752,4.240171208156757e-06,-0.03151564972048836,0.00037054574084377203,0.031517827993860485
12.430014848709106,-10.028815643409924,-1.4190572780857212e-17,0.0,0.0,0.0,-10.033624458010046,7.873154306381582e-06,-0.02987028889483942,0.0003549109575377664,0.02987239729999833
12.43997311592102,-10.028815643409924,-1.4190572780857212e-17,0.0,0.0,0.0,-10.033913922906592,1.1331245982401068e-05,-0.028279245897287822,0.0003397533514421404,0.02828128676102073
12.449995994567871,-10.028815643409924,-1.4190572780857212e-17,0.0,0.0,0.0,-10.034189574257704,1.4662370461272383e-05,-0.02672150772426392,0.00032487972807419835,0.026723482592948287
12.45999526977539,-10.028815643409924,-1.4190572780857212e-17,0.0,0.0,0.0,-10.034449185021323,1.783839239948328e-05,-0.025211141026164875,0.0003104294372930895,0.02521305214123653
12.46996521949768,-10.028815643409924,-1.4190572780857212e-17,0.0,0.0,0.0,-10.034693186257313,2.086282074677091e-05,-0.023747673543916853,0.0002964015583754829,0.02374952320852475
12.47999906539917,-10.028815643409924,-1.4190572780857212e-17,0.0,0.0,0.0,-10.034924089151914,2.3765560093241772e-05,-0.02231742550559532,0.0002826664827156753,0.02231921552246511
12.489997148513794,-10.028815643409924,-1.4190572780857212e-17,0.0,0.0,0.0,-10.035140366623459,2.6526099410210752e-05,-0.020931296946001512,0.00026932893527372017,0.020933029640189876
12.499967098236084,-10.028815643409924,-1.4190572780857212e-17,0.0,0.0,0.0,-10.035342377163005,2.9147117299754024e-05,-0.0195890464060367,0.0002563857129896437,0.01959072415026266
12.50999641418457,-10.028815643409924,-1.4190572780857212e-17,0.0,0.0,0.0,-10.035532104180623,3.1652921104809574e-05,-0.018278997822689384,0.00024372201868880371,0.018280622577589556
12.519997835159302,-10.028815643409924,-1.4190572780857212e-17,0.0,0.0,0.0,-10.035708658782749,3.4030286731305126e-05,-0.01700883602926551,0.00023140923305795165,0.017010410145072485
12.529997110366821,-10.028815643409924,-1.4190572780857212e-17,0.0,0.0,0.0,-10.035872555587606,3.6284193307834414e-05,-0.01577691792187406,0.00021942842055115654,0.015778443774507565
12.539999723434448,-10.028815643409924,-1.4190572780857212e-17,0.0,0.0,0.0,-10.036024340317564,3.842020491552321e-05,-0.01458118818297665,0.0002077564288639474,0.014582668190736297
12.54999566078186,-10.028815643409924,-1.4190572780857212e-17,0.0,0.0,0.0,-10.03616428445998,4.0440102953980545e-05,-0.013421671258084425,0.00019639050119121338,0.013423108007799374
12.55999493598938,-10.028815643409924,-1.4190572780857212e-17,0.0,0.0,0.0,-10.036292835319648,4.2348187645818394e-05,-0.012296968078766068,0.0001853143363848712,0.012298364335693647
12.570057153701782,-10.028815643409924,-1.4190572780857212e-17,0.0,0.0,0.0,-10.036411016410606,4.415795813940893e-05,-0.01119992241214118,0.000174454871406889,0.011201281022282223
12.579997301101685,-10.028815643409924,-1.4190572780857212e-17,0.0,0.0,0.0,-10.036517099352999,4.583984383151996e-05,-0.0101499987771214,0.00016400421194490112,0.010151323684973384
12.590000867843628,-10.028815643409924,-1.4190572780857212e-17,0.0,0.0,0.0,-10.036613484147304,4.742891036947403e-05,-0.009126754807400304,0.00015375886043762947,0.009128049906829368
12.599998235702515,-10.028815643409924,-1.4190572780857212e-17,0.0,0.0,0.0,-10.03669975920262,4.8916130851743006e-05,-0.008137050622624499,0.00014378749184952997,0.008138320937267473
12.609996795654297,-10.028815643409924,-1.4190572780857212e-17,0.0,0.0,0.0,-10.03677631154452,5.030515878954487e-05,-0.007179845867398,0.00013408098788121654,0.007181097714897308
12.619998693466187,-10.028815643409924,-1.4190572780857212e-17,0.0,0.0,0.0,-10.036843463163935,5.1598635767051116e-05,-0.006254745666312132,0.00012463746651103597,0.0062559873599863265
12.629967451095581,-10.028815643409924,-1.4190572780857212e-17,0.0,0.0,0.0,-10.03690135779898,5.27953922345915e-05,-0.0053642622012697845,0.00011548575804210909,0.005365505188170291
12.639999866485596,-10.028815643409924,-1.4190572780857212e-17,0.0,0.0,0.0,-10.036950803200243,5.3908756807569995e-05,-0.004499833409814201,0.00010654099803398993,0.004501094500267927
12.649996519088745,-10.028815643409924,-1.4190572780857212e-17,0.0,0.0,0.0,-10.036991615106613,5.493047093242498e-05,-0.0036694006273505237,9.788915935557668e-05,0.0036707060971316896
12.659968376159668,-10.028815643409924,-1.4190572780857212e-17,0.0,0.0,0.0,-10.037024204658842,5.586464857803285e-05,-0.0028716829980538782,8.952173862768972e-05,0.0028730780328766977
12.66996455192566,-10.028815643409924,-1.4190572780857212e-17,0.0,0.0,0.0,-10.037049041469336,5.671876639344576e-05,-0.0021020552959616066,8.139469197811973e-05,0.002103630567177243
12.67998719215393,-10.028815643409924,-1.4190572780857212e-17,0.0,0.0,0.0,-10.03706634214675,5.7493466777890754e-05,-0.0013616118321886426,7.352388744293135e-05,0.0013635954471839635
12.690001010894775,-10.028815643409924,-1.4190572780857212e-17,0.0,0.0,0.0,-10.037076396144377,5.8192416155798984e-05,-0.0006485983250553048,6.589492267486874e-05,0.0006519370583874442
12.699999809265137,-10.028815643409924,-1.4190572780857212e-17,0.0,0.0,0.0,-10.037079448472943,5.8814017997132616e-05,3.3123108880553365e-05,5.8553576079387806e-05,6.727303779076465e-05
12.710017204284668,-10.028815643409924,-1.4190572780857212e-17,0.0,0.0,0.0,-10.037075805198127,5.936507317397458e-05,0.0006887478388471853,5.144795443501738e-05,0.0006906666906201687
12.71999716758728,-10.028815643409924,-1.4190572780857212e-17,0.0,0.0,0.0,-10.037065791184975,5.984426014718636e-05,0.0013141000832058048,4.462713573246636e-05,0.0013148576386533969
12.730002403259277,-10.028815643409924,-1.4190572780857212e-17,0.0,0.0,0.0,-10.037049617230853,6.0257615695775826e-05,0.001914298293845599,3.803865952788835e-05,0.0019146761860531012
12.74000597000122,-10.028815643409924,-1.4190572780857212e-17,0.0,0.0,0.0,-10.037027576202982,6.06062038597681e-05,0.0024881601085185094,3.1698236607277316e-05,0.0024883620122134265
12.749999761581421,-10.028815643409924,-1.4190572780857212e-17,0.0,0.0,0.0,-10.036999952321054,6.0892345292322837e-05,0.0030360137599056763,2.560474928173275e-05,0.0030361217290356428
12.759990215301514,-10.028815643409924,-1.4190572780857212e-17,0.0,0.0,0.0,-10.036967029563678,6.111850088552755e-05,0.003558361208569244,1.975475184358218e-05,0.003558416043813704
12.770004749298096,-10.028815643409924,-1.4190572780857212e-17,0.0,0.0,0.0,-10.036928835927826,6.1287998987993e-05,0.004058764432754472,1.4109745874580047e-05,0.004058788957992443
12.779996871948242,-10.028815643409924,-1.4190572780857212e-17,0.0,0.0,0.0,-10.036885868626603,6.140183759126495e-05,0.0045343659806022655,8.703200559703783e-06,0.004534374332997125
12.790004253387451,-10.028815643409924,-1.4190572780857212e-17,0.0,0.0,0.0,-10.036838207048996,6.14627512287466e-05,0.004987656995237583,3.507947818419374e-06,0.004987658228852524
12.799962520599365,-10.028815643409924,-1.4190572780857212e-17,0.0,0.0,0.0,-10.036786382950554,6.147284087386164e-05,0.005416768804075609,-1.4533985116427895e-06,0.005416768999059673
12.810002565383911,-10.028815643409924,-1.4190572780857212e-17,0.0,0.0,0.0,-10.036729914435222,6.143397158417603e-05,0.005827737371503367,-6.250085602005067e-06,0.005827740723023546
12.819967269897461,-10.028815643409924,-1.4190572780857212e-17,0.0,0.0,0.0,-10.036669905236256,6.134882705130796e-05,0.006214749679215265,-1.081335022287508e-05,0.006214759086549476
12.830003261566162,-10.028815643409924,-1.4190572780857212e-17,0.0,0.0,0.0,-10.036605658573743,6.121801757954146e-05,0.006584149489653305,-1.5217167999611862e-05,0.006584167074452456
12.840003490447998,-10.028815643409924,-1.4190572780857212e-17,0.0,0.0,0.0,-10.036538052669622,6.10446661784835e-05,0.006932434793763789,-1.941899450050295e-05,0.0069324619917554686
12.850000381469727,-10.028815643409924,-1.4190572780857212e-17,0.0,0.0,0.0,-10.03646709011836,6.083029918460919e-05,0.007261344293574577,-2.3438359908064128e-05,0.007261382120956262
12.860002756118774,-10.028815643409924,-1.4190572780857212e-17,0.0,0.0,0.0,-10.036392891688061,6.05764809265418e-05,0.0075717018298675776,-2.72839878422204e-05,0.007571750987480545
12.870001316070557,-10.028815643409924,-1.4190572780857212e-17,0.0,0.0,0.0,-10.036315720160552,6.028521585136195e-05,0.007863678644199746,-3.09564046291741e-05,0.007863739575941634
12.879999876022339,-10.028815643409924,-1.4190572780857212e-17,0.0,0.0,0.0,-10.036235707977246,5.9958028754412585e-05,0.008137945682919541,-3.446219831202183e-05,0.008138018652059069
12.89000391960144,-10.028815643409924,-1.4190572780857212e-17,0.0,0.0,0.0,-10.036152988033994,5.959637035876952e-05,0.008395079374304233,-3.7806747155562975e-05,0.008395164504105851
12.899999380111694,-10.028815643409924,-1.4190572780857212e-17,0.0,0.0,0.0,-10.036067859329219,5.920243103941716e-05,0.008635148330580258,-4.0988628705418016e-05,0.008635245610798002
12.909965515136719,-10.028815643409924,-1.4190572780857212e-17,0.0,0.0,0.0,-10.035980678282051,5.877879482754097e-05,0.008858197965445349,-4.4005583373596144e-05,0.0088583072698111
12.919965028762817,-10.028815643409924,-1.4190572780857212e-17,0.0,0.0,0.0,-10.03589106028954,5.8324326657889526e-05,0.009066031392623752,-4.687939586909092e-05,0.009066152595770514
12.930001497268677,-10.028815643409924,-1.4190572780857212e-17,0.0,0.0,0.0,-10.035799081338372,5.783993450800721e-05,0.009259049366612067,-4.9613422292197224e-05,0.009259182289221379
12.940006017684937,-10.028815643409924,-1.4190572780857212e-17,0.0,0.0,0.0,-10.035705579003336,5.73307205252418e-05,0.009436259334075266,-5.219046291088468e-05,0.009436403661583232
12.949967861175537,-10.028815643409924,-1.4190572780857212e-17,0.0,0.0,0.0,-10.035610734996316,5.679849470018744e-05,0.009598227135484798,-5.4614704959360096e-05,0.009598382515317595
12.96000361442566,-10.028815643409924,-1.4190572780857212e-17,0.0,0.0,0.0,-10.035513636169313,5.623864277612229e-05,0.009747070769069855,-5.691491997532922e-05,0.009747236935940965
12.970000505447388,-10.028815643409924,-1.4190572780857212e-17,0.0,0.0,0.0,-10.035415528354479,5.565889149004049e-05,0.009881478042782584,-5.90674557425923e-05,0.009881654581815853
12.979968786239624,-10.028815643409924,-1.4190572780857212e-17,0.0,0.0,0.0,-10.035316404653573,5.505989593792747e-05,0.010002230745557396,-6.108024450576242e-05,0.010002417242029176
12.990003108978271,-10.028815643409924,-1.4190572780857212e-17,0.0,0.0,0.0,-10.035215478034122,5.4437344725322765e-05,0.010110776966389411,-6.297406842042416e-05,0.010110973078658853
12.999960899353027,-10.028815643409924,-1.4190572780857212e-17,0.0,0.0,0.0,-10.035114313647897,5.380145006700789e-05,0.010206054681704253,-6.472586885548211e-05,0.010206259922421945
13.009997606277466,-10.028815643409924,-1.4190572780857212e-17,0.0,0.0,0.0,-10.035011447825616,5.314347658704366e-05,0.01028996118310614,-6.63662806904463e-05,0.010290175199336685
13.020007610321045,-10.028815643409924,-1.4190572780857212e-17,0.0,0.0,0.0,-10.034908086049574,5.24715385192558e-05,0.010361965509311764,-6.788075278881495e-05,0.01036218784874921
13.029999732971191,-10.028815643409924,-1.4190572780857212e-17,0.0,0.0,0.0,-10.03480422747464,5.178614821507526e-05,0.010422654570835504,-6.927553147138746e-05,0.010422884792715444
13.04000473022461,-10.028815643409924,-1.4190572780857212e-17,0.0,0.0,0.0,-10.034699714920778,5.1086703479800446e-05,0.010472615524238518,-7.055806717385803e-05,0.010472853210055267
13.050001859664917,-10.028815643409924,-1.4190572780857212e-17,0.0,0.0,0.0,-10.03459504757332,5.037698335485314e-05,0.010512111652350161,-7.172772509152134e-05,0.010512356360874704
13.06000828742981,-10.028815643409924,-1.4190572780857212e-17,0.0,0.0,0.0,-10.0344894368316,4.965198030627318e-05,0.010541832507297313,-7.279768005189482e-05,0.01054208386013559
13.069998502731323,-10.028815643409924,-1.4190572780857212e-17,0.0,0.0,0.0,-10.034384030960748,4.891994130808966e-05,0.010561876742036472,-7.37610448116743e-05,0.010562134301631592
13.080002784729004,-10.028815643409924,-1.4190572780857212e-17,0.0,0.0,0.0,-10.034278294359169,4.817752478713456e-05,0.010572785042475698,-7.462768546470479e-05,0.010573048417832753
13.089990377426147,-10.028815643409924,-1.4190572780857212e-17,0.0,0.0,0.0,-10.034172719122163,4.742852902468554e-05,0.010574906104896633,-7.539813530467913e-05,0.010575174892463363
13.099999189376831,-10.028815643409924,-1.4190572780857212e-17,0.0,0.0,0.0,-10.034066891078611,4.6670322874162e-05,0.01056860689693149,-7.607955098455385e-05,0.010568880727870187
13.109983205795288,-10.028815643409924,-1.4190572780857212e-17,0.0,0.0,0.0,-10.033961399181907,4.5907427509315355e-05,0.010554274300806353,-7.667219471864143e-05,0.010554552792141616
13.119996786117554,-10.028815643409924,-1.4190572780857212e-17,0.0,0.0,0.0,-10.033855819869542,4.5137058430181725e-05,0.010532175588114511,-7.718219182541079e-05,0.01053245838869588
13.129996299743652,-10.028815643409924,-1.4190572780857212e-17,0.0,0.0,0.0,-10.033750638633302,4.4363022382635976e-05,0.010502719715570926,-7.761073196589502e-05,0.01050300646717684
13.13996958732605,-10.028815643409924,-1.4190572780857212e-17,0.0,0.0,0.0,-10.03364608824366,4.3587333989389145e-05,0.01046632001199485,-7.796080014493258e-05,0.010466610362473762
13.149996995925903,-10.028815643409924,-1.4190572780857212e-17,0.0,0.0,0.0,-10.033541327515513,4.28039658280086e-05,0.01042293050988568,-7.823801733904583e-05,0.010423224146168156
13.159995317459106,-10.028815643409924,-1.4190572780857212e-17,0.0,0.0,0.0,-10.033437356905765,4.202062037052502e-05,0.010373219600304708,-7.844257009379989e-05,0.010373516188494077
13.169994831085205,-10.028815643409924,-1.4190572780857212e-17,0.0,0.0,0.0,-10.033333920158238,4.1235621049315525e-05,0.010317354216209,-7.857812959489075e-05,0.010317653441804306
13.179997444152832,-10.028815643409924,-1.4190572780857212e-17,0.0,0.0,0.0,-10.033231013077836,4.044915142695325e-05,0.010255576359384275,-7.864734171652589e-05,0.01025587791793178
13.189967393875122,-10.028815643409924,-1.4190572780857212e-17,0.0,0.0,0.0,-10.033129141377653,3.966531795296322e-05,0.010188462102799521,-7.865275370552882e-05,0.010188765689515463
13.199965000152588,-10.028815643409924,-1.4190572780857212e-17,0.0,0.0,0.0,-10.033027638196032,3.88791942005184e-05,0.010115801791999118,-7.859679244714237e-05,0.01011610712432384
13.209997177124023,-10.028815643409924,-1.4190572780857212e-17,0.0,0.0,0.0,-10.032926500648479,3.8090903831340665e-05,0.010037755908023903,-7.848109747115029e-05,0.010038062709095269
13.219997644424438,-10.028815643409924,-1.4190572780857212e-17,0.0,0.0,0.0,-10.03282653162136,3.730690371709975e-05,0.009955165689612954,-7.830882612870372e-05,0.009955473679333224
13.230019807815552,-10.028815643409924,-1.4190572780857212e-17,0.0,0.0,0.0,-10.032727187172092,3.652312483919503e-05,0.009867800448032862,-7.808122507000395e-05,0.009868109360962007
13.239968061447144,-10.028815643409924,-1.4190572780857212e-17,0.0,0.0,0.0,-10.03262949042108,3.5747867811968263e-05,0.00977681442138406,-7.780319095756163e-05,0.009777123992601633
13.249998807907104,-10.028815643409924,-1.4190572780857212e-17,0.0,0.0,0.0,-10.032531877308902,3.496888600846227e-05,0.00968093283172875,-7.747204570943905e-05,0.009681242813312247
13.259998798370361,-10.028815643409924,-1.4190572780857212e-17,0.0,0.0,0.0,-10.032435558378276,3.419598984440353e-05,0.009581509797794903,-7.709349505037117e-05,0.009581819942590176
13.270002365112305,-10.028815643409924,-1.4190572780857212e-17,0.0,0.0,0.0,-10.03234023505971,3.342697576786944e-05,0.009478450369479537,-7.666850475877582e-05,0.009478760439335342
13.280000686645508,-10.028815643409924,-1.4190572780857212e-17,0.0,0.0,0.0,-10.032246034153141,3.266304153683897e-05,0.009372085509687357,-7.619960405473884e-05,0.009372395274450914
13.290006875991821,-10.028815643409924,-1.4190572780857212e-17,0.0,0.0,0.0,-10.03215279793741,3.1903071058114765e-05,0.0092624181956232,-7.568786744143636e-05,0.00926272743223558
13.299968004226685,-10.028815643409924,-1.4190572780857212e-17,0.0,0.0,0.0,-10.032061059148859,3.1151588507191486e-05,0.009150278416245532,-7.513835669437003e-05,0.009150586913824466
13.309997320175171,-10.028815643409924,-1.4190572780857212e-17,0.0,0.0,0.0,-10.031969849563984,3.040080160200193e-05,0.00903463810672816,-7.454692516585908e-05,0.009034945653605022
13.319995641708374,-10.028815643409924,-1.4190572780857212e-17,0.0,0.0,0.0,-10.031880119358195,2.965867312598122e-05,0.008916861233720538,-7.39214604484348e-05,0.008917167635731818
13.329996824264526,-10.028815643409924,-1.4190572780857212e-17,0.0,0.0,0.0,-10.031791527614729,2.892254604427879e-05,0.008796684648504059,-7.326161362817684e-05,0.00879698971633242
13.34000015258789,-10.028815643409924,-1.4190572780857212e-17,0.0,0.0,0.0,-10.031704155455605,2.8193236737754165e-05,0.008674380556562798,-7.256979816054539e-05,0.00867468411042614
13.349997282028198,-10.028815643409924,-1.4190572780857212e-17,0.0,0.0,0.0,-10.031618041129192,2.7471206239238376e-05,0.00855016487101362,-7.184814693332253e-05,0.008550466740344242
13.35999584197998,-10.028815643409924,-1.4190572780857212e-17,0.0,0.0,0.0,-10.03153317893293,2.675654322437802e-05,0.008424186417795177,-7.109839317420747e-05,0.008424486440328376
13.370004415512085,-10.028815643409924,-1.4190572780857212e-17,0.0,0.0,0.0,-10.031449522988938,2.604898829966895e-05,0.008296523811669003,-7.03218056015553e-05,0.008296821832119442
13.379997968673706,-10.028815643409924,-1.4190572780857212e-17,0.0,0.0,0.0,-10.031367237728984,2.535006061202335e-05,0.008167576685716778,-6.952160840893444e-05,0.00816787256089981
13.389999389648438,-10.028815643409924,-1.4190572780857212e-17,0.0,0.0,0.0,-10.031286237245228,2.46591559782028e-05,0.00803735604970243,-6.869862985787981e-05,0.00803764964224198
13.399996757507324,-10.028815643409924,-1.4190572780857212e-17,0.0,0.0,0.0,-10.031206503292015,2.397623364639663e-05,0.007905966188555663,-6.785421098855622e-05,0.007906257367967112
13.410001993179321,-10.028815643409924,-1.4190572780857212e-17,0.0,0.0,0.0,-10.031128065253474,2.3301656088410887e-05,0.007773584447186292,-6.699012409069386e-05,0.007773873090954232
13.420001745223999,-10.028815643409924,-1.4190572780857212e-17,0.0,0.0,0.0,-10.0310510066158,2.2636253850427696e-05,0.007640482400628166,-6.610874406219301e-05,0.007640768395937036
13.430003643035889,-10.028815643409924,-1.4190572780857212e-17,0.0,0.0,0.0,-10.03097524896206,2.197945791337033e-05,0.0075066497463935015,-6.521053745933913e-05,0.007506932984197032
13.440000772476196,-10.028815643409924,-1.4190572780857212e-17,0.0,0.0,0.0,-10.03090090061462,2.1332314678935448e-05,0.007372401331925596,-6.429810635009324e-05,0.007372681713288491
13.44999623298645,-10.028815643409924,-1.4190572780857212e-17,0.0,0.0,0.0,-10.030827864410472,2.0694082414570538e-05,0.007237680660833674,-6.33715124871395e-05,0.007237958088908824
13.459967851638794,-10.028815643409924,-1.4190572780857212e-17,0.0,0.0,0.0,-10.03075635969673,2.006678722519235e-05,0.007103016569910073,-6.243484733139169e-05,0.007103290962826903
13.469999313354492,-10.028815643409924,-1.4190572780857212e-17,0.0,0.0,0.0,-10.030685779625307,1.9445188336056194e-05,0.006967360074293704,-6.148115470671282e-05,0.006967631329027536
13.479996681213379,-10.028815643409924,-1.4190572780857212e-17,0.0,0.0,0.0,-10.030616801330384,1.8835340073617102e-05,0.006832115165514258,-6.052068420676455e-05,0.006832383214374526
13.489999294281006,-10.028815643409924,-1.4190572780857212e-17,0.0,0.0,0.0,-10.030549151032096,1.8234926430097782e-05,0.006696863207805686,-5.955090394363495e-05,0.006697127976545017
13.499994993209839,-10.028815643409924,-1.4190572780857212e-17,0.0,0.0,0.0,-10.030482882466917,1.764451720555088e-05,0.006561816853764071,-5.8573708930197935e-05,0.006562078276104306
13.509995698928833,-10.028815643409924,-1.4190572780857212e-17,0.0,0.0,0.0,-10.030417925235916,1.7063575060829097e-05,0.006426934483749137,-5.758911652203586e-05,0.006427192494763602
13.519996643066406,-10.028815643409924,-1.4190572780857212e-17,0.0,0.0,0.0,-10.030354332003942,1.649265947299613e-05,0.006292425546097874,-5.659894238246403e-05,0.006292680088282253
13.529998540878296,-10.028815643409924,-1.4190572780857212e-17,0.0,0.0,0.0,-10.030292058806118,1.593146336039242e-05,0.0061582959241495245,-5.560349946260596e-05,0.006158546942140583
13.540000200271606,-10.028815643409924,-1.4190572780857212e-17,0.0,0.0,0.0,-10.030231145609577,1.5380434092530275e-05,0.0060247298595002005,-5.460441895285431e-05,0.006024977304730905
13.54995608329773,-10.028815643409924,-1.4190572780857212e-17,0.0,0.0,0.0,-10.030171809712057,1.4841638188412738e-05,0.005892317263638092,-5.3606430655420804e-05,0.005892561105731115
13.559974670410156,-10.028815643409924,-1.4190572780857212e-17,0.0,0.0,0.0,-10.030113446956204,1.430966580556063e-05,0.005759795385517623,-5.260024550073893e-05,0.005760035561422936
13.570028066635132,-10.028815643409924,-1.4190572780857212e-17,0.0,0.0,0.0,-10.030056202721838,1.3785897802286854e-05,0.005627556597512608,-5.1588999786506007e-05,0.0056277930561727885
13.579997301101685,-10.028815643409924,-1.4190572780857212e-17,0.0,0.0,0.0,-10.030000751498958,1.327660609616861e-05,0.005497272153426872,-5.058580721672854e-05,0.005497504893379749
13.59000039100647,-10.028815643409924,-1.4190572780857212e-17,0.0,0.0,0.0,-10.029946415382433,1.2775657621609219e-05,0.005367454248847908,-4.957952305611357e-05,0.005367683228598903
13.600023984909058,-10.028815643409924,-1.4190572780857212e-17,0.0,0.0,0.0,-10.029893257546458,1.228369911438465e-05,0.005238326188771127,-4.8572084052996146e-05,0.0052385513748854935
13.609997749328613,-10.028815643409924,-1.4190572780857212e-17,0.0,0.0,0.0,-10.029841647866036,1.1804242132643418e-05,0.005110886318431512,-4.757156734463613e-05,0.0051111077090930145
13.61999773979187,-10.028815643409924,-1.4190572780857212e-17,0.0,0.0,0.0,-10.029791179858611,1.1333592906475415e-05,0.004984223967099793,-4.657108577344742e-05,0.004984441535442272
13.629997968673706,-10.028815643409924,-1.4190572780857212e-17,0.0,0.0,0.0,-10.029741959035492,1.0872804466623613e-05,0.004858681669579227,-4.557355780790625e-05,0.004858895400754832
13.64000415802002,-10.028815643409924,-1.4190572780857212e-17,0.0,0.0,0.0,-10.029693970808308,1.0421813553943103e-05,0.004734304688508302,-4.457958486665848e-05,0.004734514571000767
13.649964570999146,-10.028815643409924,-1.4190572780857212e-17,0.0,0.0,0.0,-10.029647421637375,9.98264548948977e-06,0.0046117240119640055,-4.3594504164637105e-05,0.004611930056204099
13.659999370574951,-10.028815643409924,-1.4190572780857212e-17,0.0,0.0,0.0,-10.029601774723417,9.550298553766079e-06,0.004489596773429878,-4.260775259751492e-05,0.004489798949682868
13.669968128204346,-10.028815643409924,-1.4190572780857212e-17,0.0,0.0,0.0,-10.029557619949761,9.130431781193154e-06,0.004369582585445005,-4.16329936769307e-05,0.00436978091867164
13.67996096611023,-10.028815643409924,-1.4190572780857212e-17,0.0,0.0,0.0,-10.02951453674975,8.719122009022308e-06,0.0042506244932973055,-4.0661897218344666e-05,0.004250818976727235
13.690030574798584,-10.028815643409924,-1.4190572780857212e-17,0.0,0.0,0.0,-10.029472384675477,8.315074225513101e-06,0.004132386582133372,-3.9691872810876616e-05,0.004132577199395453
13.69999623298645,-10.028815643409924,-1.4190572780857212e-17,0.0,0.0,0.0,-10.029431728358828,7.923775558389537e-06,0.004016537495565724,-3.873683519670136e-05,0.004016724286739934
13.709994554519653,-10.028815643409924,-1.4190572780857212e-17,0.0,0.0,0.0,-10.029392140612735,7.54119270938909e-06,0.0039019484166299486,-3.778769906891604e-05,0.003902131386337713
13.71999740600586,-10.028815643409924,-1.4190572780857212e-17,0.0,0.0,0.0,-10.02935368582642,7.168008559585392e-06,0.0037888739649670935,-3.6846741252124974e-05,0.0037890531277281355
13.730001211166382,-10.028815643409924,-1.4190572780857212e-17,0.0,0.0,0.0,-10.029316336248769,6.804016979638152e-06,0.0036773036044457866,-3.5914058552750344e-05,0.0036774789759931605
13.740001916885376,-10.028815643409924,-1.4190572780857212e-17,0.0,0.0,0.0,-10.029280125083408,6.449606443658399e-06,0.003567409621234043,-3.499129120063776e-05,0.003567581224882358
13.749964714050293,-10.028815643409924,-1.4190572780857212e-17,0.0,0.0,0.0,-10.029245109726729,6.1054106043767975e-06,0.0034594476022762415,-3.4080815794929994e-05,0.0034596154721153742
13.759995698928833,-10.028815643409924,-1.4190572780857212e-17,0.0,0.0,0.0,-10.029210943706838,5.76807537269379e-06,0.003352408093165417,-3.317429379803392e-05,0.0033525722299288328
13.77002739906311,-10.028815643409924,-1.4190572780857212e-17,0.0,0.0,0.0,-10.029177848763386,5.439838114255006e-06,0.003247040848868129,-3.227823194462593e-05,0.0032472012808687626
13.779967546463013,-10.028815643409924,-1.4190572780857212e-17,0.0,0.0,0.0,-10.029146082970419,5.123340328480326e-06,0.003144261525634292,-3.1400649829989336e-05,0.0031444183154271683
13.790001153945923,-10.028815643409924,-1.4190572780857212e-17,0.0,0.0,0.0,-10.029115052399519,4.812719284396603e-06,0.0030422119378019285,-3.0525834909564306e-05,0.0030423650834673823
13.799996852874756,-10.028815643409924,-1.4190572780857212e-17,0.0,0.0,0.0,-10.029085138225483,4.511838992872322e-06,0.0029422020336060182,-2.966515152245796e-05,0.002942351581264591
13.80996322631836,-10.028815643409924,-1.4190572780857212e-17,0.0,0.0,0.0,-10.029056304589176,4.220410901081877e-06,0.002844195536237397,-2.8818470065394674e-05,0.0028443415323356727
13.819997787475586,-10.028815643409924,-1.4190572780857212e-17,0.0,0.0,0.0,-10.029028254895348,3.9354848999503805e-06,0.002747240263731337,-2.797768037950306e-05,0.0027473827212942214
13.829996824264526,-10.028815643409924,-1.4190572780857212e-17,0.0,0.0,0.0,-10.029001259062658,3.659854805431081e-06,0.002652330146429627,-2.715151405640948e-05,0.002652469115819252
13.840011596679688,-10.028815643409924,-1.4190572780857212e-17,0.0,0.0,0.0,-10.028975171113949,3.392090969538699e-06,0.0025590227688242415,-2.633623669941217e-05,0.0025591582852032375
13.849998712539673,-10.028815643409924,-1.4190572780857212e-17,0.0,0.0,0.0,-10.02895006799564,3.1330432434757515e-06,0.002467663096882898,-2.553496499050764e-05,0.0024677952091198252
13.85999584197998,-10.028815643409924,-1.4190572780857212e-17,0.0,0.0,0.0,-10.028925845478618,2.8816954208874934e-06,0.0023779404378527144,-2.4745069201013302e-05,0.0023780691841123803
13.869996786117554,-10.028815643409924,-1.4190572780857212e-17,0.0,0.0,0.0,-10.028902509345535,2.6381625303024846e-06,0.002289939542815419,-2.396737330735089e-05,0.002290064965177395
13.880001306533813,-10.028815643409924,-1.4190572780857212e-17,0.0,0.0,0.0,-10.02888003172737,2.4022096835391684e-06,0.0022036192164469944,-2.3201586622674404e-05,0.0022037413561296786
13.889997959136963,-10.028815643409924,-1.4190572780857212e-17,0.0,0.0,0.0,-10.028858428904055,2.174066565875792e-06,0.0021191085795281305,-2.2448931977450935e-05,0.0021192274833949894
13.899998188018799,-10.028815643409924,-1.4190572780857212e-17,0.0,0.0,0.0,-10.028837649109667,1.9532448622720412e-06,0.0020362707717571783,-2.170826925996412e-05,0.0020363864821950762
13.909965991973877,-10.028815643409924,-1.4190572780857212e-17,0.0,0.0,0.0,-10.028817757979482,1.7405070101536127e-06,0.0019554401129673873,-2.0982689344855138e-05,0.0019555526862383562
13.919997215270996,-10.028815643409924,-1.4190572780857212e-17,0.0,0.0,0.0,-10.028798566334824,1.5338828828631414e-06,0.001875906916542438,-2.0265908318020753e-05,0.0018760163822770077
13.929995059967041,-10.028815643409924,-1.4190572780857212e-17,0.0,0.0,0.0,-10.028780177593015,1.334536541593794e-06,0.0017981557911416054,-1.9562380485665442e-05,0.0017982621988871252
13.939971923828125,-10.028815643409924,-1.4190572780857212e-17,0.0,0.0,0.0,-10.028762620752792,1.142850883924782e-06,0.0017223855144656928,-1.887403274173663e-05,0.0017224889229116064
13.949999570846558,-10.028815643409924,-1.4190572780857212e-17,0.0,0.0,0.0,-10.028745725031303,9.570150002173947e-07,0.0016479183812567572,-1.819481315672387e-05,0.001648018823469471
13.959996461868286,-10.028815643409924,-1.4190572780857212e-17,0.0,0.0,0.0,-10.028729610493588,7.784046379072997e-07,0.001575344625788341,-1.7530220198544667e-05,0.0015754421597191112
13.969995021820068,-10.028815643409924,-1.4190572780857212e-17,0.0,0.0,0.0,-10.028714215243461,6.063981883755991e-07,0.0015044572213418913,-1.6878496290903403e-05,0.0015045518982357527
13.98000168800354,-10.028815643409924,-1.4190572780857212e-17,0.0,0.0,0.0,-10.028699508971986,4.407142428100802e-07,0.0014351803785323338,-1.623907130182319e-05,0.0014352722481679073
13.98999834060669,-10.028815643409924,-1.4190572780857212e-17,0.0,0.0,0.0,-10.028685503420617,2.8154502398642373e-07,0.0013676365418363004,-1.5613209395850683e-05,0.0013677256606767286
13.999998807907104,-10.028815643409924,-1.4190572780857212e-17,0.0,0.0,0.0,-10.028672155898002,1.2846485547890998e-07,0.0013016867920996546,-1.4999756132251128e-05,0.0013017732127412656
14.009964942932129,-10.028815643409924,-1.4190572780857212e-17,0.0,0.0,0.0,-10.028659503200592,-1.8038589586786728e-08,0.001237587236984968,-1.4401228986877713e-05,0.0012376710243616515
14.019996404647827,-10.028815643409924,-1.4190572780857212e-17,0.0,0.0,0.0,-10.028647404626101,-1.5954387184887e-07,0.0011746825148789737,-1.381161315749009e-05,0.0011747637087603628
14.029996156692505,-10.028815643409924,-1.4190572780857212e-17,0.0,0.0,0.0,-10.028635965192121,-2.947682591392319e-07,0.0011135806981102444,-1.3236713952064635e-05,0.0011136593652459213
14.039969205856323,-10.028815643409924,-1.4190572780857212e-17,0.0,0.0,0.0,-10.028625159488648,-4.2393840698001057e-07,0.001054230221653914,-1.267617303228802e-05,0.0010543064287061922
14.049993991851807,-10.028815643409924,-1.4190572780857212e-17,0.0,0.0,0.0,-10.028614880869776,-5.482765028108298e-07,0.000996105667309495,-1.2125115025906312e-05,0.0009961794611717738
14.059995889663696,-10.028815643409924,-1.4190572780857212e-17,0.0,0.0,0.0,-10.028605201222309,-6.668567208526977e-07,0.0009396780208613121,-1.1588087602612362e-05,0.0009397494701589985
14.069996356964111,-10.028815643409924,-1.4190572780857212e-17,0.0,0.0,0.0,-10.028596080683968,-7.800984605352727e-07,0.0008847938035428739,-1.106371834815682e-05,0.0008848629728107924
14.080007791519165,-10.028815643409924,-1.4190572780857212e-17,0.0,0.0,0.0,-10.02858749060054,-8.88296202921071e-07,0.0008313507109040645,-1.0551097758310203e-05,0.0008314176629015039
14.089996576309204,-10.028815643409924,-1.4190572780857212e-17,0.0,0.0,0.0,-10.028579446943457,-9.911797523524487e-07,0.0007795268349718788,-1.0052000522355825e-05,0.0007795916425640902
14.099995851516724,-10.028815643409924,-1.4190572780857212e-17,0.0,0.0,0.0,-10.028571905751596,-1.089241653152247e-06,0.0007291182201748845,-9.564519868519866e-06,0.0007291809508148898
14.109994888305664,-10.028815643409924,-1.4190572780857212e-17,0.0,0.0,0.0,-10.028564860564735,-1.1824995474612707e-06,0.000680156821409658,-9.089015174875991e-06,0.0006802175474853163
14.11996603012085,-10.028815643409924,-1.4190572780857212e-17,0.0,0.0,0.0,-10.028558336155701,-1.2705375792334895e-06,0.0006329141582498336,-8.628199763995074e-06,0.0006329729674672236
14.129997253417969,-10.028815643409924,-1.4190572780857212e-17,0.0,0.0,0.0,-10.028552201986741,-1.3550649800262984e-06,0.0005865035479390255,-8.17345912714395e-06,0.0005865604974588451
14.1399667263031,-10.028815643409924,-1.4190572780857212e-17,0.0,0.0,0.0,-10.028546578449559,-1.4343490648241288e-06,0.0005419186336903925,-7.73458913837524e-06,0.0005419738272370736
14.14999532699585,-10.028815643409924,-1.4190572780857212e-17,0.0,0.0,0.0,-10.028541369454965,-1.5096550851168073e-06,0.000498498112188004,-7.305161498658191e-06,0.0004985516354797418
14.159995317459106,-10.028815643409924,-1.4190572780857212e-17,0.0,0.0,0.0,-10.028536589744915,-1.5806990029157088e-06,0.00045644424664158576,-6.887244881640259e-06,0.0004564962041838513
14.169999837875366,-10.028815643409924,-1.4190572780857212e-17,0.0,0.0,0.0,-10.028532227649825,-1.6475643209703265e-06,0.0004157554635135012,-6.480916531629336e-06,0.00041580597364686354
14.18000316619873,-10.028815643409924,-1.4190572780857212e-17,0.0,0.0,0.0,-10.028528266739508,-1.7104093241826073e-06,0.00037638387361779626,-6.085794170503301e-06,0.0003764330713556169
14.189998149871826,-10.028815643409924,-1.4190572780857212e-17,0.0,0.0,0.0,-10.028524697142583,-1.769290301865977e-06,0.0003383445862225765,-5.702121089302459e-06,0.00033839263173278985
14.200003862380981,-10.028815643409924,-1.4190572780857212e-17,0.0,0.0,0.0,-10.028521497804718,-1.824454048451136e-06,0.00030152673409475253,-5.3288586330978595e-06,0.0003015738186716134
14.209964990615845,-10.028815643409924,-1.4190572780857212e-17,0.0,0.0,0.0,-10.028518671026406,-1.8757398161212273e-06,0.0002660937648016755,-4.9677495772382336e-06,0.00026614013264104224
14.219962358474731,-10.028815643409924,-1.4190572780857212e-17,0.0,0.0,0.0,-10.028516182746035,-1.9236505349502005e-06,0.00023174881444612723,-4.615844533354989e-06,0.00023179477780558734
14.229999780654907,-10.028815643409924,-1.4190572780857212e-17,0.0,0.0,0.0,-10.028514025765812,-1.9682281675676835e-06,0.00019850162929448126,-4.2733009170398115e-06,0.0001985476213236795
14.23999547958374,-10.028815643409924,-1.4190572780857212e-17,0.0,0.0,0.0,-10.028512201941428,-2.009286964977438e-06,0.00016654785260923803,-3.942216194498487e-06,0.00016659450254216866
14.249997615814209,-10.028815643409924,-1.4190572780857212e-17,0.0,0.0,0.0,-10.028510691091059,-2.047105200371048e-06,0.00013573370785280658,-3.621082395022037e-06,0.00013578200059353445
14.259998559951782,-10.028815643409924,-1.4190572780857212e-17,0.0,0.0,0.0,-10.028509483167412,-2.081748586446925e-06,0.00010606520315850592,-3.31003776300795e-06,0.00010611683971475815
14.270004510879517,-10.028815643409924,-1.4190572780857212e-17,0.0,0.0,0.0,-10.02850856565998,-2.113357676954744e-06,7.748305570592702e-05,-3.008533604248336e-06,7.754144179711698e-05
14.280003309249878,-10.028815643409924,-1.4190572780857212e-17,0.0,0.0,0.0,-10.028507929149042,-2.1419728614781917e-06,5.00170476916767e-05,-2.7169595738485747e-06,5.009078686861875e-05
14.289998054504395,-10.028815643409924,-1.4190572780857212e-17,0.0,0.0,0.0,-10.028507561937822,-2.1677162760365132e-06,2.362228840188572e-05,-2.434920837302549e-06,2.3747449311995482e-05
14.300044536590576,-10.028815643409924,-1.4190572780857212e-17,0.0,0.0,0.0,-10.028507453608869,-2.1907902391776644e-06,-1.8481427098207484e-06,-2.1609125341875978e-06,2.8434441187181166e-06
14.309995174407959,-10.028815643409924,-1.4190572780857212e-17,0.0,0.0,0.0,-10.028507593090008,-2.210979413600441e-06,-2.605860028084399e-05,-1.8986396553797836e-06,2.612767653538644e-05
14.319998741149902,-10.028815643409924,-1.4190572780857212e-17,0.0,0.0,0.0,-10.028507971403007,-2.2286922631621703e-06,-4.940322130013689e-05,-1.6439211467627027e-06,4.9430564952942554e-05
14.330003499984741,-10.028815643409924,-1.4190572780857212e-17,0.0,0.0,0.0,-10.028508578113831,-2.243897180075047e-06,-7.176127800306875e-05,-1.398149896446528e-06,7.177489703069348e-05
14.34000039100647,-10.028815643409924,-1.4190572780857212e-17,0.0,0.0,0.0,-10.028509403614068,-2.256687652115843e-06,-9.316151716088849e-05,-1.1611022535766583e-06,9.316875247722158e-05
14.350007057189941,-10.028815643409924,-1.4190572780857212e-17,0.0,0.0,0.0,-10.028510439005549,-2.267154706090567e-06,-0.00011363548684897676,-9.325161484454081e-07,0.00011363931299410024
14.360008716583252,-10.028815643409924,-1.4190572780857212e-17,0.0,0.0,0.0,-10.028511672136768,-2.2753641495256192e-06,-0.00013315898890170589,-7.127510968784584e-07,0.00013316089643529265
14.37000298500061,-10.028815643409924,-1.4190572780857212e-17,0.0,0.0,0.0,-10.028513098918651,-2.281429482697512e-06,-0.00015182852421618414,-5.008018478751023e-07,0.00015182935015389893
14.380002737045288,-10.028815643409924,-1.4190572780857212e-17,0.0,0.0,0.0,-10.028514707572826,-2.2854135125294143e-06,-0.00016961932453099694,-2.970260361286709e-07,0.00016961958459687902
14.390000581741333,-10.028815643409924,-1.4190572780857212e-17,0.0,0.0,0.0,-10.028516487483435,-2.2873978111816595e-06,-0.00018653754230470407,-1.0143701630998035e-07,0.00018653756988485601
14.400008201599121,-10.028815643409924,-1.4190572780857212e-17,0.0,0.0,0.0,-10.028518433879924,-2.2874659125607914e-06,-0.0002026396420933592,8.65391183690835e-08,0.0002026396605720206
14.410008668899536,-10.028815643409924,-1.4190572780857212e-17,0.0,0.0,0.0,-10.028520536804809,-2.2856931268241163e-06,-0.0002179299715067465,2.6687728394493906e-07,0.00021793013491579367
14.420005798339844,-10.028815643409924,-1.4190572780857212e-17,0.0,0.0,0.0,-10.028522789047685,-2.2821539511864644e-06,-0.00023243454774575582,4.3980762473673986e-07,0.00023243496384262163
14.430009365081787,-10.028815643409924,-1.4190572780857212e-17,0.0,0.0,0.0,-10.028525183388998,-2.276919810629762e-06,-0.0002461758012349271,6.055227757418138e-07,0.00024617654594109953
14.440010786056519,-10.028815643409924,-1.4190572780857212e-17,0.0,0.0,0.0,-10.028527715753416,-2.2700507313470076e-06,-0.000259189063145029,7.643786279878584e-07,0.0002591901902632211
14.449997663497925,-10.028815643409924,-1.4190572780857212e-17,0.0,0.0,0.0,-10.028530363891262,-2.2616626045724356e-06,-0.0002714237848732506,9.156732723926069e-07,0.0002714253294231443
14.460004329681396,-10.028815643409924,-1.4190572780857212e-17,0.0,0.0,0.0,-10.028533138168486,-2.2517696737606294e-06,-0.0002829820385005503,1.0605903178524599e-06,0.0002829840259904245
14.470008134841919,-10.028815643409924,-1.4190572780857212e-17,0.0,0.0,0.0,-10.028536024111327,-2.240462105583177e-06,-0.00029384805167643877,1.1988621396811173e-06,0.0002938504972676905
14.480001449584961,-10.028815643409924,-1.4190572780857212e-17,0.0,0.0,0.0,-10.028539009212132,-2.2278309336076254e-06,-0.00030402329431901615,1.3304215384516966e-06,0.00030402620530154485
14.490015745162964,-10.028815643409924,-1.4190572780857212e-17,0.0,0.0,0.0,-10.02854210503888,-2.213859690667488e-06,-0.00031358495583329527,1.4561900879120811e-06,0.0003135883368598741
14.50001049041748,-10.028815643409924,-1.4190572780857212e-17,0.0,0.0,0.0,-10.02854528133816,-2.198718685179086e-06,-0.00032247882620259767,1.5753613048417204e-06,0.000322482674127225
14.510009050369263,-10.028815643409924,-1.4190572780857212e-17,0.0,0.0,0.0,-10.028548548030797,-2.1823936875721396e-06,-0.00033077103557094413,1.6887128863618328e-06,0.0003307753463060501
14.52001142501831,-10.028815643409924,-1.4190572780857212e-17,0.0,0.0,0.0,-10.02855189548678,-2.164960097710082e-06,-0.0003384687664413008,1.7962362331734724e-06,0.0003384735326741239
14.53000807762146,-10.028815643409924,-1.4190572780857212e-17,0.0,0.0,0.0,-10.028555320295002,-2.146461753159324e-06,-0.0003455942211560457,1.8981262555003908e-06,0.00034559943370864434
14.539998054504395,-10.028815643409924,-1.4190572780857212e-17,0.0,0.0,0.0,-10.028558805944156,-2.1270150962329e-06,-0.0003521442078070062,1.994211093933661e-06,0.0003521498544226749
14.549998044967651,-10.028815643409924,-1.4190572780857212e-17,0.0,0.0,0.0,-10.02856235628065,-2.106624304256026e-06,-0.00035815512640500645,2.0849025803787514e-06,0.0003581611947000342
14.560006618499756,-10.028815643409924,-1.4190572780857212e-17,0.0,0.0,0.0,-10.028565965067145,-2.085347582414159e-06,-0.00036364185090657496,2.170315119085866e-06,0.0003636483273692811
14.570011138916016,-10.028815643409924,-1.4190572780857212e-17,0.0,0.0,0.0,-10.028569628850073,-2.063226257860891e-06,-0.0003686229724040627,2.2506291652847296e-06,0.0003686298429531255
14.57996392250061,-10.028815643409924,-1.4190572780857212e-17,0.0,0.0,0.0,-10.028573325525917,-2.04041698480112e-06,-0.00037309484687220754,2.3256505127565708e-06,0.0003731020951601632
14.590004920959473,-10.028815643409924,-1.4190572780857212e-17,0.0,0.0,0.0,-10.02857709232676,-2.0167062617396248e-06,-0.0003771210673194834,2.3963391702384023e-06,0.0003771286807677257
14.599963665008545,-10.028815643409924,-1.4190572780857212e-17,0.0,0.0,0.0,-10.028580864258764,-1.9925234327969185e-06,-0.00038065527331777865,2.461728320000873e-06,0.0003806632333322385
14.609998941421509,-10.028815643409924,-1.4190572780857212e-17,0.0,0.0,0.0,-10.028584700284096,-1.967507369405857e-06,-0.00038377203577144727,2.5230474169666377e-06,0.0003837803293662004
14.620006084442139,-10.028815643409924,-1.4190572780857212e-17,0.0,0.0,0.0,-10.028588554958633,-1.9419684656819056e-06,-0.00038645045053164236,2.579736957741606e-06,0.0003864590609092773
14.630007028579712,-10.028815643409924,-1.4190572780857212e-17,0.0,0.0,0.0,-10.028592425436543,-1.915944490832414e-06,-0.00038870995658223963,2.631977901165714e-06,0.0003887188671184341
14.639997720718384,-10.028815643409924,-1.4190572780857212e-17,0.0,0.0,0.0,-10.028596325361898,-1.889358838845549e-06,-0.00039057552497259013,2.6801287260800393e-06,0.00039058472038419877
14.65000319480896,-10.028815643409924,-1.4190572780857212e-17,0.0,0.0,0.0,-10.028600239542218,-1.8623290993604383e-06,-0.00039205553326504604,2.7241658973726275e-06,0.0003920649974730925
14.65999984741211,-10.028815643409924,-1.4190572780857212e-17,0.0,0.0,0.0,-10.028604161418547,-1.834915724776354e-06,-0.00039316438728114356,2.764198981598303e-06,0.00039317410421105676
14.670007228851318,-10.028815643409924,-1.4190572780857212e-17,0.0,0.0,0.0,-10.028608105219414,-1.8070316767940658e-06,-0.000393919900325393,2.8005276843712975e-06,0.0003939298552124204
14.680007457733154,-10.028815643409924,-1.4190572780857212e-17,0.0,0.0,0.0,-10.028612040839018,-1.778903140665563e-06,-0.0003943311845759782,2.833044331564467e-06,0.0003943413613473469
14.690008401870728,-10.028815643409924,-1.4190572780857212e-17,0.0,0.0,0.0,-10.028615990088573,-1.7503865826416946e-06,-0.00039441436735269096,2.862086134641736e-06,0.0003944247516463255
14.700000762939453,-10.028815643409924,-1.4190572780857212e-17,0.0,0.0,0.0,-10.028619931453006,-1.7216488304343594e-06,-0.00039418189265902934,2.8876385065514864e-06,0.0003941924694313668
14.709997415542603,-10.028815643409924,-1.4190572780857212e-17,0.0,0.0,0.0,-10.028623869783896,-1.6926663465393565e-06,-0.00039364679418706376,2.9098751170664355e-06,0.00039365754907908147
14.720000743865967,-10.028815643409924,-1.4190572780857212e-17,0.0,0.0,0.0,-10.028627803051428,-1.663464671615839e-06,-0.0003928212079017938,2.928905661983422e-06,0.0003928321268249341
14.730000019073486,-10.028815643409924,-1.4190572780857212e-17,0.0,0.0,0.0,-10.02863172577823,-1.6340949447634941e-06,-0.00039171791400098317,2.9448234048343693e-06,0.00039172898301525675
14.740020990371704,-10.028815643409924,-1.4190572780857212e-17,0.0,0.0,0.0,-10.02863564017821,-1.604550457536487e-06,-0.0003903471837025479,2.957752840003468e-06,0.00039035838933776384
14.75000810623169,-10.028815643409924,-1.4190572780857212e-17,0.0,0.0,0.0,-10.028639533367782,-1.574938552072582e-06,-0.0003887247044398804,2.9677759611199726e-06,0.00038873603323595797
14.760004043579102,-10.028815643409924,-1.4190572780857212e-17,0.0,0.0,0.0,-10.028643399048427,-1.5453179783767686e-06,-0.0003868651733410614,2.9750100423818286e-06,0.000386876612150388
14.769973754882812,-10.028815643409924,-1.4190572780857212e-17,0.0,0.0,0.0,-10.028647257309007,-1.5155434945419145e-06,-0.00038476857750912506,2.979599145361598e-06,0.00038478011415542593
14.77998423576355,-10.028815643409924,-1.4190572780857212e-17,0.0,0.0,0.0,-10.02865109860761,-1.4856961336364644e-06,-0.0003824482911884023,2.9816206009224186e-06,0.000382459913578321
14.789963006973267,-10.028815643409924,-1.4190572780857212e-17,0.0,0.0,0.0,-10.028654902268572,-1.4559458091645878e-06,-0.00037992711553242863,2.9811723676018328e-06,0.0003799388115282206
14.799959421157837,-10.028815643409924,-1.4190572780857212e-17,0.0,0.0,0.0,-10.028658686758908,-1.4261566409961409e-06,-0.00037720229912486803,2.9783508568164607e-06,0.00037721405731880233
14.809965133666992,-10.028815643409924,-1.4190572780857212e-17,0.0,0.0,0.0,-10.028662446750173,-1.3963777895978605e-06,-0.00037428559588226283,2.9732447941685937e-06,0.00037429740510661654
14.819958686828613,-10.028815643409924,-1.4190572780857212e-17,0.0,0.0,0.0,-10.028666171982948,-1.366698381652266e-06,-0.00037119363110972364,2.965962145228933e-06,0.0003712054804388919
14.829961776733398,-10.028815643409924,-1.4190572780857212e-17,0.0,0.0,0.0,-10.028669868789212,-1.3370755157490197e-06,-0.0003679294419111262,2.956579532991076e-06,0.00036794132084826744
14.839964866638184,-10.028815643409924,-1.4190572780857212e-17,0.0,0.0,0.0,-10.02867353203919,-1.3075573854949492e-06,-0.0003645053192755827,2.9451929311424905e-06,0.0003645172176202327
14.84995985031128,-10.028815643409924,-1.4190572780857212e-17,0.0,0.0,0.0,-10.028677157812275,-1.2781828432426906e-06,-0.00036093288030805356,2.931900992877541e-06,0.0003609447882029879
14.859960556030273,-10.028815643409924,-1.4190572780857212e-17,0.0,0.0,0.0,-10.02868074894947,-1.2489357247973754e-06,-0.00035721682908089946,2.9167795102542384e-06,0.000357228737059778
14.869960069656372,-10.028815643409924,-1.4190572780857212e-17,0.0,0.0,0.0,-10.028684301376567,-1.2198557618374105e-06,-0.0003533685749395379,2.8999251757454783e-06,0.00035338047388165737
14.879961967468262,-10.028815643409924,-1.4190572780857212e-17,0.0,0.0,0.0,-10.028687816305185,-1.1909394127109594e-06,-0.00034939375194806483,2.8813996742665095e-06,0.00034940563298897846
14.889961242675781,-10.028815643409924,-1.4190572780857212e-17,0.0,0.0,0.0,-10.028691289544279,-1.1622275019925369e-06,-0.0003453039087978784,2.8612913915320496e-06,0.00034531576335221185
14.899961471557617,-10.028815643409924,-1.4190572780857212e-17,0.0,0.0,0.0,-10.028694721318018,-1.1337244484879668e-06,-0.0003411054775306952,2.83967409000172e-06,0.00034111729734855284
14.909961938858032,-10.028815643409924,-1.4190572780857212e-17,0.0,0.0,0.0,-10.028698111723466,-1.1054353353483018e-06,-0.0003368046721558973,2.8166264598013116e-06,0.00033681644937659375
14.919959545135498,-10.028815643409924,-1.4190572780857212e-17,0.0,0.0,0.0,-10.028701457054826,-1.0773968227889167e-06,-0.00033241247490772244,2.7922498937776717e-06,0.00033242420208785416
14.929960250854492,-10.028815643409924,-1.4190572780857212e-17,0.0,0.0,0.0,-10.028704759036877,-1.0495999820400168e-06,-0.00032793269743760557,2.7665964158537814e-06,0.0003279443673924472
14.939965724945068,-10.028815643409924,-1.4190572780857212e-17,0.0,0.0,0.0,-10.0287080172197,-1.0220538888895173e-06,-0.0003233716784838701,2.7397222936465907e-06,0.00032338328423671154
14.94996166229248,-10.028815643409924,-1.4190572780857212e-17,0.0,0.0,0.0,-10.02871122656422,-9.948066155833835e-07,-0.0003187423257057282,2.7117275721192884e-06,0.0003187538606240274
14.95996356010437,-10.028815643409924,-1.4190572780857212e-17,0.0,0.0,0.0,-10.028714390837887,-9.678314326310312e-07,-0.0003140448379725359,2.682649886006896e-06,0.0003140562956980917
14.969964981079102,-10.028815643409924,-1.4190572780857212e-17,0.0,0.0,0.0,-10.028717508041156,-9.411502784454361e-07,-0.000309287514030102,2.6525731003041992e-06,0.0003092988885834752
14.979963541030884,-10.028815643409924,-1.4190572780857212e-17,0.0,0.0,0.0,-10.028720576182675,-9.147850842875324e-07,-0.0003044787566010566,2.6215727646553e-06,0.00030449004230858825
14.98996353149414,-10.028815643409924,-1.4190572780857212e-17,0.0,0.0,0.0,-10.02872359721778,-8.887237941372915e-07,-0.0002996206505696544,2.5896780806065955e-06,0.00029963184189992913
14.999967336654663,-10.028815643409924,-1.4190572780857212e-17,0.0,0.0,0.0,-10.028726570042743,-8.629805258715527e-07,-0.00029471991330282777,2.556955834696737e-06,0.00029473100502045406
15.009960174560547,-10.028815643409924,-1.4190572780857212e-17,0.0,0.0,0.0,-10.028729490609367,-8.375949825473126e-07,-0.000289788302039541,2.523515091086474e-06,0.00028979928938383404
15.019959211349487,-10.028815643409924,-1.4190572780857212e-17,0.0,0.0,0.0,-10.02873236353591,-8.125314053272076e-07,-0.000284822835955421,2.4893537630431092e-06,0.0002848337142331403
15.029962539672852,-10.028815643409924,-1.4190572780857212e-17,0.0,0.0,0.0,-10.028735187545344,-7.878051207605237e-07,-0.0002798302469531458,2.4545298101992055e-06,0.00027984101169494034
15.039962530136108,-10.028815643409924,-1.4190572780857212e-17,0.0,0.0,0.0,-10.028737960611203,-7.634380403077651e-07,-0.000274818715262334,2.4191365807154802e-06,0.000274829362478313
15.049960136413574,-10.028815643409924,-1.4190572780857212e-17,0.0,0.0,0.0,-10.028740683201828,-7.394300236657534e-07,-0.0002697919264912837,2.3832158843879423e-06,0.00026980245239402445
15.059961318969727,-10.028815643409924,-1.4190572780857212e-17,0.0,0.0,0.0,-10.02874335626721,-7.157766831826019e-07,-0.00026475245741278564,2.346775539013336e-06,0.0002647628581609199
15.069960117340088,-10.028815643409924,-1.4190572780857212e-17,0.0,0.0,0.0,-10.028745978406187,-6.924944609620215e-07,-0.0002597072164969462,2.3098907798876577e-06,0.0002597174886217844
15.079963207244873,-10.028815643409924,-1.4190572780857212e-17,0.0,0.0,0.0,-10.028748550760477,-6.695769217478819e-07,-0.0002546581812513964,2.272617595431531e-06,0.00025466832168333014
15.089964389801025,-10.028815643409924,-1.4190572780857212e-17,0.0,0.0,0.0,-10.02875107267477,-6.470334824891731e-07,-0.00024961070509167227,2.2349872728462018e-06,0.0002496207108083613
15.099965333938599,-10.028815643409924,-1.4190572780857212e-17,0.0,0.0,0.0,-10.028753543575698,-6.248730513833235e-07,-0.0002445699852845573,2.1970447094299363e-06,0.00024457985343757124
15.109960556030273,-10.028815643409924,-1.4190572780857212e-17,0.0,0.0,0.0,-10.028755963117794,-6.031023179566381e-07,-0.00023954075084664338,2.1588698411399044e-06,0.0002395504790960867
15.119959831237793,-10.028815643409924,-1.4190572780857212e-17,0.0,0.0,0.0,-10.028758333173968,-5.817077098240808e-07,-0.00023452296237885022,2.1204677103984704e-06,0.00023453254841548633
15.129963397979736,-10.028815643409924,-1.4190572780857212e-17,0.0,0.0,0.0,-10.028760654229531,-5.606882100759602e-07,-0.00022951925535246004,2.0818441994107407e-06,0.00022952869679588732
15.139963150024414,-10.028815643409924,-1.4190572780857212e-17,0.0,0.0,0.0,-10.02876292461329,-5.400623570348239e-07,-0.00022453692208032467,2.0430896686675413e-06,0.00022454621705274844
15.149960279464722,-10.028815643409924,-1.4190572780857212e-17,0.0,0.0,0.0,-10.028765144423614,-5.198323764559492e-07,-0.0002195794689362454,2.004262518596391e-06,0.00021958861593117027
15.15996527671814,-10.028815643409924,-1.4190572780857212e-17,0.0,0.0,0.0,-10.028767316542295,-4.999750617853595e-07,-0.00021464394731006786,1.9653096035035287e-06,0.0002146529444444795
15.169963836669922,-10.028815643409924,-1.4190572780857212e-17,0.0,0.0,0.0,-10.028769438035908,-4.805206718327393e-07,-0.00020974050955107032,1.9262994525477235e-06,0.00020974935512731263
15.179964780807495,-10.028815643409924,-1.4190572780857212e-17,0.0,0.0,0.0,-10.028771511397187,-4.614496388451198e-07,-0.00020486683738477258,1.8872663341854515e-06,0.0002048755301012178
15.190000534057617,-10.028815643409924,-1.4190572780857212e-17,0.0,0.0,0.0,-10.028773542379176,-4.4271138666464507e-07,-0.00020001231488950608,1.8481867090047348e-06,0.00020002085366673715
15.199968099594116,-10.028815643409924,-1.4190572780857212e-17,0.0,0.0,0.0,-10.028775509527398,-4.2450673892794636e-07,-0.00019523220903257588,1.8095003156859368e-06,0.00019524059448570595
15.209964036941528,-10.028815643409924,-1.4190572780857212e-17,0.0,0.0,0.0,-10.028777440329911,-4.0658411975459295e-07,-0.00019046305091344253,1.7706509397664433e-06,0.00019047128121584916
15.219961881637573,-10.028815643409924,-1.4190572780857212e-17,0.0,0.0,0.0,-10.028779320863825,-3.89075503979159e-07,-0.00018574197883889133,1.731940717713005e-06,0.0001857500533556769
15.229966640472412,-10.028815643409924,-1.4190572780857212e-17,0.0,0.0,0.0,-10.028781155821555,-3.7194001441648386e-07,-0.00018106040058644442,1.6933524209876558e-06,0.0001810683188825295
15.239964008331299,-10.028815643409924,-1.4190572780857212e-17,0.0,0.0,0.0,-10.02878294260018,-3.5520429456666485e-07,-0.00017642807425185292,1.6549964887422499e-06,0.00017643583648906214
15.249961376190186,-10.028815643409924,-1.4190572780857212e-17,0.0,0.0,0.0,-10.028784683585483,-3.388484312966894e-07,-0.00017184193167500496,1.6168146228944204e-06,0.00017184953759414622
15.2599618434906,-10.028815643409924,-1.4190572780857212e-17,0.0,0.0,0.0,-10.028786379297696,-3.228702619076761e-07,-0.0001673035619925864,1.5788034290971416e-06,0.0001673110112206454
15.2699613571167,-10.028815643409924,-1.4190572780857212e-17,0.0,0.0,0.0,-10.028788029849766,-3.0727133466262026e-07,-0.0001628155985435706,1.5410302332727563e-06,0.00016282289121398444
15.279962539672852,-10.028815643409924,-1.4190572780857212e-17,0.0,0.0,0.0,-10.02878963596055,-2.9204696712963594e-07,-0.00015837898549441704,1.503549608081738e-06,0.00015838612220666533
15.289965629577637,-10.028815643409924,-1.4190572780857212e-17,0.0,0.0,0.0,-10.028791198050664,-2.771951549886078e-07,-0.00015399541364903644,1.4663579406834151e-06,0.0001540023948857551
15.299962043762207,-10.028815643409924,-1.4190572780857212e-17,0.0,0.0,0.0,-10.02879271595264,-2.627198807241625e-07,-0.0001496682242115709,1.4294480431354422e-06,0.00014967505022665963
15.309961795806885,-10.028815643409924,-1.4190572780857212e-17,0.0,0.0,0.0,-10.02879419114439,-2.4860957114393544e-07,-0.00014539601294846825,1.3928265891058944e-06,0.00014540268411284047
15.319965124130249,-10.028815643409924,-1.4190572780857212e-17,0.0,0.0,0.0,-10.02879562446119,-2.3485830048828125e-07,-0.00014117905907385273,1.3565523748345842e-06,0.00014118557630056998
15.329962491989136,-10.028815643409924,-1.4190572780857212e-17,0.0,0.0,0.0,-10.028797015121619,-2.2147532148511913e-07,-0.0001370224138660359,1.3206785708338128e-06,0.00013702877834076565
15.33996319770813,-10.028815643409924,-1.4190572780857212e-17,0.0,0.0,0.0,-10.028798364734497,-2.0844718384872073e-07,-0.00013292400104005593,1.285135758398943e-06,0.00013293021336932513
15.349962711334229,-10.028815643409924,-1.4190572780857212e-17,0.0,0.0,0.0,-10.028799673749095,-1.957720608460992e-07,-0.00012888511415065057,1.2499065587036008e-06,0.00012889117470188453
15.359963178634644,-10.028815643409924,-1.4190572780857212e-17,0.0,0.0,0.0,-10.028800942723697,-1.834470157907683e-07,-0.00012490667754314202,1.21504069849436e-06,0.00012491258711100917
15.369963645935059,-10.028815643409924,-1.4190572780857212e-17,0.0,0.0,0.0,-10.028802172013489,-1.7147048781646372e-07,-0.00012099021576144245,1.180623712385326e-06,0.00012099597589321161
15.379969596862793,-10.028815643409924,-1.4190572780857212e-17,0.0,0.0,0.0,-10.028803363485665,-1.5982554877225446e-07,-0.0001171323017510642,1.1466620701081829e-06,0.00011713791421826403
15.389966249465942,-10.028815643409924,-1.4190572780857212e-17,0.0,0.0,0.0,-10.028804515282406,-1.4853170609795768e-07,-0.0001133415772971109,1.113198095530446e-06,0.00011334704387056972
15.399966955184937,-10.028815643409924,-1.4190572780857212e-17,0.0,0.0,0.0,-10.02880563013981,-1.3756408550075163e-07,-0.00010961163749660015,1.0801022646398491e-06,0.00010961695897801653
15.409969329833984,-10.028815643409924,-1.4190572780857212e-17,0.0,0.0,0.0,-10.028806708064574,-1.2692513821477971e-07,-0.00010594494315510839,1.0473641236294227e-06,0.0001059501201119971
15.419967651367188,-10.028815643409924,-1.4190572780857212e-17,0.0,0.0,0.0,-10.028807748510172,-1.1662281923600985e-07,-0.00010234597733290819,1.0150682790229578e-06,0.00010235101093706517
15.429966926574707,-10.028815643409924,-1.4190572780857212e-17,0.0,0.0,0.0,-10.02880875471076,-1.066268941214201e-07,-9.880600604206147e-05,9.832247421020198e-07,9.881089798639303e-05
15.439976453781128,-10.028815643409924,-1.4190572780857212e-17,0.0,0.0,0.0,-10.028809725992925,-9.694500788806206e-08,-9.532975619902826e-05,9.519364725108082e-07,9.533450896718284e-05
15.449964761734009,-10.028815643409924,-1.4190572780857212e-17,0.0,0.0,0.0,-10.028810661360351,-8.758799681552682e-08,-9.192340902605767e-05,9.212422671977074e-07,9.192802518430804e-05
15.459969282150269,-10.028815643409924,-1.4190572780857212e-17,0.0,0.0,0.0,-10.028811564514198,-7.852015779998584e-08,-8.857590558718353e-05,8.909696630262807e-07,8.85803865284527e-05
15.469963788986206,-10.028815643409924,-1.4190572780857212e-17,0.0,0.0,0.0,-10.028812433417391,-6.976396635136262e-08,-8.529722273997433e-05,8.611644726421331e-07,8.530156980619838e-05
15.479967594146729,-10.028815643409924,-1.4190572780857212e-17,0.0,0.0,0.0,-10.028813270470964,-6.129738597870609e-08,-8.208076089193079e-05,8.317916641095919e-07,8.208497539727229e-05
15.489967107772827,-10.028815643409924,-1.4190572780857212e-17,0.0,0.0,0.0,-10.028814074868386,-5.313030651577353e-08,-7.893207884932435e-05,8.029593687111166e-07,7.893616291170833e-05
15.49996042251587,-10.028815643409924,-1.4190572780857212e-17,0.0,0.0,0.0,-10.028814847716802,-4.525276710750314e-08,-7.584939102044297e-05,7.746916384687694e-07,7.58533470936304e-05
15.509966850280762,-10.028815643409924,-1.4190572780857212e-17,0.0,0.0,0.0,-10.028815592017928,-3.7635133173326054e-08,-7.282292563774735e-05,7.468860796110113e-07,7.282675564143165e-05
15.519964933395386,-10.028815643409924,-1.4190572780857212e-17,0.0,0.0,0.0,-10.02881630565339,-3.0300528984302574e-08,-6.986359012816188e-05,7.19581305889065e-07,6.98672958031981e-05
15.529968500137329,-10.028815643409924,-1.4190572780857212e-17,0.0,0.0,0.0,-10.02881699002554,-2.323666472032846e-08,-6.696805748161013e-05,6.927143441931605e-07,6.697164008759894e-05
15.539968729019165,-10.028815643409924,-1.4190572780857212e-17,0.0,0.0,0.0,-10.028817645444144,-1.6442417622694908e-08,-6.413747435947299e-05,6.663371060425463e-07,6.414093562110662e-05
15.549964189529419,-10.028815643409924,-1.4190572780857212e-17,0.0,0.0,0.0,-10.028818272766424,-9.910379101918744e-09,-6.137061287541612e-05,6.405120653954162e-07,6.137395522866445e-05
15.559962749481201,-10.028815643409924,-1.4190572780857212e-17,0.0,0.0,0.0,-10.028818872819066,-3.632794656275103e-09,-5.866625277306994e-05,6.152677486143217e-07,5.8669479023051006e-05
15.569960355758667,-10.028815643409924,-1.4190572780857212e-17,0.0,0.0,0.0,-10.02881944609836,2.3946982295859045e-09,-5.602458672740994e-05,5.905756829732096e-07,5.602769937820397e-05
15.57996416091919,-10.028815643409924,-1.4190572780857212e-17,0.0,0.0,0.0,-10.028819993532084,8.180502206922412e-09,-5.3443745764102805e-05,5.663590920721649e-07,5.344674661678884e-05
15.589964389801025,-10.028815643409924,-1.4190572780857212e-17,0.0,0.0,0.0,-10.028820515107448,1.3722673507830523e-08,-5.0926277749096665e-05,5.426320140591723e-07,5.092916860582764e-05
15.5999596118927,-10.028815643409924,-1.4190572780857212e-17,0.0,0.0,0.0,-10.028821010595147,1.9017010316573926e-08,-4.847606166681595e-05,5.194764173626821e-07,4.847884497874448e-05
15.609970808029175,-10.028815643409924,-1.4190572780857212e-17,0.0,0.0,0.0,-10.028821485199229,2.4118206499440233e-08,-4.6069357969917335e-05,4.967072024232543e-07,4.6072035572626105e-05
15.619962692260742,-10.028815643409924,-1.4190572780857212e-17,0.0,0.0,0.0,-10.028821933783892,2.8970038564016564e-08,-4.373463886195904e-05,4.745780919056325e-07,4.373721368298734e-05
15.629964828491211,-10.028815643409924,-1.4190572780857212e-17,0.0,0.0,0.0,-10.028822359811116,3.3608376867869005e-08,-4.14567388041603e-05,4.529062163660357e-07,4.1459212683276966e-05
15.63996934890747,-10.028815643409924,-1.4190572780857212e-17,0.0,0.0,0.0,-10.028822763126827,3.8029844898933747e-08,-3.9239021365733925e-05,4.317199496666328e-07,3.924139625262414e-05
15.649964094161987,-10.028815643409924,-1.4190572780857212e-17,0.0,0.0,0.0,-10.028823144766482,4.224430004925903e-08,-3.7078403310555986e-05,4.110372831646141e-07,3.708068154320253e-05
15.660004377365112,-10.028815643409924,-1.4190572780857212e-17,0.0,0.0,0.0,-10.028823506375765,4.62690133546359e-08,-3.4967796087423975e-05,3.9081356406653523e-07,3.4969979960725194e-05
15.669963121414185,-10.028815643409924,-1.4190572780857212e-17,0.0,0.0,0.0,-10.028823844424398,5.006319346982305e-08,-3.293104880723269e-05,3.712436571866186e-07,3.2933141322949184e-05
15.67996859550476,-10.028815643409924,-1.4190572780857212e-17,0.0,0.0,0.0,-10.028824163918785,5.368129527700393e-08,-3.094097020939987e-05,3.520436730145515e-07,3.0942972905761335e-05
15.689968347549438,-10.028815643409924,-1.4190572780857212e-17,0.0,0.0,0.0,-10.028824463435464,5.710569939519132e-08,-2.9008927838448915e-05,3.333480386368342e-07,2.901084306343405e-05
15.699970245361328,-10.028815643409924,-1.4190572780857212e-17,0.0,0.0,0.0,-10.028824744251951,6.034966469047514e-08,-2.712953337117925e-05,3.151362235648817e-07,2.713136361809578e-05
15.709967851638794,-10.028815643409924,-1.4190572780857212e-17,0.0,0.0,0.0,-10.028825006363475,6.341183311046977e-08,-2.5305725884058335e-05,2.974212822989369e-07,2.530747363800394e-05
15.719960927963257,-10.028815643409924,-1.4190572780857212e-17,0.0,0.0,0.0,-10.028825250356146,6.629733228091252e-08,-2.3536584542542906e-05,2.801646984113038e-07,2.3538251935657958e-05
15.729965448379517,-10.028815643409924,-1.4190572780857212e-17,0.0,0.0,0.0,-10.02882547720471,6.90158507730244e-08,-2.1818044505090646e-05,2.6332886239266194e-07,2.1819633546782702e-05
15.739966869354248,-10.028815643409924,-1.4190572780857212e-17,0.0,0.0,0.0,-10.028825686928052,7.156590684197284e-08,-2.015313568689984e-05,2.46982086148834e-07,2.0154649045951516e-05
15.749961853027344,-10.028815643409924,-1.4190572780857212e-17,0.0,0.0,0.0,-10.02882588035492,7.395613294491126e-08,-1.853861190595015e-05,2.3111832987680072e-07,1.854005251022342e-05
15.759965896606445,-10.028815643409924,-1.4190572780857212e-17,0.0,0.0,0.0,-10.028826057961446,7.619101025826038e-08,-1.697380486566708e-05,2.1571294581717142e-07,1.6975175512869862e-05
15.76996374130249,-10.028815643409924,-1.4190572780857212e-17,0.0,0.0,0.0,-10.028826220049364,7.827239744805477e-08,-1.5459683859327048e-05,2.0072822496252823e-07,1.5460986930032437e-05
15.779970645904541,-10.028815643409924,-1.4190572780857212e-17,0.0,0.0,0.0,-10.028826367323271,8.020696880816745e-08,-1.3993430301411668e-05,1.8612529135425242e-07,1.3994668064107413e-05
15.78996753692627,-10.028815643409924,-1.4190572780857212e-17,0.0,0.0,0.0,-10.028826500100983,8.199663034605567e-08,-1.2575874042362672e-05,1.719628613333669e-07,1.2577049699951465e-05
15.799962759017944,-10.028815643409924,-1.4190572780857212e-17,0.0,0.0,0.0,-10.028826618939592,8.364700753569219e-08,-1.1205396325418507e-05,1.5827204982916388e-07,1.1206514036553012e-05
15.809963703155518,-10.028815643409924,-1.4190572780857212e-17,0.0,0.0,0.0,-10.02882672435432,8.516347816907284e-08,-9.880534905488439e-06,1.4502419836973369e-07,9.881599163935371e-06
15.819960594177246,-10.028815643409924,-1.4190572780857212e-17,0.0,0.0,0.0,-10.028826816696819,8.654863835025105e-08,-8.601847663748497e-06,1.3216198325904825e-07,8.602862896742829e-06
15.829962730407715,-10.028815643409924,-1.4190572780857212e-17,0.0,0.0,0.0,-10.02882689651874,8.7807567218429e-08,-7.367095512764383e-06,1.1963819502599774e-07,7.368066882968842e-06
15.839965581893921,-10.028815643409924,-1.4190572780857212e-17,0.0,0.0,0.0,-10.028826964215138,8.894318802999607e-08,-6.17605675132513e-06,1.0749901308296712e-07,6.176992231936392e-06
15.849960327148438,-10.028815643409924,-1.4190572780857212e-17,0.0,0.0,0.0,-10.028827020178387,8.995888791702595e-08,-5.028812400530947e-06,9.581150031416527e-08,5.029725042517361e-06
15.859965801239014,-10.028815643409924,-1.4190572780857212e-17,0.0,0.0,0.0,-10.028827064924066,9.086085496596644e-08,-3.9225566525626554e-06,8.45546444650216e-08,3.923467876823277e-06
15.869961977005005,-10.028815643409924,-1.4190572780857212e-17,0.0,0.0,0.0,-10.028827098780853,9.165142218769582e-08,-2.858718642749392e-06,7.369200834920765e-08,2.8596683007820093e-06
15.879961967468262,-10.028815643409924,-1.4190572780857212e-17,0.0,0.0,0.0,-10.028827122218058,9.233555517936935e-08,-1.834681403306074e-06,6.317220025807137e-08,1.8357686614937599e-06
15.88996410369873,-10.028815643409924,-1.4190572780857212e-17,0.0,0.0,0.0,-10.028827135611703,9.29162888287462e-08,-8.504178245785413e-07,5.30325534525734e-08,8.52069790619641e-07
15.899960994720459,-10.028815643409924,-1.4190572780857212e-17,0.0,0.0,0.0,-10.028827139357757,9.339748112152534e-08,9.469016435065815e-08,4.3290971119972954e-08,1.0411693140534341e-07
15.909964323043823,-10.028815643409924,-1.4190572780857212e-17,0.0,0.0,0.0,-10.028827133838817,9.37832948835182e-08,1.002285355690665e-06,3.389821873324036e-08,1.0028584264317917e-06
15.919965744018555,-10.028815643409924,-1.4190572780857212e-17,0.0,0.0,0.0,-10.02882711943544,9.407668496463212e-08,1.872244216114787e-06,2.4834336656627432e-08,1.872408916089765e-06
15.929966926574707,-10.028815643409924,-1.4190572780857212e-17,0.0,0.0,0.0,-10.028827096526246,9.42810724972647e-08,2.7054057689850105e-06,1.6118067471309243e-08,2.7054537820773036e-06
15.939967393875122,-10.028815643409924,-1.4190572780857212e-17,0.0,0.0,0.0,-10.028827065455578,9.440017768549342e-08,3.503143122859962e-06,7.76319799607595e-09,3.503151724730771e-06
15.949961423873901,-10.028815643409924,-1.4190572780857212e-17,0.0,0.0,0.0,-10.028827026587935,9.44374243386031e-08,4.265878060987947e-06,-2.630449590075974e-10,4.265878069097959e-06
15.95996618270874,-10.028815643409924,-1.4190572780857212e-17,0.0,0.0,0.0,-10.028826980221055,9.439581274583275e-08,4.995094893043356e-06,-8.00197618716528e-09,4.995101302489342e-06
15.969981670379639,-10.028815643409924,-1.4190572780857212e-17,0.0,0.0,0.0,-10.028826926673279,9.427817022416703e-08,5.691499191667967e-06,-1.5429115590851732e-08,5.691520105065521e-06
15.979962587356567,-10.028815643409924,-1.4190572780857212e-17,0.0,0.0,0.0,-10.028826866542596,9.408867326604844e-08,6.352945165697892e-06,-2.2493064994730382e-08,6.352984984740407e-06
15.989967346191406,-10.028815643409924,-1.4190572780857212e-17,0.0,0.0,0.0,-10.028826799811888,9.382954195325182e-08,6.9840523134017485e-06,-2.927237794821138e-08,6.9841136580415884e-06
15.999960899353027,-10.028815643409924,-1.4190572780857212e-17,0.0,0.0,0.0,-10.02882672698348,9.350420004647107e-08,7.583641312781836e-06,-3.5784595023229567e-08,7.583725739909928e-06
16.00996494293213,-10.028815643409924,-1.4190572780857212e-17,0.0,0.0,0.0,-10.028826648241619,9.311476045150624e-08,8.153449595321311e-06,-4.202191418413646e-08,8.153557882588248e-06
16.0199613571167,-10.028815643409924,-1.4190572780857212e-17,0.0,0.0,0.0,-10.028826564023213,9.266487853046824e-08,8.693248875531106e-06,-4.794495536351375e-08,8.693381087394457e-06
16.029966831207275,-10.028815643409924,-1.4190572780857212e-17,0.0,0.0,0.0,-10.028826474462898,9.215676326380886e-08,9.20476579953156e-06,-5.357976034859662e-08,9.204921738664858e-06
16.03996253013611,-10.028815643409924,-1.4190572780857212e-17,0.0,0.0,0.0,-10.028826380016534,9.159411325450054e-08,9.6877764489998e-06,-5.895722632279788e-08,9.687955846324387e-06
16.049959897994995,-10.028815643409924,-1.4190572780857212e-17,0.0,0.0,0.0,-10.028826280872847,9.097892194685333e-08,1.0143537239030624e-05,-6.407909277000913e-08,1.0143739638305551e-05
16.0599684715271,-10.028815643409924,-1.4190572780857212e-17,0.0,0.0,0.0,-10.028826177210988,9.031332330905032e-08,1.0573132865353926e-05,-6.892023054482402e-08,1.057335748883039e-05
16.069974422454834,-10.028815643409924,-1.4190572780857212e-17,0.0,0.0,0.0,-10.028826069427096,8.960094356309029e-08,1.0976723787882467e-05,-7.349873644704804e-08,1.0976969854186725e-05
16.079969882965088,-10.028815643409924,-1.4190572780857212e-17,0.0,0.0,0.0,-10.028825957713714,8.88437535478626e-08,1.1355287988455666e-05,-7.786001900519888e-08,1.1355554917454497e-05
16.08997869491577,-10.028815643409924,-1.4190572780857212e-17,0.0,0.0,0.0,-10.028825842404494,8.804450878707307e-08,1.1709282979993612e-05,-8.199454265092201e-08,1.1709570060877239e-05
16.09997010231018,-10.028815643409924,-1.4190572780857212e-17,0.0,0.0,0.0,-10.028825723576754,8.72045230900094e-08,1.2039904416957393e-05,-8.586949158811356e-08,1.2040210626855983e-05
16.109978675842285,-10.028815643409924,-1.4190572780857212e-17,0.0,0.0,0.0,-10.028825601539909,8.632692118312182e-08,1.2347601404896056e-05,-8.949863673412358e-08,1.234792575537156e-05
16.11997389793396,-10.028815643409924,-1.4190572780857212e-17,0.0,0.0,0.0,-10.028825476674669,8.541502164875912e-08,1.2632726923685432e-05,-9.293177707922658e-08,1.2633068742138542e-05
16.129968643188477,-10.028815643409924,-1.4190572780857212e-17,0.0,0.0,0.0,-10.028825349073301,8.446976965276545e-08,1.2896299686568125e-05,-9.617448291668648e-08,1.2896658293408467e-05
16.139966249465942,-10.028815643409924,-1.4190572780857212e-17,0.0,0.0,0.0,-10.02882521888785,8.349283490008921e-08,1.3139101899896226e-05,-9.918441109437352e-08,1.313947625604844e-05
16.149967193603516,-10.028815643409924,-1.4190572780857212e-17,0.0,0.0,0.0,-10.02882508643169,8.248741453797233e-08,1.3361600047758751e-05,-1.0196247842209993e-07,1.3361989080345508e-05
16.15997338294983,-10.028815643409924,-1.4190572780857212e-17,0.0,0.0,0.0,-10.028824951674528,8.145379715906695e-08,1.3564801190457722e-05,-1.0456779660240867e-07,1.356520422849319e-05
16.16996455192566,-10.028815643409924,-1.4190572780857212e-17,0.0,0.0,0.0,-10.028824815155904,8.03962632395452e-08,1.3748842013636862e-05,-1.0701104410508142e-07,1.3749258455622493e-05
16.179977655410767,-10.028815643409924,-1.4190572780857212e-17,0.0,0.0,0.0,-10.028824676777694,7.931437731253226e-08,1.3914757928841998e-05,-1.092592432995668e-07,1.3915186876234097e-05
16.190002918243408,-10.028815643409924,-1.4190572780857212e-17,0.0,0.0,0.0,-10.028824536452415,7.820809686537828e-08,1.406339295615167e-05,-1.1130088095962435e-07,1.4063833379460907e-05
16.20000410079956,-10.028815643409924,-1.4190572780857212e-17,0.0,0.0,0.0,-10.028824395123412,7.708542693452984e-08,1.4194570367092849e-05,-1.1316947659025825e-07,1.4195021494762947e-05
16.209964990615845,-10.028815643409924,-1.4190572780857212e-17,0.0,0.0,0.0,-10.028824253103084,7.59490888650039e-08,1.430893700327265e-05,-1.1489095224512307e-07,1.4309398243620626e-05
16.219968557357788,-10.028815643409924,-1.4190572780857212e-17,0.0,0.0,0.0,-10.028824109510818,7.479228810153466e-08,1.4407903782739805e-05,-1.164452242006415e-07,1.4408374332412632e-05
16.22997212409973,-10.028815643409924,-1.4190572780857212e-17,0.0,0.0,0.0,-10.028823964955432,7.362047170537045e-08,1.4491640020557374e-05,-1.1781722257034683e-07,1.449211894042256e-05
16.239969491958618,-10.028815643409924,-1.4190572780857212e-17,0.0,0.0,0.0,-10.028823819664877,7.243589746340721e-08,1.4560650287962363e-05,-1.1904999702749247e-07,1.4561136964884668e-05
16.249969482421875,-10.028815643409924,-1.4190572780857212e-17,0.0,0.0,0.0,-10.028823673857527,7.124043938076323e-08,1.4615451119489037e-05,-1.2015772578308214e-07,1.4615945036337496e-05
16.260002613067627,-10.028815643409924,-1.4190572780857212e-17,0.0,0.0,0.0,-10.02882352695575,7.002957324440586e-08,1.4656739173713103e-05,-1.2111343875502482e-07,1.4657239565187685e-05
16.269970655441284,-10.028815643409924,-1.4190572780857212e-17,0.0,0.0,0.0,-10.028823380715371,6.881832661670541e-08,1.4684619227982633e-05,-1.2190343274460052e-07,1.4685125206063181e-05
16.279971837997437,-10.028815643409924,-1.4190572780857212e-17,0.0,0.0,0.0,-10.028823233796892,6.759593993575218e-08,1.4699892460407409e-05,-1.225826803468973e-07,1.4700403561163335e-05
16.29000425338745,-10.028815643409924,-1.4190572780857212e-17,0.0,0.0,0.0,-10.028823086304355,6.636318694245224e-08,1.4702894765449557e-05,-1.2316497447622626e-07,1.47034106279741e-05
16.299995183944702,-10.028815643409924,-1.4190572780857212e-17,0.0,0.0,0.0,-10.02882293956664,6.513136045552451e-08,1.4694089944496245e-05,-1.23606003363247e-07,1.4694609819284522e-05
16.31000280380249,-10.028815643409924,-1.4190572780857212e-17,0.0,0.0,0.0,-10.028822792485519,6.389174967227192e-08,1.467385751235508e-05,-1.239041249836245e-07,1.467438061810745e-05
16.320003271102905,-10.028815643409924,-1.4190572780857212e-17,0.0,0.0,0.0,-10.028822646048381,6.265294447882608e-08,1.4642746724289696e-05,-1.2410701662913837e-07,1.4643272659596051e-05
16.33000683784485,-10.028815643409924,-1.4190572780857212e-17,0.0,0.0,0.0,-10.028822499724152,6.141034788146916e-08,1.4601057982378211e-05,-1.2423266172170657e-07,1.4601586487741972e-05
16.340004682540894,-10.028815643409924,-1.4190572780857212e-17,0.0,0.0,0.0,-10.028822353872265,6.016708479733194e-08,1.4549265140176677e-05,-1.2423946071166825e-07,1.454979558491315e-05
16.350011110305786,-10.028815643409924,-1.4190572780857212e-17,0.0,0.0,0.0,-10.028822208721177,5.892560747966582e-08,1.4487852292003568e-05,-1.241074667653665e-07,1.4488383853909308e-05
16.360004663467407,-10.028815643409924,-1.4190572780857212e-17,0.0,0.0,0.0,-10.028822064329423,5.768683305305683e-08,1.4417244953034147e-05,-1.2387809656596743e-07,1.4417777145544919e-05
16.37000298500061,-10.028815643409924,-1.4190572780857212e-17,0.0,0.0,0.0,-10.028821920369552,5.644794847227285e-08,1.4337624225885419e-05,-1.235787421474334e-07,1.4338156790473704e-05
16.380005836486816,-10.028815643409924,-1.4190572780857212e-17,0.0,0.0,0.0,-10.028821777558747,5.5215200938285255e-08,1.4249748643354681e-05,-1.2318113062877799e-07,1.4250281049499746e-05
16.389995098114014,-10.028815643409924,-1.4190572780857212e-17,0.0,0.0,0.0,-10.028821635498211,5.39855196195822e-08,1.4153731630575156e-05,-1.2267719749131848e-07,1.4154263271718808e-05
16.39998435974121,-10.028815643409924,-1.4190572780857212e-17,0.0,0.0,0.0,-10.028821494630986,5.276291516917134e-08,1.4050221902787751e-05,-1.221120699587468e-07,1.4050752537683037e-05
16.410006284713745,-10.028815643409924,-1.4190572780857212e-17,0.0,0.0,0.0,-10.028821354352267,5.154199393352113e-08,1.3939082617627295e-05,-1.2149228879993103e-07,1.3939612067675243e-05
16.419963359832764,-10.028815643409924,-1.4190572780857212e-17,0.0,0.0,0.0,-10.02882121613753,5.033571460595673e-08,1.3821856766862118e-05,-1.207854775158491e-07,1.382238451263858e-05
16.42999839782715,-10.028815643409924,-1.4190572780857212e-17,0.0,0.0,0.0,-10.028821078076252,4.912782138581655e-08,1.3697210232762988e-05,-1.1997319021909255e-07,1.3697735642319807e-05
16.44001340866089,-10.028815643409924,-1.4190572780857212e-17,0.0,0.0,0.0,-10.028820941567428,4.793076463770212e-08,1.3566656759529893e-05,-1.1910953631027826e-07,1.3567179615253061e-05
16.449980974197388,-10.028815643409924,-1.4190572780857212e-17,0.0,0.0,0.0,-10.028820806963086,4.674750920744171e-08,1.343089624798212e-05,-1.1821626204128844e-07,1.3431416496731505e-05
16.45999526977539,-10.028815643409924,-1.4190572780857212e-17,0.0,0.0,0.0,-10.028820673115353,4.556797151734366e-08,1.3289039931643063e-05,-1.1724623032038546e-07,1.3289557140225864e-05
16.469995498657227,-10.028815643409924,-1.4190572780857212e-17,0.0,0.0,0.0,-10.028820541033086,4.440141821175338e-08,1.3142414708922497e-05,-1.1619267719334103e-07,1.3142928331218115e-05
16.480002403259277,-10.028815643409924,-1.4190572780857212e-17,0.0,0.0,0.0,-10.028820410261412,4.324405817202958e-08,1.2990789623235236e-05,-1.150958729476909e-07,1.2991299476770054e-05
16.4900004863739,-10.028815643409924,-1.4190572780857212e-17,0.0,0.0,0.0,-10.028820281102607,4.209842746479453e-08,1.2834766451848318e-05,-1.1397506923327404e-07,1.2835272501583198e-05
16.49999499320984,-10.028815643409924,-1.4190572780857212e-17,0.0,0.0,0.0,-10.028820153721474,4.096602281004718e-08,1.2674814574518583e-05,-1.1279638122019857e-07,1.2675316466346907e-05
16.510003566741943,-10.028815643409924,-1.4190572780857212e-17,0.0,0.0,0.0,-10.028820027833001,3.984460071214291e-08,1.2510823690693828e-05,-1.1155820033716518e-07,1.2511321059412088e-05
16.52000069618225,-10.028815643409924,-1.4190572780857212e-17,0.0,0.0,0.0,-10.028819903508793,3.8734842996837545e-08,1.2343113877709495e-05,-1.1029888016029344e-07,1.2343606686907574e-05
16.529996871948242,-10.028815643409924,-1.4190572780857212e-17,0.0,0.0,0.0,-10.028819780822243,3.76372992298113e-08,1.2172015045343951e-05,-1.0900689852214608e-07,1.2172503143068187e-05
16.540003299713135,-10.028815643409924,-1.4190572780857212e-17,0.0,0.0,0.0,-10.028819659942888,3.6553714356947995e-08,1.1998007118613773e-05,-1.076515513337695e-07,1.1998490058120285e-05
16.550001859664917,-10.028815643409924,-1.4190572780857212e-17,0.0,0.0,0.0,-10.02881954093403,3.548496296853125e-08,1.1821436150603246e-05,-1.0625917056452732e-07,1.1821913706084913e-05
16.559995651245117,-10.028815643409924,-1.4190572780857212e-17,0.0,0.0,0.0,-10.028819423567768,3.4428955736621884e-08,1.1642203906509199e-05,-1.0485685567043017e-07,1.164267609963101e-05
16.57000207901001,-10.028815643409924,-1.4190572780857212e-17,0.0,0.0,0.0,-10.02881930795984,3.3386712441315396e-08,1.1460720988024395e-05,-1.0341714412158062e-07,1.1461187576819477e-05
16.579998254776,-10.028815643409924,-1.4190572780857212e-17,0.0,0.0,0.0,-10.028819194336934,3.236058838052288e-08,1.1277599551829493e-05,-1.0192844137934115e-07,1.1278060163813048e-05
16.590001344680786,-10.028815643409924,-1.4190572780857212e-17,0.0,0.0,0.0,-10.028819082427582,3.1348303785449534e-08,1.1092653178605258e-05,-1.0042681464260803e-07,1.1093107774015387e-05
16.5999972820282,-10.028815643409924,-1.4190572780857212e-17,0.0,0.0,0.0,-10.028818972473065,3.035191228755889e-08,1.0906534271583457e-05,-9.892532909152147e-08,1.090698290261612e-05
16.60999631881714,-10.028815643409924,-1.4190572780857212e-17,0.0,0.0,0.0,-10.02881886436155,2.93704804627101e-08,1.0719315102034973e-05,-9.7387063861936e-08,1.0719757483120721e-05
16.619996786117554,-10.028815643409924,-1.4190572780857212e-17,0.0,0.0,0.0,-10.028818758115273,2.84045057127202e-08,1.0531294087286175e-05,-9.582014749572412e-08,1.0531729993385459e-05
16.62999963760376,-10.028815643409924,-1.4190572780857212e-17,0.0,0.0,0.0,-10.028818653708608,2.745379176305603e-08,1.0342688992007946e-05,-9.425697008475415e-08,1.0343118483407792e-05
16.6399986743927,-10.028815643409924,-1.4190572780857212e-17,0.0,0.0,0.0,-10.028818551220711,2.651903846157552e-08,1.0153913616010303e-05,-9.267949437249224e-08,1.01543365716366e-05
16.649997234344482,-10.028815643409924,-1.4190572780857212e-17,0.0,0.0,0.0,-10.028818450648505,2.5600466606691885e-08,9.965241308014752e-06,-9.107555713280281e-08,9.965657483782523e-06
16.659997940063477,-10.028815643409924,-1.4190572780857212e-17,0.0,0.0,0.0,-10.028818351935907,2.4697701217842575e-08,9.776847667702987e-06,-8.947459143384037e-08,9.777257080591754e-06
16.669970989227295,-10.028815643409924,-1.4190572780857212e-17,0.0,0.0,0.0,-10.028818255431863,2.3813945298312715e-08,9.589699837785543e-06,-8.787374745742756e-08,9.59010243815551e-06
16.67997145652771,-10.028815643409924,-1.4190572780857212e-17,0.0,0.0,0.0,-10.028818160444649,2.2943106571167475e-08,9.40273089005004e-06,-8.624444946127211e-08,9.40312641070852e-06
16.689972639083862,-10.028815643409924,-1.4190572780857212e-17,0.0,0.0,0.0,-10.028818067330008,2.2088630973544665e-08,9.216845450876264e-06,-8.46215553869e-08,9.217233905731945e-06
16.699973821640015,-10.028815643409924,-1.4190572780857212e-17,0.0,0.0,0.0,-10.028817976063914,2.1250264329717173e-08,9.032106388224013e-06,-8.301012276381427e-08,9.032487834958777e-06
16.709970474243164,-10.028815643409924,-1.4190572780857212e-17,0.0,0.0,0.0,-10.028817886695114,2.0428595626657557e-08,8.848632030747353e-06,-8.13820596557928e-08,8.849006263711302e-06
16.719966173171997,-10.028815643409924,-1.4190572780857212e-17,0.0,0.0,0.0,-10.028817799156256,1.96232827260437e-08,8.666232907310374e-06,-7.974638517550574e-08,8.666599811327264e-06
16.729968547821045,-10.028815643409924,-1.4190572780857212e-17,0.0,0.0,0.0,-10.028817713364498,1.883356397670724e-08,8.484630999638869e-06,-7.813010917481841e-08,8.484990719735205e-06
16.739967823028564,-10.028815643409924,-1.4190572780857212e-17,0.0,0.0,0.0,-10.028817629423088,1.8060346147867755e-08,8.303947108475736e-06,-7.651069641602031e-08,8.30429957714849e-06
16.749961137771606,-10.028815643409924,-1.4190572780857212e-17,0.0,0.0,0.0,-10.02881754732937,1.7303869915731983e-08,8.124151357363472e-06,-7.48666892635968e-08,8.124496310449776e-06
16.75996732711792,-10.028815643409924,-1.4190572780857212e-17,0.0,0.0,0.0,-10.02881746696293,1.6563252194479835e-08,7.945031057919836e-06,-7.321988562560405e-08,7.945368440982572e-06
16.76996159553528,-10.028815643409924,-1.4190572780857212e-17,0.0,0.0,0.0,-10.028817388420725,1.5839351974472263e-08,7.766918667088336e-06,-7.159480258729447e-08,7.767248637511405e-06
16.779967069625854,-10.028815643409924,-1.4190572780857212e-17,0.0,0.0,0.0,-10.028817311612926,1.5131257151106616e-08,7.589776580221505e-06,-6.997564670296268e-08,7.590099151447913e-06
16.789966583251953,-10.028815643409924,-1.4190572780857212e-17,0.0,0.0,0.0,-10.02881723659161,1.4439624495157961e-08,7.413920918588713e-06,-6.83422276331382e-08,7.414235904472231e-06
16.799962997436523,-10.028815643409924,-1.4190572780857212e-17,0.0,0.0,0.0,-10.028817163342106,1.3764481782696716e-08,7.239513469928605e-06,-6.672181406503731e-08,7.2398209288455365e-06
16.809961795806885,-10.028815643409924,-1.4190572780857212e-17,0.0,0.0,0.0,-10.028817091821294,1.3105309040938422e-08,7.0666073860578055e-06,-6.513313616132569e-08,7.066907546735909e-06
16.819962978363037,-10.028815643409924,-1.4190572780857212e-17,0.0,0.0,0.0,-10.028817022005452,1.2461748623560048e-08,6.89523495470798e-06,-6.356738004920169e-08,6.895527963284109e-06
16.82996368408203,-10.028815643409924,-1.4190572780857212e-17,0.0,0.0,0.0,-10.02881695389887,1.1833797304662619e-08,6.725437387407065e-06,-6.201641534190129e-08,6.725723313347393e-06
16.83996319770813,-10.028815643409924,-1.4190572780857212e-17,0.0,0.0,0.0,-10.028816887488231,1.1221361837139675e-08,6.557195914343691e-06,-6.047394657251467e-08,6.557474769856126e-06
16.84996223449707,-10.028815643409924,-1.4190572780857212e-17,0.0,0.0,0.0,-10.028816822761089,1.0624406459311198e-08,6.390517223912347e-06,-5.893705778706185e-08,6.390788994005432e-06
16.859962701797485,-10.028815643409924,-1.4190572780857212e-17,0.0,0.0,0.0,-10.028816759680799,1.0042636050341771e-08,6.225386072805772e-06,-5.741784814118375e-08,6.225650854711437e-06
16.869922637939453,-10.028815643409924,-1.4190572780857212e-17,0.0,0.0,0.0,-10.028816698498588,9.478268525041216e-09,6.062588126460711e-06,-5.593107628371082e-08,6.062846120131753e-06
16.879961729049683,-10.028815643409924,-1.4190572780857212e-17,0.0,0.0,0.0,-10.028816638444027,8.924215881399724e-09,5.9001841511033106e-06,-5.4430605183863446e-08,5.90043521341531e-06
16.889965057373047,-10.028815643409924,-1.4190572780857212e-17,0.0,0.0,0.0,-10.028816580229476,8.387284281897153e-09,5.740233611046605e-06,-5.2929998853238904e-08,5.740477636413869e-06
16.89998769760132,-10.028815643409924,-1.4190572780857212e-17,0.0,0.0,0.0,-10.028816523483343,7.86421367828825e-09,5.581862592077078e-06,-5.1433146928895004e-08,5.582099548147851e-06
16.909961938858032,-10.028815643409924,-1.4190572780857212e-17,0.0,0.0,0.0,-10.02881646858552,7.358561533626412e-09,5.4262606610924e-06,-4.996074637108653e-08,5.426490655874834e-06
16.919963121414185,-10.028815643409924,-1.4190572780857212e-17,0.0,0.0,0.0,-10.02881641509103,6.8662054764391774e-09,5.272255011659101e-06,-4.8507847115474533e-08,5.272478157299116e-06
16.929962635040283,-10.028815643409924,-1.4190572780857212e-17,0.0,0.0,0.0,-10.028816363136409,6.388370226098754e-09,5.120287998538788e-06,-4.7073021548905604e-08,5.120504375287467e-06
16.939966440200806,-10.028815643409924,-1.4190572780857212e-17,0.0,0.0,0.0,-10.028816312663631,5.924551109478329e-09,4.970237657211429e-06,-4.565582618588715e-08,4.970447346429421e-06
16.94996738433838,-10.028815643409924,-1.4190572780857212e-17,0.0,0.0,0.0,-10.028816263705325,5.474935545357964e-09,4.822265187298243e-06,-4.427908745001859e-08,4.82246847311768e-06
16.959963083267212,-10.028815643409924,-1.4190572780857212e-17,0.0,0.0,0.0,-10.028816216226362,5.038973259805138e-09,4.676356742004019e-06,-4.29423055947828e-08,4.676553904329153e-06
16.96996235847473,-10.028815643409924,-1.4190572780857212e-17,0.0,0.0,0.0,-10.028816170187103,4.616121907049075e-09,4.53250303734842e-06,-4.1639160367139335e-08,4.532694298455251e-06
16.97996711730957,-10.028815643409924,-1.4190572780857212e-17,0.0,0.0,0.0,-10.028816125553059,4.205963223792636e-09,4.390717479642057e-06,-4.035831735127512e-08,4.3909029572302915e-06
16.989969968795776,-10.028815643409924,-1.4190572780857212e-17,0.0,0.0,0.0,-10.028816082332954,3.808624924922993e-09,4.251147449668395e-06,-3.90888820464707e-08,4.251327155080133e-06
16.99996256828308,-10.028815643409924,-1.4190572780857212e-17,0.0,0.0,0.0,-10.028816040556189,3.4244241583017456e-09,4.1140008571819e-06,-3.7840588373110425e-08,4.1141748824061714e-06
17.009961366653442,-10.028815643409924,-1.4190572780857212e-17,0.0,0.0,0.0,-10.028816000085074,3.0521588336278064e-09,3.978910388543788e-06,-3.659665803965875e-08,3.979078686761717e-06
17.01996397972107,-10.028815643409924,-1.4190572780857212e-17,0.0,0.0,0.0,-10.028815960946348,2.692264777031396e-09,3.846032850541452e-06,-3.5354544456989305e-08,3.846195344916554e-06
17.02996253967285,-10.028815643409924,-1.4190572780857212e-17,0.0,0.0,0.0,-10.028815923152646,2.3449668598992896e-09,3.715485619047415e-06,-3.413142668032337e-08,3.7156423858648435e-06
17.0399649143219,-10.028815643409924,-1.4190572780857212e-17,0.0,0.0,0.0,-10.028815886635778,2.00960729331841e-09,3.5871111172095288e-06,-3.2933172079592956e-08,3.5872622933138603e-06
17.04996395111084,-10.028815643409924,-1.4190572780857212e-17,0.0,0.0,0.0,-10.028815851407273,1.6863038914323807e-09,3.4610381963981606e-06,-3.1749283939195806e-08,3.461183816840372e-06
17.059961795806885,-10.028815643409924,-1.4190572780857212e-17,0.0,0.0,0.0,-10.028815817424041,1.3746635147495441e-09,3.337212573797597e-06,-3.059726867570769e-08,3.3373528365402415e-06
17.069961309432983,-10.028815643409924,-1.4190572780857212e-17,0.0,0.0,0.0,-10.028815784650538,1.0741935167930288e-09,3.21560647476554e-06,-2.94798563802999e-08,3.2157416038118275e-06
17.079964876174927,-10.028815643409924,-1.4190572780857212e-17,0.0,0.0,0.0,-10.02881575318844,7.858007548514135e-10,3.0967126637830953e-06,-2.837768561880907e-08,3.096842684909208e-06
17.089964628219604,-10.028815643409924,-1.4190572780857212e-17,0.0,0.0,0.0,-10.028815722705854,5.066314474489505e-10,2.979361520254374e-06,-2.726548793217713e-08,2.9794862770626475e-06
17.099961757659912,-10.028815643409924,-1.4190572780857212e-17,0.0,0.0,0.0,-10.028815693495618,2.395281662502151e-10,2.864759258687714e-06,-2.61771648219805e-08,2.864878855064398e-06
17.10996150970459,-10.028815643409924,-1.4190572780857212e-17,0.0,0.0,0.0,-10.028815665424471,-1.6858935920247133e-11,2.7524713976832848e-06,-2.5129530771094306e-08,2.7525861091674047e-06
17.11996102333069,-10.028815643409924,-1.4190572780857212e-17,0.0,0.0,0.0,-10.028815638451192,-2.629846690546754e-10,2.6424092698132456e-06,-2.4094020393105563e-08,2.642519114597598e-06
17.129962682724,-10.028815643409924,-1.4190572780857212e-17,0.0,0.0,0.0,-10.028815612558994,-4.988528192629545e-10,2.534586319664386e-06,-2.3067139465172143e-08,2.534691283914663e-06
17.139968156814575,-10.028815643409924,-1.4190572780857212e-17,0.0,0.0,0.0,-10.028815587738347,-7.245913392058584e-10,2.4290513924629184e-06,-2.2081680748581318e-08,2.429151758917241e-06
17.149970054626465,-10.028815643409924,-1.4190572780857212e-17,0.0,0.0,0.0,-10.028815563951186,-9.408271415644126e-10,2.325733590528217e-06,-2.11438227255404e-08,2.325829700418911e-06
17.15996026992798,-10.028815643409924,-1.4190572780857212e-17,0.0,0.0,0.0,-10.028815541229408,-1.1474059933023103e-09,2.2248721947046253e-06,-2.0225816993434373e-08,2.2249641270013386e-06
17.169962167739868,-10.028815643409924,-1.4190572780857212e-17,0.0,0.0,0.0,-10.02881551946763,-1.3451398457317748e-09,2.1260959106597464e-06,-1.9305709143231102e-08,2.126183560215256e-06
17.179965257644653,-10.028815643409924,-1.4190572780857212e-17,0.0,0.0,0.0,-10.028815498693035,-1.5336693316949097e-09,2.0296192495273753e-06,-1.841120626885641e-08,2.029702754239729e-06
17.18996262550354,-10.028815643409924,-1.4190572780857212e-17,0.0,0.0,0.0,-10.028815478871902,-1.713459006547234e-09,1.935378404239559e-06,-1.7554284342819943e-08,1.9354580131058516e-06
17.199963808059692,-10.028815643409924,-1.4190572780857212e-17,0.0,0.0,0.0,-10.028815459977107,-1.884775156550994e-09,1.8433325206570685e-06,-1.6702130384472997e-08,1.843408186721357e-06
17.209967374801636,-10.028815643409924,-1.4190572780857212e-17,0.0,0.0,0.0,-10.028815441989355,-2.0475830875896792e-09,1.7534752709317558e-06,-1.585222359321216e-08,1.75354692516683e-06
17.219961404800415,-10.028815643409924,-1.4190572780857212e-17,0.0,0.0,0.0,-10.028815424903646,-2.201896803076055e-09,1.6658783625791893e-06,-1.5034728915288064e-08,1.6659462062092755e-06
17.22996425628662,-10.028815643409924,-1.4190572780857212e-17,0.0,0.0,0.0,-10.02881540866578,-2.3484291439401675e-09,1.5803616846058338e-06,-1.4263184049623095e-08,1.5804260478078127e-06
17.239967823028564,-10.028815643409924,-1.4190572780857212e-17,0.0,0.0,0.0,-10.028815393280293,-2.4873020133830934e-09,1.4970470962667565e-06,-1.3510487796275055e-08,1.4971080594670581e-06
17.249968767166138,-10.028815643409924,-1.4190572780857212e-17,0.0,0.0,0.0,-10.028815378716196,-2.6186196460827366e-09,1.4158664792494011e-06,-1.2750323083513343e-08,1.4159238884208533e-06
17.259982585906982,-10.028815643409924,-1.4190572780857212e-17,0.0,0.0,0.0,-10.028815364936154,-2.742551080764993e-09,1.3367047334817015e-06,-1.2008659669718474e-08,1.3367586739645454e-06
17.26996922492981,-10.028815643409924,-1.4190572780857212e-17,0.0,0.0,0.0,-10.028815351971293,-2.8589850119910094e-09,1.2598456900158289e-06,-1.1313765167821666e-08,1.2598964893727312e-06
17.279970407485962,-10.028815643409924,-1.4190572780857212e-17,0.0,0.0,0.0,-10.02881533978562,-2.968414894960733e-09,1.1851918033456376e-06,-1.0640218840683115e-08,1.185239564381253e-06
17.289971113204956,-10.028815643409924,-1.4190572780857212e-17,0.0,0.0,0.0,-10.02881532827162,-3.0716501828383832e-09,1.1121686711923731e-06,-9.952737131494341e-09,1.1122132035532655e-06
17.2999746799469,-10.028815643409924,-1.4190572780857212e-17,0.0,0.0,0.0,-10.028815317491922,-3.1678709750654714e-09,1.0412624754617922e-06,-9.270473356740831e-09,1.0413037426616106e-06
17.309996604919434,-10.028815643409924,-1.4190572780857212e-17,0.0,0.0,0.0,-10.028815307406486,-3.257509676514402e-09,9.723182664718945e-07,-8.6327898229182e-09,9.723565891045512e-07
17.3199679851532,-10.028815643409924,-1.4190572780857212e-17,0.0,0.0,0.0,-10.028815298049395,-3.340596645131192e-09,9.056995155834885e-07,-8.045061119515444e-09,9.057352458288141e-07
17.329970121383667,-10.028815643409924,-1.4190572780857212e-17,0.0,0.0,0.0,-10.02881528931201,-3.418196149739322e-09,8.407460919671273e-07,-7.460319261397641e-09,8.407791907043604e-07
17.339972972869873,-10.028815643409924,-1.4190572780857212e-17,0.0,0.0,0.0,-10.028815281218721,-3.4898183051377314e-09,7.77741434791585e-07,-6.857862878107733e-09,7.777716693702132e-07
17.349966049194336,-10.028815643409924,-1.4190572780857212e-17,0.0,0.0,0.0,-10.028815273753715,-3.555359672320399e-09,7.166915337072313e-07,-6.265166659678447e-09,7.167189175687335e-07
17.35996723175049,-10.028815643409924,-1.4190572780857212e-17,0.0,0.0,0.0,-10.028815266881086,-3.615247160582535e-09,6.574321028283499e-07,-5.714370572997461e-09,6.57456936886631e-07
17.369966745376587,-10.028815643409924,-1.4190572780857212e-17,0.0,0.0,0.0,-10.028815260595787,-3.669791851505963e-09,6.00057321573763e-07,-5.197827412633633e-09,6.000798335089174e-07
17.379963397979736,-10.028815643409924,-1.4190572780857212e-17,0.0,0.0,0.0,-10.028815254875841,-3.7191662344623595e-09,5.445138841174155e-07,-4.676877642378488e-09,5.445339688037065e-07
17.38996648788452,-10.028815643409924,-1.4190572780857212e-17,0.0,0.0,0.0,-10.028815249701086,-3.763299592329071e-09,4.907503012121377e-07,-4.152284520297508e-09,4.907678673329596e-07
17.40000081062317,-10.028815643409924,-1.4190572780857212e-17,0.0,0.0,0.0,-10.028815245039436,-3.802452605829962e-09,4.3856339576121894e-07,-3.658806597306739e-09,4.3857865767422843e-07
17.410000324249268,-10.028815643409924,-1.4190572780857212e-17,0.0,0.0,0.0,-10.028815240906159,-3.836795994733311e-09,3.88293213649089e-07,-3.215754434730724e-09,3.883065294873646e-07
17.419997453689575,-10.028815643409924,-1.4190572780857212e-17,0.0,0.0,0.0,-10.0288152372684,-3.8668265168305315e-09,3.3974365211991415e-07,-2.791946564409743e-09,3.3975512376032796e-07
17.429970026016235,-10.028815643409924,-1.4190572780857212e-17,0.0,0.0,0.0,-10.028815234114637,-3.892520430438917e-09,2.9297816275118807e-07,-2.3582078229005974e-09,2.9298765331187185e-07
17.440017700195312,-10.028815643409924,-1.4190572780857212e-17,0.0,0.0,0.0,-10.028815231401811,-3.9140074230003924e-09,2.4753331344963293e-07,-1.925221364849412e-09,2.475408001616257e-07
17.44996452331543,-10.028815643409924,-1.4190572780857212e-17,0.0,0.0,0.0,-10.028815229155743,-3.931201741773216e-09,2.0412135679526047e-07,-1.5390878970106003e-09,2.0412715912267224e-07
17.45997166633606,-10.028815643409924,-1.4190572780857212e-17,0.0,0.0,0.0,-10.02881522732523,-3.94484518925359e-09,1.620588344595148e-07,-1.1921458019866597e-09,1.6206321926331593e-07
17.47002935409546,-10.028815643409924,-1.4190572780857212e-17,0.0,0.0,0.0,-10.02881522590152,-3.955111678446669e-09,1.2134068929868347e-07,-8.473210315848144e-10,1.2134364768050367e-07
17.47999882698059,-10.028815643409924,-1.4190572780857212e-17,0.0,0.0,0.0,-10.028815224886449,-3.961757459643871e-09,8.249901852338682e-08,-4.802475934806752e-10,8.250041633272626e-08
17.489967584609985,-10.028815643409924,-1.4190572780857212e-17,0.0,0.0,0.0,-10.028815224251277,-3.964628992492277e-09,4.51452162300049e-08,-9.58680409477983e-11,4.514531802009122e-08
17.499998569488525,-10.028815643409924,-1.4190572780857212e-17,0.0,0.0,0.0,-10.028815223980933,-3.96372936087709e-09,9.03364793675428e-09,2.679118269817323e-10,9.037619807906368e-09
17.50999927520752,-10.028815643409924,-1.4190572780857212e-17,0.0,0.0,0.0,-10.02881522406459,-3.959443598789427e-09,-2.55226915468795e-08,5.808547882248285e-10,2.5529300344548382e-08
17.51999568939209,-10.028815643409924,-1.4190572780857212e-17,0.0,0.0,0.0,-10.028815224486433,-3.952215165249865e-09,-5.864833759929128e-08,8.643652501472081e-10,5.8654706805559134e-08
17.529999494552612,-10.028815643409924,-1.4190572780857212e-17,0.0,0.0,0.0,-10.028815225233233,-3.942106667566607e-09,-9.042307810693061e-08,1.1613292444398426e-09,9.043053543989479e-08
17.540000677108765,-10.028815643409924,-1.4190572780857212e-17,0.0,0.0,0.0,-10.028815226290654,-3.928897833891613e-09,-1.2084384143230857e-07,1.4824871185912718e-09,1.208529345120495e-07
17.549999952316284,-10.028815643409924,-1.4190572780857212e-17,0.0,0.0,0.0,-10.02881522764584,-3.912479339898685e-09,-1.499531230428612e-07,1.7969023920815942e-09,1.4996388888167093e-07
17.559964179992676,-10.028815643409924,-1.4190572780857212e-17,0.0,0.0,0.0,-10.028815229278981,-3.893162684938448e-09,-1.776711331434106e-07,2.072377185215248e-09,1.7768321895908271e-07
17.569994926452637,-10.028815643409924,-1.4190572780857212e-17,0.0,0.0,0.0,-10.028815231195736,-3.871197388173884e-09,-2.042993886136108e-07,2.3007336222572607e-09,2.0431234314914936e-07
17.579995155334473,-10.028815643409924,-1.4190572780857212e-17,0.0,0.0,0.0,-10.02881523336643,-3.847145591315926e-09,-2.2960911004186244e-07,2.509476594228616e-09,2.296228230969062e-07
17.590004682540894,-10.028815643409924,-1.4190572780857212e-17,0.0,0.0,0.0,-10.028815235785054,-3.8209420693511895e-09,-2.5372368681632843e-07,2.733305604978064e-09,2.53738409018423e-07
17.599968194961548,-10.028815643409924,-1.4190572780857212e-17,0.0,0.0,0.0,-10.028815238429326,-3.792499088463312e-09,-2.7659440777063424e-07,2.9743189739960395e-09,2.766103992682614e-07
17.609975337982178,-10.028815643409924,-1.4190572780857212e-17,0.0,0.0,0.0,-10.028815241305812,-3.761546900740382e-09,-2.98403168879381e-07,3.2126682921160375e-09,2.984204624934616e-07
17.619970560073853,-10.028815643409924,-1.4190572780857212e-17,0.0,0.0,0.0,-10.028815244394174,-3.728312690759917e-09,-3.1908820758388754e-07,3.4293971583434814e-09,3.1910663575671337e-07
17.62996816635132,-10.028815643409924,-1.4190572780857212e-17,0.0,0.0,0.0,-10.028815247681708,-3.693099049244324e-09,-3.3866264967445974e-07,3.6113306095673256e-09,3.3868190384680645e-07
17.640002250671387,-10.028815643409924,-1.4190572780857212e-17,0.0,0.0,0.0,-10.028815251175267,-3.656083007167191e-09,-3.5724397113160837e-07,3.760399312787626e-09,3.5726376182433204e-07
17.649967193603516,-10.028815643409924,-1.4190572780857212e-17,0.0,0.0,0.0,-10.028815254823078,-3.6179093288375946e-09,-3.7465193151064196e-07,3.901762490812078e-09,3.7467224815188736e-07
17.659964561462402,-10.028815643409924,-1.4190572780857212e-17,0.0,0.0,0.0,-10.028815258651754,-3.5781309088574895e-09,-3.910984635905299e-07,4.0587731783169705e-09,3.9111952375531716e-07
17.66999888420105,-10.028815643409924,-1.4190572780857212e-17,0.0,0.0,0.0,-10.028815262665036,-3.5364668478934085e-09,-4.066483276159665e-07,4.224127080340946e-09,4.066702664351714e-07
17.679999828338623,-10.028815643409924,-1.4190572780857212e-17,0.0,0.0,0.0,-10.028815266794785,-3.4935555287196835e-09,-4.211193313047879e-07,4.375030258951024e-09,4.211420568980952e-07
17.69000267982483,-10.028815643409924,-1.4190572780857212e-17,0.0,0.0,0.0,-10.028815271074286,-3.4491672727587127e-09,-4.347082894629667e-07,4.497570555919587e-09,4.3473155517942784e-07
17.699997901916504,-10.028815643409924,-1.4190572780857212e-17,0.0,0.0,0.0,-10.0288152754837,-3.403761889765513e-09,-4.4740393923111695e-07,4.580090316354245e-09,4.4742738189210876e-07
17.709999799728394,-10.028815643409924,-1.4190572780857212e-17,0.0,0.0,0.0,-10.028815280019737,-3.3576981497006677e-09,-4.5923636843607986e-07,4.623096643587359e-09,4.5925963802291056e-07
17.72000503540039,-10.028815643409924,-1.4190572780857212e-17,0.0,0.0,0.0,-10.02881528467012,-3.3113280443739647e-09,-4.7020960488269147e-07,4.643773431671141e-09,4.7023253519468595e-07
17.730001211166382,-10.028815643409924,-1.4190572780857212e-17,0.0,0.0,0.0,-10.028815289420269,-3.2648526264509827e-09,-4.803382403434308e-07,4.65762774068517e-09,4.803608212920724e-07
17.740015745162964,-10.028815643409924,-1.4190572780857212e-17,0.0,0.0,0.0,-10.028815294274809,-3.2181551524803194e-09,-4.896844139863604e-07,4.676192790239738e-09,4.897067408972197e-07
17.749971389770508,-10.028815643409924,-1.4190572780857212e-17,0.0,0.0,0.0,-10.02881529919782,-3.1714119380108604e-09,-4.982310342212652e-07,4.707792460250842e-09,4.982532757253487e-07
17.76000475883484,-10.028815643409924,-1.4190572780857212e-17,0.0,0.0,0.0,-10.028815304236254,-3.123943777990811e-09,-5.060928118356558e-07,4.758740310979775e-09,5.061151843217784e-07
17.769996166229248,-10.028815643409924,-1.4190572780857212e-17,0.0,0.0,0.0,-10.028815309328825,-3.0760766080659036e-09,-5.132018452816636e-07,4.824391968631436e-09,5.132245208077763e-07
17.779972553253174,-10.028815643409924,-1.4190572780857212e-17,0.0,0.0,0.0,-10.028815314480898,-3.027615455255844e-09,-5.19595767807987e-07,4.890314476093104e-09,5.196187805494011e-07
17.79000687599182,-10.028815643409924,-1.4190572780857212e-17,0.0,0.0,0.0,-10.028815319725426,-2.978243005751511e-09,-5.253282154958439e-07,4.945017340264558e-09,5.253514891884702e-07
17.800044059753418,-10.028815643409924,-1.4190572780857212e-17,0.0,0.0,0.0,-10.028815325021142,-2.9284453917910976e-09,-5.30368256689528e-07,4.979143568001459e-09,5.303916284921547e-07
17.81000328063965,-10.028815643409924,-1.4190572780857212e-17,0.0,0.0,0.0,-10.028815330325626,-2.878792319378632e-09,-5.34712933104686e-07,4.987397898219555e-09,5.347361919369322e-07
17.819999933242798,-10.028815643409924,-1.4190572780857212e-17,0.0,0.0,0.0,-10.028815335689945,-2.8289704639008394e-09,-5.384399979502763e-07,4.979724931170093e-09,5.384630247780099e-07
17.830008029937744,-10.028815643409924,-1.4190572780857212e-17,0.0,0.0,0.0,-10.028815341094985,-2.7791595889363117e-09,-5.415624055196912e-07,4.97628381803981e-09,5.415852679614837e-07
17.840003728866577,-10.028815643409924,-1.4190572780857212e-17,0.0,0.0,0.0,-10.028815346521583,-2.729359555723704e-09,-5.440933205101881e-07,4.991143410455773e-09,5.441162127122716e-07
17.84997010231018,-10.028815643409924,-1.4190572780857212e-17,0.0,0.0,0.0,-10.028815351954437,-2.6794795271797965e-09,-5.460517882894626e-07,5.019472247852907e-09,5.460748580513179e-07
17.85997223854065,-10.028815643409924,-1.4190572780857212e-17,0.0,0.0,0.0,-10.028815357423564,-2.6291329306982492e-09,-5.474770461352052e-07,5.046643655686248e-09,5.475003056228528e-07
17.869997024536133,-10.028815643409924,-1.4190572780857212e-17,0.0,0.0,0.0,-10.028815362918518,-2.5784396778735063e-09,-5.4839324890492e-07,5.061054078674288e-09,5.484166023315494e-07
17.880003690719604,-10.028815643409924,-1.4190572780857212e-17,0.0,0.0,0.0,-10.028815368406944,-2.5278251854451616e-09,-5.488198807997826e-07,5.054094023425109e-09,5.488431519364027e-07
17.8899986743927,-10.028815643409924,-1.4190572780857212e-17,0.0,0.0,0.0,-10.028815373893112,-2.4774499697627634e-09,-5.487774291682887e-07,5.020580417314898e-09,5.488003944899119e-07
17.899996280670166,-10.028815643409924,-1.4190572780857212e-17,0.0,0.0,0.0,-10.028815379379832,-2.4274901666716093e-09,-5.482790170851504e-07,4.9674694896673005e-09,5.483015195391943e-07
17.90999484062195,-10.028815643409924,-1.4190572780857212e-17,0.0,0.0,0.0,-10.028815384857214,-2.3781174180558234e-09,-5.473393022096663e-07,4.90914828564042e-09,5.473613171208346e-07
17.919994592666626,-10.028815643409924,-1.4190572780857212e-17,0.0,0.0,0.0,-10.028815390324304,-2.3292957007390235e-09,-5.459812706677915e-07,4.856661698178405e-09,5.460028709474583e-07
17.929996252059937,-10.028815643409924,-1.4190572780857212e-17,0.0,0.0,0.0,-10.028815395776473,-2.2809288682202974e-09,-5.442321353376259e-07,4.8182286885420065e-09,5.442534634357847e-07
17.9399995803833,-10.028815643409924,-1.4190572780857212e-17,0.0,0.0,0.0,-10.028815401210139,-2.2328426556998e-09,-5.421131830921111e-07,4.799782217804702e-09,5.421344309224411e-07
17.949963808059692,-10.028815643409924,-1.4190572780857212e-17,0.0,0.0,0.0,-10.028815406600161,-2.1850243920769884e-09,-5.396509345508903e-07,4.79972860595567e-09,5.396722788473946e-07
17.960015535354614,-10.028815643409924,-1.4190572780857212e-17,0.0,0.0,0.0,-10.028815412010697,-2.136754903846782e-09,-5.368230667658027e-07,4.8038740542438145e-09,5.368445605738876e-07
17.969996452331543,-10.028815643409924,-1.4190572780857212e-17,0.0,0.0,0.0,-10.028815417352204,-2.0888290303225427e-09,-5.336834559134526e-07,4.799258898358336e-09,5.33705034641514e-07
17.980002641677856,-10.028815643409924,-1.4190572780857212e-17,0.0,0.0,0.0,-10.02881542267355,-2.040918179522733e-09,-5.302122867532419e-07,4.776322496106908e-09,5.302337996400161e-07
17.989999055862427,-10.028815643409924,-1.4190572780857212e-17,0.0,0.0,0.0,-10.028815427957463,-1.9933690498581636e-09,-5.264358462566058e-07,4.728077575904365e-09,5.264570779669246e-07
17.99999690055847,-10.028815643409924,-1.4190572780857212e-17,0.0,0.0,0.0,-10.028815433198975,-1.9464633513181083e-09,-5.223825786548328e-07,4.655147092559727e-09,5.224033201239498e-07
18.010000228881836,-10.028815643409924,-1.4190572780857212e-17,0.0,0.0,0.0,-10.028815438405159,-1.9002792613578567e-09,-5.180659491479998e-07,4.575690623342996e-09,5.18086155587368e-07
18.019996404647827,-10.028815643409924,-1.4190572780857212e-17,0.0,0.0,0.0,-10.028815443560996,-1.854894850095557e-09,-5.135122248279106e-07,4.508450133204094e-09,5.13532015720845e-07
18.029996871948242,-10.028815643409924,-1.4190572780857212e-17,0.0,0.0,0.0,-10.028815448672871,-1.8100391210675489e-09,-5.087255793893948e-07,4.467069583128471e-09,5.087451914620284e-07
18.03999948501587,-10.028815643409924,-1.4190572780857212e-17,0.0,0.0,0.0,-10.028815453736305,-1.7654199892015468e-09,-5.037165489813847e-07,4.461356228068113e-09,5.037363054387776e-07
18.04999566078186,-10.028815643409924,-1.4190572780857212e-17,0.0,0.0,0.0,-10.028815458745813,-1.720702044079693e-09,-4.984955135804486e-07,4.490022137236208e-09,4.985157343140014e-07
18.05999779701233,-10.028815643409924,-1.4190572780857212e-17,0.0,0.0,0.0,-10.028815463704992,-1.6755511946884297e-09,-4.930720930366154e-07,4.540685247825146e-09,4.930930001064998e-07
18.069995164871216,-10.028815643409924,-1.4190572780857212e-17,0.0,0.0,0.0,-10.028815468606481,-1.629852340614694e-09,-4.87479752808278e-07,4.602950016941856e-09,4.875014836355663e-07
18.08000111579895,-10.028815643409924,-1.4190572780857212e-17,0.0,0.0,0.0,-10.028815473455667,-1.5834631845530448e-09,-4.817325792997003e-07,4.669244207415539e-09,4.817552073410422e-07
18.08999991416931,-10.028815643409924,-1.4190572780857212e-17,0.0,0.0,0.0,-10.028815478243118,-1.536450545062669e-09,-4.758565460915074e-07,4.733781722616688e-09,4.758800911443305e-07
18.100000619888306,-10.028815643409924,-1.4190572780857212e-17,0.0,0.0,0.0,-10.028815482971838,-1.4888127039227686e-09,-4.698587861239127e-07,4.792415795609024e-09,4.698832260753673e-07
18.10999608039856,-10.028815643409924,-1.4190572780857212e-17,0.0,0.0,0.0,-10.028815487638179,-1.4406506674126228e-09,-4.6375157315887754e-07,4.842005660698391e-09,4.6377685003259054e-07
18.120002269744873,-10.028815643409924,-1.4190572780857212e-17,0.0,0.0,0.0,-10.028815492247542,-1.3919987112439491e-09,-4.5753291153366656e-07,4.880300855903738e-09,4.5755893879687027e-07
18.12999701499939,-10.028815643409924,-1.4190572780857212e-17,0.0,0.0,0.0,-10.028815496788836,-1.3430858654073054e-09,-4.512214386579463e-07,4.90551598690645e-09,4.512481033662575e-07
18.140000820159912,-10.028815643409924,-1.4190572780857212e-17,0.0,0.0,0.0,-10.028815501270863,-1.2939439026051487e-09,-4.448072324237312e-07,4.916438418240898e-09,4.448344022028642e-07
18.149996757507324,-10.028815643409924,-1.4190572780857212e-17,0.0,0.0,0.0,-10.028815505684685,-1.2448083842459007e-09,-4.38304453588457e-07,4.912111472913626e-09,4.383319779283713e-07
18.160002946853638,-10.028815643409924,-1.4190572780857212e-17,0.0,0.0,0.0,-10.028815510029611,-1.1958341896270038e-09,-4.3171522106090175e-07,4.891878674607704e-09,4.3174293575301306e-07
18.170001983642578,-10.028815643409924,-1.4190572780857212e-17,0.0,0.0,0.0,-10.028815514320762,-1.1470009231414591e-09,-4.250160063773324e-07,4.855087903460927e-09,4.250437360501705e-07
18.17999815940857,-10.028815643409924,-1.4190572780857212e-17,0.0,0.0,0.0,-10.02881551853546,-1.0987227819323676e-09,-4.182418186619955e-07,4.801535991913425e-09,4.182693792588398e-07
18.189998388290405,-10.028815643409924,-1.4190572780857212e-17,0.0,0.0,0.0,-10.028815522683862,-1.0510437928639678e-09,-4.1137615977845844e-07,4.7308378544235716e-09,4.1140336126589514e-07
18.200002670288086,-10.028815643409924,-1.4190572780857212e-17,0.0,0.0,0.0,-10.028815526764374,-1.0041445555436518e-09,-4.044235218139832e-07,4.642776118841025e-09,4.0445017043699587e-07
18.20997381210327,-10.028815643409924,-1.4190572780857212e-17,0.0,0.0,0.0,-10.028815530762346,-9.583577301914113e-10,-3.9742426468543196e-07,4.537587018340088e-09,3.9745016776535057e-07
18.220004081726074,-10.028815643409924,-1.4190572780857212e-17,0.0,0.0,0.0,-10.028815534713058,-9.13449422592037e-10,-3.9033170919652936e-07,4.414108024922196e-09,3.9035666710578885e-07
18.230006217956543,-10.028815643409924,-1.4190572780857212e-17,0.0,0.0,0.0,-10.028815538581654,-8.699887299737109e-10,-3.832197819880208e-07,4.273263741859045e-09,3.8324360671765114e-07
18.240013599395752,-10.028815643409924,-1.4190572780857212e-17,0.0,0.0,0.0,-10.028815542380944,-8.28003676452733e-10,-3.760742332167938e-07,4.114703387558672e-09,3.7609674243945136e-07
18.25000262260437,-10.028815643409924,-1.4190572780857212e-17,0.0,0.0,0.0,-10.028815546101729,-7.877529026190792e-10,-3.6891923054939707e-07,3.9432776961244505e-09,3.6894030426093047e-07
18.260005235671997,-10.028815643409924,-1.4190572780857212e-17,0.0,0.0,0.0,-10.02881554975603,-7.491781083598714e-10,-3.61736466113428e-07,3.770260590956233e-09,3.617561136748831e-07
18.269996643066406,-10.028815643409924,-1.4190572780857212e-17,0.0,0.0,0.0,-10.028815553334516,-7.123370451921226e-10,-3.545477980250307e-07,3.606143175340616e-09,3.5456613678268686e-07
18.279999256134033,-10.028815643409924,-1.4190572780857212e-17,0.0,0.0,0.0,-10.028815556844885,-6.770230160968676e-10,-3.4734029210941123e-07,3.45803227428007e-09,3.473575053311229e-07
18.289997816085815,-10.028815643409924,-1.4190572780857212e-17,0.0,0.0,0.0,-10.02881556028135,-6.431030345421151e-10,-3.401276340049382e-07,3.3317029441025832e-09,3.401439513769206e-07
18.300004959106445,-10.028815643409924,-1.4190572780857212e-17,0.0,0.0,0.0,-10.028815563647505,-6.103021216427626e-10,-3.329036146739845e-07,3.2311222631837037e-09,3.3291929474586537e-07
18.310001134872437,-10.028815643409924,-1.4190572780857212e-17,0.0,0.0,0.0,-10.028815566940859,-5.783712463607494e-10,-3.256745514423311e-07,3.1588578069575763e-09,3.2568987064354356e-07
18.319998025894165,-10.028815643409924,-1.4190572780857212e-17,0.0,0.0,0.0,-10.02881557016031,-5.470536817173982e-10,-3.184449109142472e-07,3.109832726284159e-09,3.184600953758073e-07
18.33000135421753,-10.028815643409924,-1.4190572780857212e-17,0.0,0.0,0.0,-10.028815573309778,-5.161315145737653e-10,-3.1121560669837633e-07,3.0737057851463285e-09,3.1123078498100423e-07
18.339998483657837,-10.028815643409924,-1.4190572780857212e-17,0.0,0.0,0.0,-10.028815576384575,-4.855646833225091e-10,-3.0400974117704735e-07,3.0425356828676833e-09,3.040249656753814e-07
18.34999656677246,-10.028815643409924,-1.4190572780857212e-17,0.0,0.0,0.0,-10.028815579388361,-4.5530117170078323e-10,-2.968284157525863e-07,3.0103627696770613e-09,2.968436805495365e-07
18.36000633239746,-10.028815643409924,-1.4190572780857212e-17,0.0,0.0,0.0,-10.028815582323938,-4.2534779060449564e-10,-2.896720003206201e-07,2.9727576153009794e-09,2.896872538749136e-07
18.36999750137329,-10.028815643409924,-1.4190572780857212e-17,0.0,0.0,0.0,-10.028815585182207,-3.9587260891344687e-10,-2.825687754603977e-07,2.9266057518873933e-09,2.825839306939013e-07
18.380001068115234,-10.028815643409924,-1.4190572780857212e-17,0.0,0.0,0.0,-10.028815587973527,-3.668721439061532e-10,-2.754977464266833e-07,2.869342116465064e-09,2.7551268829286685e-07
18.390004873275757,-10.028815643409924,-1.4190572780857212e-17,0.0,0.0,0.0,-10.028815590693227,-3.38519031194641e-10,-2.684744151215813e-07,2.799272024897691e-09,2.6848900815255836e-07
18.3999981880188,-10.028815643409924,-1.4190572780857212e-17,0.0,0.0,0.0,-10.028815593341546,-3.109507209802111e-10,-2.615015733609872e-07,2.7151014119736423e-09,2.615156680697145e-07
18.409995794296265,-10.028815643409924,-1.4190572780857212e-17,0.0,0.0,0.0,-10.028815595922426,-2.8427797792715334e-10,-2.5457315830591834e-07,2.615731678068242e-09,2.5458659623409443e-07
18.419999361038208,-10.028815643409924,-1.4190572780857212e-17,0.0,0.0,0.0,-10.028815598434548,-2.586750846033978e-10,-2.477007565663154e-07,2.500615236296903e-09,2.477133784842576e-07
18.429997205734253,-10.028815643409924,-1.4190572780857212e-17,0.0,0.0,0.0,-10.02881560087696,-2.343030755081494e-10,-2.408948197312943e-07,2.373772916062762e-09,2.4090651500370393e-07
18.43999934196472,-10.028815643409924,-1.4190572780857212e-17,0.0,0.0,0.0,-10.028815603252726,-2.1120001723700822e-10,-2.3415312798911775e-07,2.2465536924030887e-09,2.3416390488412386e-07
18.450007915496826,-10.028815643409924,-1.4190572780857212e-17,0.0,0.0,0.0,-10.028815605562341,-1.893203265932095e-10,-2.2747945878738768e-07,2.128784143305023e-09,2.2748941929709963e-07
18.460001945495605,-10.028815643409924,-1.4190572780857212e-17,0.0,0.0,0.0,-10.028815607803226,-1.685615776703334e-10,-2.2088600175091317e-07,2.0278870668459236e-09,2.2089531026135501e-07
18.47001600265503,-10.028815643409924,-1.4190572780857212e-17,0.0,0.0,0.0,-10.028815609982288,-1.486709969837639e-10,-2.1435790328912264e-07,1.9489994917992884e-09,2.1436676351880645e-07
18.479968309402466,-10.028815643409924,-1.4190572780857212e-17,0.0,0.0,0.0,-10.028815612082752,-1.295671887363538e-10,-2.0795579048806564e-07,1.8961922108199663e-09,2.079644352826142e-07
18.490042209625244,-10.028815643409924,-1.4190572780857212e-17,0.0,0.0,0.0,-10.02881561414624,-1.1062736061628004e-10,-2.015604597213088e-07,1.865287066111151e-09,2.015690904352757e-07
18.500001192092896,-10.028815643409924,-1.4190572780857212e-17,0.0,0.0,0.0,-10.028815616122534,-9.214768481967794e-11,-1.9533525385371383e-07,1.8472120041088084e-09,1.9534398785292304e-07
18.510015964508057,-10.028815643409924,-1.4190572780857212e-17,0.0,0.0,0.0,-10.028815618047952,-7.371604118877546e-11,-1.891729417428515e-07,1.8336557841218287e-09,1.8918182835880124e-07
18.519999265670776,-10.028815643409924,-1.4190572780857212e-17,0.0,0.0,0.0,-10.028815619906261,-5.5480921963349974e-11,-1.8313100140624214e-07,1.8189240894837681e-09,1.831400342931506e-07
18.529999256134033,-10.028815643409924,-1.4190572780857212e-17,0.0,0.0,0.0,-10.028815621707768,-3.738675996359893e-11,-1.7718125812810485e-07,1.7986187612052605e-09,1.771903870454215e-07
18.540007829666138,-10.028815643409924,-1.4190572780857212e-17,0.0,0.0,0.0,-10.028815623451782,-1.9521838183654642e-11,-1.7133048636292935e-07,1.7695228236581732e-09,1.713396240464574e-07
18.549996614456177,-10.028815643409924,-1.4190572780857212e-17,0.0,0.0,0.0,-10.028815625134316,-2.03828125238617e-12,-1.6559678041776916e-07,1.7293696495953477e-09,1.6560581029696936e-07
18.55999755859375,-10.028815643409924,-1.4190572780857212e-17,0.0,0.0,0.0,-10.028815626762256,1.5003770957570768e-11,-1.5996109922726635e-07,1.6762674985422773e-09,1.599698819738329e-07
18.570000886917114,-10.028815643409924,-1.4190572780857212e-17,0.0,0.0,0.0,-10.028815628334446,3.1445456092613764e-11,-1.5443152814582066e-07,1.608955585387334e-09,1.5443990942605849e-07
18.580005645751953,-10.028815643409924,-1.4190572780857212e-17,0.0,0.0,0.0,-10.02881562985243,4.714451205126731e-11,-1.4900672935128143e-07,1.5264338085981752e-09,1.4901454758559e-07
18.590001821517944,-10.028815643409924,-1.4190572780857212e-17,0.0,0.0,0.0,-10.028815631315348,6.192573894730809e-11,-1.4369400962007444e-07,1.4281095931244913e-09,1.4370110611162328e-07
18.599997520446777,-10.028815643409924,-1.4190572780857212e-17,0.0,0.0,0.0,-10.028815632725555,7.564110747761911e-11,-1.384890859758727e-07,1.3133950537030106e-09,1.3849531378714499e-07
18.610008716583252,-10.028815643409924,-1.4190572780857212e-17,0.0,0.0,0.0,-10.028815634085792,8.8139521809194e-11,-1.3338580745517808e-07,1.1817247785218757e-09,1.333910420677566e-07
18.620001077651978,-10.028815643409924,-1.4190572780857212e-17,0.0,0.0,0.0,-10.028815635393933,9.922244668346538e-11,-1.283963444212013e-07,1.0331275732106518e-09,1.2840050082967076e-07
18.630003690719604,-10.028815643409924,-1.4190572780857212e-17,0.0,0.0,0.0,-10.028815636653869,1.0874153828793577e-10,-1.2351013384776926e-07,8.670738029768341e-10,1.2351317735397177e-07
18.640010118484497,-10.028815643409924,-1.4190572780857212e-17,0.0,0.0,0.0,-10.02881563786511,1.1651017767522447e-10,-1.1873317479080672e-07,6.835894091917486e-10,1.1873514260902128e-07
18.650002479553223,-10.028815643409924,-1.4190572780857212e-17,0.0,0.0,0.0,-10.02881563902871,1.2235428542306438e-10,-1.1406572419769372e-07,4.825851740500362e-10,1.140667450451469e-07
18.659996509552002,-10.028815643409924,-1.4190572780857212e-17,0.0,0.0,0.0,-10.028815640145663,1.260994987894419e-10,-1.0950827816407477e-07,2.6402171434171217e-10,1.0950859643848067e-07
18.670000553131104,-10.028815643409924,-1.4190572780857212e-17,0.0,0.0,0.0,-10.028815641218769,1.2757216426679383e-10,-1.0505373302544646e-07,2.7465426590848694e-11,1.0505373661575031e-07
18.680014610290527,-10.028815643409924,-1.4190572780857212e-17,0.0,0.0,0.0,-10.028815642248764,1.2658698900859217e-10,-1.0070334507503847e-07,-2.2713643307575135e-10,1.0070360122786823e-07
18.69000267982483,-10.028815643409924,-1.4190572780857212e-17,0.0,0.0,0.0,-10.028815643233525,1.2297554033824864e-10,-9.64708043226335e-08,-4.9895729762715e-10,9.647209464420629e-08
18.70000147819519,-10.028815643409924,-1.4190572780857212e-17,0.0,0.0,0.0,-10.028815644177262,1.1655323188818426e-10,-9.234280892554092e-08,-7.888329722283356e-10,9.234617814353247e-08
18.70997190475464,-10.028815643409924,-1.4190572780857212e-17,0.0,0.0,0.0,-10.028815645077502,1.0717960703046798e-10,-8.833517933188408e-08,-1.0955680090359408e-09,8.834197290562705e-08
18.71996831893921,-10.028815643409924,-1.4190572780857212e-17,0.0,0.0,0.0,-10.02881564594108,9.461259197173848e-11,-8.442222059034822e-08,-1.4211731670449322e-09,8.443418183754813e-08
18.729970693588257,-10.028815643409924,-1.4190572780857212e-17,0.0,0.0,0.0,-10.028815646766775,7.868454741959128e-11,-8.06139322243045e-08,-1.7649853766339928e-09,8.063325146640492e-08
18.739970684051514,-10.028815643409924,-1.4190572780857212e-17,0.0,0.0,0.0,-10.028815647554131,5.924808649610542e-11,-7.691740483952662e-08,-2.126338759407431e-09,7.694678995102649e-08
18.749966144561768,-10.028815643409924,-1.4190572780857212e-17,0.0,0.0,0.0,-10.028815648305219,3.611004361491473e-11,-7.33259813252095e-08,-2.5034819964348664e-09,7.336870558631552e-08
18.75996446609497,-10.028815643409924,-1.4190572780857212e-17,0.0,0.0,0.0,-10.028815649020759,9.170127091351402e-12,-6.983326073603537e-08,-2.8856850362970805e-09,6.98928571683531e-08
18.77000141143799,-10.028815643409924,-1.4190572780857212e-17,0.0,0.0,0.0,-10.028815649704121,-2.1683927543073736e-11,-6.641976901330577e-08,-3.263261881839841e-09,6.64998841644883e-08
18.779970169067383,-10.028815643409924,-1.4190572780857212e-17,0.0,0.0,0.0,-10.02881565035006,-5.604490781503565e-11,-6.312397923622063e-08,-3.624571903363735e-09,6.322795486252475e-08
18.78996706008911,-10.028815643409924,-1.4190572780857212e-17,0.0,0.0,0.0,-10.028815650964802,-9.399256096769949e-11,-5.992481809245161e-08,-3.966463797384606e-09,6.005594607088776e-08
18.799961805343628,-10.028815643409924,-1.4190572780857212e-17,0.0,0.0,0.0,-10.028815651548333,-1.3525721803745835e-10,-5.682277368651591e-08,-4.283866840839601e-09,5.698402516968286e-08
18.8099684715271,-10.028815643409924,-1.4190572780857212e-17,0.0,0.0,0.0,-10.028815652101846,-1.7960268560814037e-10,-5.381172034588335e-08,-4.573550860566405e-09,5.400572760418791e-08
18.819966077804565,-10.028815643409924,-1.4190572780857212e-17,0.0,0.0,0.0,-10.028815652625056,-2.2663653257626018e-10,-5.089468430653466e-08,-4.832431621934258e-09,5.112358835256476e-08
18.829996585845947,-10.028815643409924,-1.4190572780857212e-17,0.0,0.0,0.0,-10.028815653121331,-2.762881539751938e-10,-4.805495824456118e-08,-5.059817287587722e-09,4.8320603916655365e-08
18.840002298355103,-10.028815643409924,-1.4190572780857212e-17,0.0,0.0,0.0,-10.028815653588083,-3.2787911631612774e-10,-4.5310411097175645e-08,-5.252773227289881e-09,4.561386828994436e-08
18.84996247291565,-10.028815643409924,-1.4190572780857212e-17,0.0,0.0,0.0,-10.028815654026353,-3.8103957214669867e-10,-4.2659236550144876e-08,-5.4106093292575156e-09,4.300099017877455e-08
18.859997272491455,-10.028815643409924,-1.4190572780857212e-17,0.0,0.0,0.0,-10.028815654441427,-4.359910698814164e-10,-4.0072947261182296e-08,-5.534004678382647e-09,4.0453260807725485e-08
18.870003700256348,-10.028815643409924,-1.4190572780857212e-17,0.0,0.0,0.0,-10.028815654829831,-4.918287539810041e-10,-3.757718220982405e-08,-5.6210018063808416e-09,3.799526660174466e-08
18.879966735839844,-10.028815643409924,-1.4190572780857212e-17,0.0,0.0,0.0,-10.0288156551922,-5.481149112569887e-10,-3.517343921829158e-08,-5.671489248915405e-09,3.562775065512016e-08
18.889968872070312,-10.028815643409924,-1.4190572780857212e-17,0.0,0.0,0.0,-10.028815655532158,-6.049209627224707e-10,-3.284268672532953e-08,-5.685557927192986e-09,3.3331181201415644e-08
18.899965286254883,-10.028815643409924,-1.4190572780857212e-17,0.0,0.0,0.0,-10.02881565584925,-6.616936669169757e-10,-3.0592808547845505e-08,-5.663928697575926e-09,3.111269874402336e-08
18.910001754760742,-10.028815643409924,-1.4190572780857212e-17,0.0,0.0,0.0,-10.02881565614528,-7.183094974269197e-10,-2.8416167956755625e-08,-5.615097921399092e-09,2.896563353378354e-08
18.919998168945312,-10.028815643409924,-1.4190572780857212e-17,0.0,0.0,0.0,-10.028815656418736,-7.740886390232781e-10,-2.63297790584309e-08,-5.545597491184898e-09,2.690745095322154e-08
18.930001497268677,-10.028815643409924,-1.4190572780857212e-17,0.0,0.0,0.0,-10.028815656672089,-8.291322143255651e-10,-2.432115261904837e-08,-5.451694061729838e-09,2.4924675180666723e-08
18.940004110336304,-10.028815643409924,-1.4190572780857212e-17,0.0,0.0,0.0,-10.028815656905607,-8.830652071837284e-10,-2.2394398185116704e-08,-5.330130192621805e-09,2.3019977366275945e-08
18.94996476173401,-10.028815643409924,-1.4190572780857212e-17,0.0,0.0,0.0,-10.028815657119475,-9.354372584347754e-10,-2.0554939386996603e-08,-5.178964952594402e-09,2.1197339719486157e-08
18.959967851638794,-10.028815643409924,-1.4190572780857212e-17,0.0,0.0,0.0,-10.028815657316162,-9.86344566813049e-10,-1.8788446336341182e-08,-4.995165117591452e-09,1.944112626072818e-08
18.970008373260498,-10.028815643409924,-1.4190572780857212e-17,0.0,0.0,0.0,-10.028815657496294,-1.0354596661099332e-09,-1.709542611477717e-08,-4.780516428208932e-09,1.775125154365688e-08
18.97999930381775,-10.028815643409924,-1.4190572780857212e-17,0.0,0.0,0.0,-10.028815657659015,-1.0820700483126524e-09,-1.5491308384361322e-08,-4.547727001452241e-09,1.614504432756755e-08
18.990001916885376,-10.028815643409924,-1.4190572780857212e-17,0.0,0.0,0.0,-10.028815657806158,-1.1263268211197237e-09,-1.3955136648057733e-08,-4.305162982597417e-09,1.4604118157995405e-08
18.999997854232788,-10.028815643409924,-1.4190572780857212e-17,0.0,0.0,0.0,-10.02881565793824,-1.1681603191270596e-09,-1.2463347420712988e-08,-4.059991116233273e-09,1.3107957765925485e-08
19.010002374649048,-10.028815643409924,-1.4190572780857212e-17,0.0,0.0,0.0,-10.028815658055537,-1.207549031694843e-09,-1.0997154508569213e-08,-3.817640155726164e-09,1.164095286666676e-08
19.019967555999756,-10.028815643409924,-1.4190572780857212e-17,0.0,0.0,0.0,-10.0288156581579,-1.2444150989120063e-09,-9.547211401164808e-09,-3.5828538522304887e-09,1.0197356876415287e-08
19.029995918273926,-10.028815643409924,-1.4190572780857212e-17,0.0,0.0,0.0,-10.028815658246339,-1.2792059995262122e-09,-8.087866286926374e-09,-3.3561770225036444e-09,8.756569264362707e-09
19.039971113204956,-10.028815643409924,-1.4190572780857212e-17,0.0,0.0,0.0,-10.028815658319733,-1.3115962826190046e-09,-6.629395268858427e-09,-3.1425750865525957e-09,7.336529138862842e-09
19.049968481063843,-10.028815643409924,-1.4190572780857212e-17,0.0,0.0,0.0,-10.028815658378667,-1.3420099478326065e-09,-5.152823531574733e-09,-2.941679108492499e-09,5.933385738757554e-09
19.05996870994568,-10.028815643409924,-1.4190572780857212e-17,0.0,0.0,0.0,-10.028815658422742,-1.3704845510289906e-09,-3.6596889228836926e-09,-2.7536896619676534e-09,4.579970498453579e-09
19.0699622631073,-10.028815643409924,-1.4190572780857212e-17,0.0,0.0,0.0,-10.028815658451816,-1.3970880918693303e-09,-2.1575539323871595e-09,-2.5697881102351858e-09,3.3554209724959136e-09
19.07999873161316,-10.028815643409924,-1.4190572780857212e-17,0.0,0.0,0.0,-10.028815658465918,-1.4219389923846213e-09,-6.582041597760153e-10,-2.3832873944879285e-09,2.472507132582535e-09
19.09004259109497,-10.028815643409924,-1.4190572780857212e-17,0.0,0.0,0.0,-10.028815658465094,-1.4449768639513495e-09,8.143578297902536e-10,-2.20741032709572e-09,2.352836379162292e-09
19.100232362747192,-10.028815643409924,-1.4190572780857212e-17,0.0,0.0,0.0,-10.028815658449322,-1.4665968955071498e-09,2.266177176747719e-09,-2.036229237419886e-09,3.046602780760208e-09
19.110008716583252,-10.028815643409924,-1.4190572780857212e-17,0.0,0.0,0.0,-10.028815658420601,-1.4856924238063252e-09,3.6089390308006113e-09,-1.8678245867659565e-09,4.063644868214184e-09
19.1199631690979,-10.028815643409924,-1.4190572780857212e-17,0.0,0.0,0.0,-10.028815658378116,-1.5033826381503282e-09,4.918189110168747e-09,-1.6836727974627718e-09,5.1983976581537665e-09
19.130001068115234,-10.028815643409924,-1.4190572780857212e-17,0.0,0.0,0.0,-10.028815658322403,-1.5192680441808415e-09,6.173508214783986e-09,-1.4786787725179078e-09,6.348125281553635e-09
19.14000177383423,-10.028815643409924,-1.4190572780857212e-17,0.0,0.0,0.0,-10.028815658254722,-1.5329329850607944e-09,7.352059958194058e-09,-1.2504383175841008e-09,7.457639144860991e-09
19.14999794960022,-10.028815643409924,-1.4190572780857212e-17,0.0,0.0,0.0,-10.028815658175663,-1.5441799332536002e-09,8.45033530117051e-09,-9.9474472709248e-10,8.508682846027744e-09
19.160000801086426,-10.028815643409924,-1.4190572780857212e-17,0.0,0.0,0.0,-10.028815658085888,-1.5527278588038047e-09,9.484931584459956e-09,-7.08736151532773e-10,9.511373933053813e-09
19.169996738433838,-10.028815643409924,-1.4190572780857212e-17,0.0,0.0,0.0,-10.0288156579861,-1.5582608385015085e-09,1.0471545441638232e-08,-3.9437707040563884e-10,1.0478969281850014e-08
19.17999792098999,-10.028815643409924,-1.4190572780857212e-17,0.0,0.0,0.0,-10.028815657876596,-1.5605795355584756e-09,1.1422114851547627e-08,-6.961863894415906e-11,1.1422327014966491e-08
19.190001249313354,-10.028815643409924,-1.4190572780857212e-17,0.0,0.0,0.0,-10.028815657757736,-1.5596905437096945e-09,1.2335576226665093e-08,2.4396848621541154e-10,1.2337988550251263e-08
19.199998378753662,-10.028815643409924,-1.4190572780857212e-17,0.0,0.0,0.0,-10.028815657630016,-1.5557933404590152e-09,1.3207261835034786e-08,5.300311637270098e-10,1.3217893107968767e-08
19.209968090057373,-10.028815643409924,-1.4190572780857212e-17,0.0,0.0,0.0,-10.028815657494215,-1.549247438622232e-09,1.403245626214076e-08,7.762000634073401e-10,1.4053907473984842e-08
19.219966888427734,-10.028815643409924,-1.4190572780857212e-17,0.0,0.0,0.0,-10.028815657349947,-1.5404478143113602e-09,1.4813952984107137e-08,9.750980454360422e-10,1.484601021195762e-08
19.229965925216675,-10.028815643409924,-1.4190572780857212e-17,0.0,0.0,0.0,-10.02881565719809,-1.5299268695485379e-09,1.5547516433994704e-08,1.1196081367062272e-09,1.558777693082353e-08
19.239967346191406,-10.028815643409924,-1.4190572780857212e-17,0.0,0.0,0.0,-10.028815657039148,-1.5182298954839828e-09,1.6231910105285703e-08,1.2122299739013654e-09,1.6277112986512718e-08
19.249961614608765,-10.028815643409924,-1.4190572780857212e-17,0.0,0.0,0.0,-10.028815656873716,-1.5058148100161715e-09,1.6865872916016478e-08,1.267240938859587e-09,1.6913413872318618e-08
19.259966611862183,-10.028815643409924,-1.4190572780857212e-17,0.0,0.0,0.0,-10.02881565670199,-1.492969295076216e-09,1.7449880289639127e-08,1.2969924818819029e-09,1.749801450510298e-08
19.269962310791016,-10.028815643409924,-1.4190572780857212e-17,0.0,0.0,0.0,-10.028815656524868,-1.4799270018842893e-09,1.7982157039575373e-08,1.3105113053120472e-09,1.8029847799615528e-08
19.279998064041138,-10.028815643409924,-1.4190572780857212e-17,0.0,0.0,0.0,-10.02881565634194,-1.4667496427709185e-09,1.8464722713883935e-08,1.314567843179587e-09,1.8511457898149003e-08
19.28996729850769,-10.028815643409924,-1.4190572780857212e-17,0.0,0.0,0.0,-10.028815656155713,-1.4536461854727328e-09,1.8892467584961732e-08,1.3141421401746207e-09,1.8938117673449296e-08
19.299997806549072,-10.028815643409924,-1.4190572780857212e-17,0.0,0.0,0.0,-10.028815655964237,-1.440469262093139e-09,1.9270889428896352e-08,1.3129385049394753e-09,1.931556333370844e-08
19.30999779701233,-10.028815643409924,-1.4190572780857212e-17,0.0,0.0,0.0,-10.028815655769847,-1.4273386730064647e-09,1.9600508801816902e-08,1.3137083174494256e-09,1.964448459067933e-08
19.319999933242798,-10.028815643409924,-1.4190572780857212e-17,0.0,0.0,0.0,-10.028815655572307,-1.4141789493986234e-09,1.989441840414256e-08,1.3184767298166468e-09,1.993806070123557e-08
19.329999446868896,-10.028815643409924,-1.4190572780857212e-17,0.0,0.0,0.0,-10.02881565537202,-1.400949098353833e-09,2.0162454766944412e-08,1.3287427648977228e-09,2.020619062476516e-08
19.34000253677368,-10.028815643409924,-1.4190572780857212e-17,0.0,0.0,0.0,-10.028815655169067,-1.3875783890913052e-09,2.0409373996816037e-08,1.3456295188816447e-09,2.0453685871842176e-08
19.349997758865356,-10.028815643409924,-1.4190572780857212e-17,0.0,0.0,0.0,-10.028815654963955,-1.374013953048074e-09,2.0629209371050055e-08,1.3699333819682089e-09,2.067464623024177e-08
19.360002517700195,-10.028815643409924,-1.4190572780857212e-17,0.0,0.0,0.0,-10.02881565475659,-1.360152315454135e-09,2.0815710995303133e-08,1.4023156719690273e-09,2.086289321939394e-08
19.369996309280396,-10.028815643409924,-1.4190572780857212e-17,0.0,0.0,0.0,-10.028815654547797,-1.3459416689746918e-09,2.0963560903003383e-08,1.4431519923857956e-09,2.1013176185599812e-08
19.379998683929443,-10.028815643409924,-1.4190572780857212e-17,0.0,0.0,0.0,-10.028815654337558,-1.331266508651026e-09,2.1069417389576948e-08,1.4928584135207668e-09,2.1122238881781146e-08
19.389999628067017,-10.028815643409924,-1.4190572780857212e-17,0.0,0.0,0.0,-10.028815654126497,-1.316049783697139e-09,2.1130436713251913e-08,1.5516482051332589e-09,2.118733036145039e-08
19.399998664855957,-10.028815643409924,-1.4190572780857212e-17,0.0,0.0,0.0,-10.028815653915089,-1.300201165482733e-09,2.114462366740779e-08,1.6196974909454582e-09,2.1206568086290546e-08
19.40999722480774,-10.028815643409924,-1.4190572780857212e-17,0.0,0.0,0.0,-10.028815653703807,-1.2836276539050553e-09,2.1110514690713507e-08,1.6971381392129232e-09,2.1178623854500128e-08
19.419999837875366,-10.028815643409924,-1.4190572780857212e-17,0.0,0.0,0.0,-10.028815653493027,-1.266224968775957e-09,2.102696722602154e-08,1.784119255516943e-09,2.1102521940329557e-08
19.429965496063232,-10.028815643409924,-1.4190572780857212e-17,0.0,0.0,0.0,-10.028815653284088,-1.2479731942879394e-09,2.0893903074432677e-08,1.8803118388447075e-09,2.0978340217831506e-08
19.44000267982483,-10.028815643409924,-1.4190572780857212e-17,0.0,0.0,0.0,-10.028815653075254,-1.228573964093753e-09,2.071344302553464e-08,1.986866603990359e-09,2.0808516546696014e-08
19.450000047683716,-10.028815643409924,-1.4190572780857212e-17,0.0,0.0,0.0,-10.028815652869246,-1.208142334607136e-09,2.0498882788833488e-08,2.1026347372682677e-09,2.060643754822024e-08
19.460001707077026,-10.028815643409924,-1.4190572780857212e-17,0.0,0.0,0.0,-10.028815652665454,-1.1865061597004797e-09,2.0259231746575366e-08,2.2252450559118938e-09,2.0381074223904576e-08
19.469995260238647,-10.028815643409924,-1.4190572780857212e-17,0.0,0.0,0.0,-10.02881565246421,-1.163661871616775e-09,2.000186524489695e-08,2.343489183718678e-09,2.013868304604904e-08
19.479999542236328,-10.028815643409924,-1.4190572780857212e-17,0.0,0.0,0.0,-10.028815652265488,-1.139689556238609e-09,1.9731925369946914e-08,2.4467543577673386e-09,1.988304518157136e-08
19.489999771118164,-10.028815643409924,-1.4190572780857212e-17,0.0,0.0,0.0,-10.028815652069508,-1.1147927988431903e-09,1.945351559194227e-08,2.527036657106311e-09,1.961696161877012e-08
19.499998331069946,-10.028815643409924,-1.4190572780857212e-17,0.0,0.0,0.0,-10.028815651876391,-1.0892400326796741e-09,1.916966660123738e-08,2.578516480172179e-09,1.9342307640018433e-08
19.510000228881836,-10.028815643409924,-1.4190572780857212e-17,0.0,0.0,0.0,-10.02881565168611,-1.0633209114714541e-09,1.8882448179431566e-08,2.6004841384207165e-09,1.906067593248194e-08
19.52000093460083,-10.028815643409924,-1.4190572780857212e-17,0.0,0.0,0.0,-10.028815651498702,-1.0372943926963993e-09,1.8593498040132202e-08,2.6012995089061415e-09,1.8774581979459233e-08
19.529999256134033,-10.028815643409924,-1.4190572780857212e-17,0.0,0.0,0.0,-10.028815651314247,-1.0113395738447643e-09,1.83041209252691e-08,2.5889893763210012e-09,1.848631139079879e-08
19.540005683898926,-10.028815643409924,-1.4190572780857212e-17,0.0,0.0,0.0,-10.0288156511326,-9.855353167984058e-10,1.8014965864663337e-08,2.5694829423001597e-09,1.8197286547608047e-08
19.550000429153442,-10.028815643409924,-1.4190572780857212e-17,0.0,0.0,0.0,-10.028815650953922,-9.599558219989345e-10,1.7726974634197323e-08,2.547200614539028e-09,1.7909044102134074e-08
19.559987545013428,-10.028815643409924,-1.4190572780857212e-17,0.0,0.0,0.0,-10.028815650778304,-9.34625845892136e-10,1.7440793617006093e-08,2.5254137777780747e-09,1.7622684152534534e-08
19.569995641708374,-10.028815643409924,-1.4190572780857212e-17,0.0,0.0,0.0,-10.028815650605189,-9.094503426078595e-10,1.715590460162217e-08,2.5064737192985905e-09,1.7338035448270814e-08
19.580000638961792,-10.028815643409924,-1.4190572780857212e-17,0.0,0.0,0.0,-10.028815650434975,-8.84451068607723e-10,1.687325382070521e-08,2.49222319790628e-09,1.7056314694743562e-08
19.590027570724487,-10.028815643409924,-1.4190572780857212e-17,0.0,0.0,0.0,-10.02881565026725,-8.595164980103196e-10,1.6592390915624844e-08,2.4839746648574425e-09,1.677729317954966e-08
19.599995374679565,-10.028815643409924,-1.4190572780857212e-17,0.0,0.0,0.0,-10.028815650103226,-8.347663819876644e-10,1.6315534727579586e-08,2.4827284950918077e-09,1.65033516058768e-08
19.609967708587646,-10.028815643409924,-1.4190572780857212e-17,0.0,0.0,0.0,-10.028815649941853,-8.099769234367767e-10,1.6041095321170546e-08,2.48915411799828e-09,1.6233072023681387e-08
19.619996070861816,-10.028815643409924,-1.4190572780857212e-17,0.0,0.0,0.0,-10.028815649782409,-7.849563000407896e-10,1.5767943683507517e-08,2.5038911329796042e-09,1.5965510289748916e-08
19.630003929138184,-10.028815643409924,-1.4190572780857212e-17,0.0,0.0,0.0,-10.02881564962594,-7.597861689767637e-10,1.5497973513308195e-08,2.527275966766665e-09,1.5702684701394175e-08
