t,x_ref,y_ref,vx_ref,vy_ref,v_xy_ref,x_odom,y_odom,vx_odom,vy_odom,v_xy_odom
0.0,-17.871171827945645,-0.9000000000000044,0.004454925162385449,6.122462112299731e-16,0.004454925162385449,-18.0,-1.0,0.0,0.0,0.0
0.010031461715698242,-17.871029914348682,-0.9000000000000041,0.028010876488670844,9.542208154080494e-16,0.028010876488670844,-17.99999998172437,-0.9999999952026766,9.054752718458064e-06,2.378931912934747e-06,9.362043785349601e-06
0.020060062408447266,-17.87052636334777,-0.9000000000000044,0.07658122955823532,1.8090730630619217e-15,0.07658122955823532,-17.999999408794913,-0.9999998521535887,0.00015093897446992474,3.624799299062794e-05,0.00015523044485500002
0.030034542083740234,-17.86941838724801,-0.9000000000000044,0.14970469551077994,3.1680680354951524e-15,0.14970469551077994,-17.999995231434053,-0.9999989383919856,0.0008277558520594242,0.00017116897755566215,0.0008452683417093498
0.04006767272949219,-17.86744312186204,-0.9000000000000041,0.2482228358799722,5.046877163489326e-15,0.2482228358799722,-17.99997845890075,-0.9999957574499885,0.0028223874481633294,0.0005052709569432646,0.0028672582108139953
0.05003190040588379,-17.8643793456991,-0.900000000000004,0.3708481438592768,7.42089190808133e-15,0.3708481438592768,-17.999930784654268,-0.9999878389259964,0.007263995150346457,0.0011433676930257368,0.007353428807414392
0.06005597114562988,-17.859939548637843,-0.9000000000000039,0.5191321521530446,1.0320112417730894e-14,0.5191321521530446,-17.999819762399277,-0.9999714687877584,0.01573612218210748,0.0022076923811911067,0.015890231180828815
0.0700373649597168,-17.853917749122797,-0.9000000000000039,0.6916160944435404,1.3716077559632777e-14,0.6916160944435404,-17.99959644330907,-0.9999418996344699,0.03017805692620617,0.003816263347818775,0.030418398803705057
0.08007311820983887,-17.846002139143476,-0.9000000000000038,0.8900279624522169,1.764284436688999e-14,0.8900279624522169,-17.999186235198646,-0.9998926974481602,0.053319649319648214,0.006122294515025467,0.05366998689862867
0.09003281593322754,-17.836073209212394,-0.9000000000000035,1.1015923222591641,2.186697072758698e-14,1.1015923222591641,-17.99849157694421,-0.9998167814412516,0.08831574860104563,0.00925668431357626,0.08879953634701199
0.1000361442565918,-17.824126950381217,-0.9000000000000034,1.2801334536743447,2.5568500165516284e-14,1.2801334536743447,-17.997368151319897,-0.9997044769223135,0.13932738596807032,0.013370483533899063,0.13996746161385476
0.1100316047668457,-17.810607608097357,-0.900000000000003,1.4182258659470568,2.8612480461918405e-14,1.4182258659470568,-17.995642983731223,-0.9995462544069741,0.20898433997664118,0.018421817043644408,0.20979470369545045
0.12002825736999512,-17.79590756957113,-0.9000000000000028,1.5160337250487772,3.100229716882847e-14,1.5160337250487772,-17.993126355151617,-0.9993337696656766,0.29756163335105,0.024180869351518676,0.29854252642653767
0.13004398345947266,-17.78040141667649,-0.9000000000000026,1.573609293324676,3.2740224067233433e-14,1.573609293324676,-17.98963626538252,-0.9990614438851435,0.40224205410220126,0.030260243388545816,0.4033786712486076
0.14003324508666992,-17.764563004380136,-0.9000000000000021,1.5907370020027,3.3819135319545205e-14,1.5907370020027,-17.98505187878078,-0.9987292597440036,0.5159992171145218,0.03614262824100672,0.5172634547684256
0.15004491806030273,-17.74871963654494,-0.9000000000000018,1.5675244722200388,3.4244668123833214e-14,1.5675244722200388,-17.97932547359848,-0.9983412568723565,0.6282149384258332,0.041311989356475405,0.6295718301559902
0.1600356101989746,-17.733342664277693,-0.9000000000000015,1.5040648200221032,3.4014864986828446e-14,1.5040648200221032,-17.97252864509008,-0.9979065120033814,0.7287319918084514,0.04547591913142378,0.7301495566703856
0.17003226280212402,-17.718792050710306,-0.900000000000001,1.4002744773982463,3.3130554556941114e-14,1.4002744773982463,-17.96482378446923,-0.9974355809147535,0.8075441766253367,0.048481578112385945,0.8089981833216688
0.18003487586975098,-17.70544705990361,-0.9000000000000007,1.267846357024747,3.17018930680135e-14,1.267846357024747,-17.95644174572065,-0.9969395261406557,0.8658566521940214,0.050610312706185344,0.8673345063473819
0.1900324821472168,-17.693396215030933,-0.9000000000000004,1.1449343541455088,3.009008313245089e-14,1.1449343541455088,-17.947557712204347,-0.9964252240398408,0.9093836097720727,0.052212784209432345,0.9108812900466153
0.20004057884216309,-17.68250170509657,-0.9000000000000001,1.0342676087591547,2.832003968997356e-14,1.0342676087591547,-17.93829273128035,-0.9958965370266166,0.942528947392456,0.05350516338268214,0.944046407323993
0.2100667953491211,-17.67263583251453,-0.8999999999999998,0.9358133795906236,2.638972200412467e-14,0.9358133795906236,-17.928736455231604,-0.9953560314444381,0.9682443426078724,0.05460229346107336,0.9697827166140671
0.220048189163208,-17.6637329234173,-0.8999999999999995,0.8501407020337316,2.431188498216587e-14,0.8501407020337316,-17.91892748219692,-0.9948038817490804,0.9882091001828437,0.05555284841897043,0.9897693391147488
0.23003053665161133,-17.655622931154145,-0.8999999999999995,0.7767748677427185,2.2078016063867545e-14,0.7767748677427185,-17.90897779699249,-0.994244839817432,1.004665038250362,0.05644032754769496,1.0062491488971765
0.24003386497497559,-17.648168914230084,-0.8999999999999992,0.7156103081119506,1.9683158580051188e-14,0.7156103081119506,-17.898852147481193,-0.9936756702852633,1.0206283933984415,0.057426578706184984,1.0222426959156918
0.25003504753112793,-17.641266242568932,-0.899999999999999,0.6668218043709351,1.713235042130231e-14,0.6668218043709351,-17.88855476913684,-0.9930951158989837,1.0380132525060908,0.05867523321556275,1.0396702820467527
0.2600717544555664,-17.634767243611492,-0.8999999999999988,0.6302879963111908,1.4415198644768326e-14,0.6302879963111908,-17.878047060414275,-0.9924986611850711,1.0571065396142494,0.06031149333303757,1.058825628856458
0.27007293701171875,-17.628594039396937,-0.8999999999999988,0.6062681801512715,1.1550988535079801e-14,0.6062681801512715,-17.867380673787373,-0.9918856559605338,1.0764165349022274,0.06238709987332255,1.0782229393040765
0.2800462245941162,-17.622615846822896,-0.8999999999999986,0.594626023337959,8.539007221800136e-15,0.594626023337959,-17.856558870414656,-0.9912513959980355,1.092973514679841,0.06486032864678017,1.0948963266098635
0.2901020050048828,-17.61664333550058,-0.8999999999999985,0.5953339205311022,5.3446169843789284e-15,0.5953339205311022,-17.845511146132015,-0.9905855045669145,1.1030913442612267,0.06762754162233912,1.1051624306724877
0.3000345230102539,-17.610675846967247,-0.8999999999999986,0.6083020091039576,2.034133857821077e-15,0.6083020091039576,-17.83454739541329,-0.9898998973595191,1.1029922598096862,0.07043111129805463,1.105238646916926
0.31003546714782715,-17.60447569738586,-0.8999999999999985,0.6336786886953063,-1.4550069817586247e-15,0.6336786886953063,-17.82356252182715,-0.9891816269335371,1.0906622151136023,0.07310220025418382,1.0931093262608789
0.3200366497039795,-17.59797785692988,-0.8999999999999986,0.6652662574340066,-4.855073899778143e-15,0.6652662574340066,-17.812766795813257,-0.9884385173173225,1.0663709295719297,0.07543428707289983,1.0690356828012328
0.3300490379333496,-17.591172259025416,-0.8999999999999986,0.6936068014770913,-7.790219357707563e-15,0.6936068014770913,-17.802253370733965,-0.9876732851653689,1.0324751685833877,0.07736645922588282,1.0353697613676214
0.34006834030151367,-17.58409480474043,-0.8999999999999988,0.7185735422382096,-1.0253721170044859e-14,0.7185735422382096,-17.792104652927076,-0.9868898526212316,0.9922282491104139,0.07894105645155015,0.9953635460104033
0.3500552177429199,-17.576808396462788,-0.8999999999999988,0.74008045174693,-1.2237622991357674e-14,0.74008045174693,-17.782409237590663,-0.9860947946048755,0.9492477655556641,0.08024482923233629,0.9526334830515606
0.3600137233734131,-17.5693454870705,-0.8999999999999988,0.7581679075248416,-1.374711165390415e-14,0.7581679075248416,-17.77316883148162,-0.9852897963589761,0.9066987298792129,0.08138847808293283,0.9103442596783009
0.37003254890441895,-17.561672473473706,-0.8999999999999992,0.7729806925294858,-1.479335676386406e-14,0.7729806925294858,-17.764287045648402,-0.9844688675968901,0.8669919633820609,0.08248582038018848,0.8709069842026033
0.38003015518188477,-17.553884712596588,-0.8999999999999992,0.7843782752336629,-1.536506384401657e-14,0.7843782752336629,-17.755796147647978,-0.9836387489356561,0.8330073240321841,0.08361571596752507,0.8371934005043411
0.3900322914123535,-17.545996313668486,-0.8999999999999995,0.7923985019386053,-1.546488960509643e-14,0.7923985019386053,-17.74760143795323,-0.9827962971201387,0.806988366598026,0.08484859696219275,0.811436693914567
0.40003514289855957,-17.538043987209065,-0.8999999999999995,0.7970356794300837,-1.509242043998341e-14,0.7970356794300837,-17.739619577147682,-0.9819409872081365,0.7910993417111181,0.08622576937829565,0.7957845510944802
0.4100320339202881,-17.53006700509413,-0.8999999999999996,0.7982893058801327,-1.424828033609377e-14,0.7982893058801327,-17.731738302287276,-0.9810710543014453,0.7870002657918794,0.08776298813505144,0.7918786273431567
0.4200730323791504,-17.52205940104192,-0.8999999999999998,0.7961463844003835,-1.2925562039240501e-14,0.7961463844003835,-17.723803919654372,-0.9801814807307477,0.7955952720463327,0.08945636550005974,0.8006086923278802
0.4300563335418701,-17.51413586209657,-0.8999999999999999,0.79063542114269,-1.1138581924244643e-14,0.79063542114269,-17.715775940597023,-0.9792805594710464,0.8165329239430069,0.0912559822583667,0.8216164982404234
0.4400606155395508,-17.506267970948322,-0.9,0.7817319176512412,-8.875950463060341e-15,0.7817319176512412,-17.707444734671775,-0.9783570772529355,0.8485902991724433,0.09313875379586933,0.8536863143498462
0.45005106925964355,-17.49851657477632,-0.9000000000000001,0.7694870632966873,-6.149257909189396e-15,0.7694870632966873,-17.698777345987693,-0.977417853614646,0.8891846178406981,0.09504460353059904,0.8942498315710197
0.46007490158081055,-17.490868813404543,-0.9000000000000002,0.7566293181973409,-3.443426429429319e-15,0.7566293181973409,-17.689633749414895,-0.9764554391312562,0.9356686831637228,0.09695092418816702,0.9406781417436437
0.47013187408447266,-17.48331871434338,-0.9000000000000001,0.7450705470118109,-1.1010995928323011e-15,0.7450705470118109,-17.67997542928316,-0.9754707585294219,0.985093004793125,0.09883641501146567,0.9900388199584229
0.48006510734558105,-17.475969027531814,-0.9000000000000002,0.7349726915306101,8.462633773864315e-16,0.7349726915306101,-17.66994232626869,-0.9744794928652417,1.0337492623481317,0.10065873484132247,1.0386383963175836
0.49009132385253906,-17.468645453558988,-0.9000000000000001,0.7261091483341715,2.4428785701254808e-15,0.7261091483341715,-17.659350983555118,-0.9734617647740182,1.0787246790821434,0.10239111723013213,1.083573197411466
0.5000996589660645,-17.461417148345753,-0.9000000000000001,0.7185933461065191,3.666858345195926e-15,0.7185933461065191,-17.648353655388004,-0.9724288191610806,1.1180706399011686,0.10402637377227861,1.1228995690840826
0.5100476741790771,-17.45430030295401,-0.9000000000000001,0.7124412020933467,4.5174034742054354e-15,0.7124412020933467,-17.63706533067512,-0.9713864788387495,1.150834807070786,0.10557424038567971,1.1556671983744569
0.5200941562652588,-17.447168370746475,-0.9,0.7075621595819742,5.005968045629568e-15,0.7075621595819742,-17.625358157946184,-0.9703174989284974,1.1768627492304122,0.10706619838655476,1.1817229376478706
0.5300648212432861,-17.44013214656305,-0.8999999999999999,0.7040454592640311,5.1228142991117175e-15,0.7040454592640311,-17.61353518683009,-0.9692436735805456,1.1950267803689874,0.10846616071157567,1.1999391292138852
0.5400900840759277,-17.433085988431273,-0.8999999999999999,0.7018408116262042,4.870644611066745e-15,0.7018408116262042,-17.601492706889193,-0.9681492571501422,1.2052993923888826,0.10978094121728094,1.2102885938269277
0.5501158237457275,-17.426054955486958,-0.8999999999999999,0.7009711576844718,4.2477729006214105e-15,0.7009711576844718,-17.589386134472498,-0.9670420530502049,1.2074532176991153,0.1109792398462257,1.2125426444495853
0.5600833892822266,-17.419066866855538,-0.8999999999999999,0.7014300442190085,3.2610551494586003e-15,0.7014300442190085,-17.577376783948328,-0.965930877764995,1.201845885294449,0.1120301583580349,1.2070560419387844
0.5700697898864746,-17.412054277215265,-0.8999999999999999,0.7032131962364137,1.9050124808856834e-15,0.7032131962364137,-17.565431590048746,-0.9648074258708836,1.189209524340768,0.11292304729536545,1.1945588756496128
0.5800743103027344,-17.405004487850086,-0.8999999999999998,0.7063278308018306,1.777181174675792e-16,0.7063278308018306,-17.55361862913115,-0.963673541453093,1.1705917109601192,0.11364175116185121,1.176094979742568
0.5900888442993164,-17.39790994623267,-0.8999999999999998,0.7106853712923242,-1.882325732347703e-15,0.7106853712923242,-17.54200739835572,-0.9625325070287246,1.1473638456340487,0.11417794727925677,1.1530309613852778
0.600069522857666,-17.390794893298253,-0.8999999999999999,0.7149891156934649,-3.727913708792184e-15,0.7149891156934649,-17.530691409106353,-0.9613916765262194,1.1211727514193628,0.11453180806797603,1.127007486037508
0.6100659370422363,-17.383627988838388,-0.8999999999999999,0.7188495644094757,-5.195433727321056e-15,0.7188495644094757,-17.519618391015538,-0.9602453448545589,1.0933822946017293,0.11471585655059692,1.0993837227704801
0.6200902462005615,-17.376404364175794,-0.8999999999999999,0.7222686767112734,-6.2842523308697624e-15,0.7222686767112734,-17.508817093947016,-0.9590971289217942,1.0654653816760433,0.11474339251302268,1.07162611281896
0.6300613880157471,-17.369187456597853,-0.8999999999999999,0.7252203184296571,-6.986945575594273e-15,0.7252203184296571,-17.498312996108098,-0.9579518473175516,1.0387882097865488,0.11463171104423485,1.04509395461292
0.6400787830352783,-17.36190978810863,-0.9000000000000001,0.7277344394298527,-7.310942835571961e-15,0.7277344394298527,-17.488033751199083,-0.9568048225134764,1.014316165927804,0.11439831980367329,1.0207469128223625
0.650094747543335,-17.354610071435946,-0.9000000000000001,0.7297961271449556,-7.252142352900438e-15,0.7297961271449556,-17.47797960843135,-0.9556601339164135,0.9930287161958212,0.11406092055810572,0.9995578646522089
0.6600625514984131,-17.347327210875438,-0.9000000000000001,0.7313990472439273,-6.81364583702909e-15,0.7313990472439273,-17.468170546507768,-0.9545251692166944,0.9757099217811452,0.1136385988293109,0.9823052390199584
0.6700785160064697,-17.339995445237065,-0.9000000000000004,0.732558678949623,-5.991233086205251e-15,0.732558678949623,-17.45846612470333,-0.9533892863151484,0.9626274897062826,0.11314234342253379,0.9692537716271017
0.680067777633667,-17.332673687879847,-0.9000000000000002,0.7332649502892987,-4.789778193318736e-15,0.7332649502892987,-17.448902076856697,-0.9522624549728568,0.9541153504780541,0.11258896712641762,0.9607353316790497
0.6900639533996582,-17.32534227872801,-0.9000000000000002,0.7335215330857734,-3.206444890837909e-15,0.7335215330857734,-17.43938629187493,-0.9511397174198126,0.9500756130245404,0.11198698900372807,0.9566528922080763
0.7000694274902344,-17.31800360051345,-0.9000000000000005,0.7333274142428411,-1.2398564073734831e-15,0.7333274142428411,-17.429882355513627,-0.9500223594757374,0.9502472597549272,0.11134545777902784,0.9567484860922275
0.710068941116333,-17.310673475935058,-0.9000000000000005,0.7326826536846005,1.1071577262821994e-15,0.7326826536846005,-17.420362768669637,-0.9489121894178737,0.9541370377377145,0.1106717248245155,0.9605340792801337
0.7200689315795898,-17.303351860044327,-0.9000000000000004,0.7315872354143761,3.8357287331416085e-15,0.7315872354143761,-17.410790815216647,-0.9478091747852759,0.9610725464658662,0.10997001414166922,0.9673437049884097
0.7300662994384766,-17.296045107822398,-0.9000000000000004,0.7301268504536982,6.7821144962961474e-15,0.7301268504536982,-17.40117072229027,-0.946717056070034,0.9702324459904834,0.10924507985628666,0.9763633989071296
0.740062952041626,-17.28875319958361,-0.9000000000000002,0.7287480135307992,9.093422238345758e-15,0.7287480135307992,-17.391383973767894,-0.9456247657359484,0.9808668293618837,0.1084899692643427,0.9868484232005504
0.7500345706939697,-17.281492757987117,-0.9000000000000002,0.7275181632788298,1.0643458862829485e-14,0.7275181632788298,-17.38155233198998,-0.9445473008081682,0.9919839100268363,0.10771397336277379,0.9978148013583116
0.7600314617156982,-17.27422539886294,-0.9000000000000001,0.726431046693508,1.1440096880860267e-14,0.726431046693508,-17.371579013931036,-0.9434743318835446,1.0028765026927844,0.10690781425475766,1.008558654914051
0.7700319290161133,-17.266965538148312,-0.8999999999999999,0.7254896671087817,1.147829914526503e-14,0.7254896671087817,-17.36149754549103,-0.9424091917253768,1.0127828196041104,0.10607102721706374,1.0183221997482599
0.7800302505493164,-17.25971599579763,-0.8999999999999997,0.7246946096360855,1.0757885867476002e-14,0.7246946096360855,-17.351329230886424,-0.9413530653218424,1.0210741814777677,0.1052013682919667,1.0264793285648743
0.7900831699371338,-17.252434051163778,-0.8999999999999997,0.7240424955345099,9.268769700800877e-15,0.7240424955345099,-17.34103065564414,-0.9402999540653288,1.027296318412655,0.10429032478659303,1.0325764851420391
0.8000373840332031,-17.245229351333705,-0.8999999999999997,0.7235423137631787,7.038689486468213e-15,0.7235423137631787,-17.330783850450608,-0.9392664636911525,1.0310115063547802,0.10334920506602009,1.0361784520167032
0.8100278377532959,-17.238002786041932,-0.8999999999999996,0.7231859162528906,4.0445595182820295e-15,0.7231859162528906,-17.32047809730836,-0.9382390700387812,1.0321013037260645,0.10236343064485505,1.0371650654965323
0.8200292587280273,-17.23077104790206,-0.8999999999999995,0.7229752294051681,2.885256340311857e-16,0.7229752294051681,-17.310161454599168,-0.9372204094826163,1.0304915366718834,0.10133274031755475,1.0354617962110648
0.8300285339355469,-17.22354236522009,-0.8999999999999996,0.7229107271282359,-4.2253771837067996e-15,0.7229107271282359,-17.299872332636813,-0.9362121069293715,1.0262653503900492,0.10025680183682052,1.0311508113393297
0.84002685546875,-17.21631404016928,-0.8999999999999997,0.7229923340313565,-9.497586720263441e-15,0.7229923340313565,-17.28964478383938,-0.9352154826887034,1.0196416515474778,0.09913585342380292,1.0244496156495613
0.8500325679779053,-17.209079059223942,-0.8999999999999998,0.7232202542349752,-1.5532886007523873e-14,0.7232202542349752,-17.279482052527147,-0.9342291192147052,1.010925707002797,0.09796777486999057,1.015661592259982
0.8600478172302246,-17.201834115730954,-0.8999999999999999,0.723594911266537,-2.2334705716774628e-14,0.723594911266537,-17.269436714176024,-0.9332567388878463,1.0005443841456727,0.09675721454781426,1.0052119295016824
0.8700335025787354,-17.194606075061127,-0.9000000000000002,0.7240608161774018,-2.899322316387551e-14,0.7240608161774018,-17.25947769006306,-0.9322943565537752,0.9888999298223727,0.09550016948702836,0.9935005553973006
0.8800313472747803,-17.18736490768605,-0.9000000000000006,0.7244874504034402,-3.336297772599518e-14,0.7244874504034402,-17.249652133737257,-0.9313459892757486,0.9765030974489913,0.0942032875886362,0.981036471656371
0.8900632858276367,-17.180094912615623,-0.9000000000000009,0.7248693662114434,-3.533714377029277e-14,0.7248693662114434,-17.239916654598623,-0.9304073388493973,0.9637591098241606,0.09286271613408614,0.9682226530178161
0.9000768661499023,-17.172834603224004,-0.9000000000000011,0.7252044544734243,-3.489966138075063e-14,0.7252044544734243,-17.230364697403218,-0.9294877101539515,0.9512286243833743,0.0914946154130003,0.9556187317627566
0.9100620746612549,-17.16559193999484,-0.9000000000000015,0.725492694164928,-3.2067894903143774e-14,0.725492694164928,-17.22089407435012,-0.9285779223022181,0.9391747060097884,0.09008894957553422,0.943485637010016
0.9200685024261475,-17.158331016172617,-0.9000000000000017,0.7257355818052785,-2.6830186807928657e-14,0.7257355818052785,-17.21155034238673,-0.9276833342633506,0.9279969163388755,0.08865752595767065,0.9322223091319993
0.930027961730957,-17.15110203781412,-0.9000000000000021,0.7259316292343356,-1.923158871586956e-14,0.7259316292343356,-17.202360443591296,-0.9268076980814549,0.9179900006423868,0.08721096299925665,0.9221233070184632
0.9400403499603271,-17.14383296993495,-0.9000000000000021,0.7260827624597259,-9.193815917296516e-15,0.7260827624597259,-17.193221680065204,-0.9259425713676546,0.9092316072645623,0.08573989739552262,0.9132652657658091
0.9500350952148438,-17.13657539026006,-0.9000000000000022,0.7261876757052574,3.2252021400495484e-15,0.7261876757052574,-17.184166062027792,-0.9250924622541791,0.9018746342928026,0.08425618364291473,0.9058018328877707
0.960028886795044,-17.129317688650282,-0.9000000000000022,0.7262466713577302,1.8039449390164715e-14,0.7262466713577302,-17.175182384232976,-0.9242577459756655,0.8959426627201212,0.0827649361084984,0.8997573503623434
0.9700262546539307,-17.122056994142657,-0.9000000000000019,0.7262597581185981,3.525668105004901e-14,0.7262597581185981,-17.166249135316196,-0.92343778191946,0.8913806909087207,0.08126916328195159,0.8950777692611167
0.9800267219543457,-17.114794177633144,-0.9000000000000015,0.7262268891834541,5.4878325146960105e-14,0.7262268891834541,-17.15735005700544,-0.9226323241300245,0.8880765098597716,0.07977207801926042,0.891652102445917
0.9900267124176025,-17.107532368432643,-0.9000000000000009,0.7261480598133828,7.689804717953761e-14,0.7261480598133828,-17.148481822832846,-0.9218421352934071,0.8858698436493234,0.07827823605514869,0.8893215740817166
1.0000309944152832,-17.100268350869253,-0.8999999999999999,0.7260232037225144,1.0132837085276496e-13,0.7260232037225144,-17.13962601295683,-0.92106642454596,0.8845555229510671,0.07678868386211925,0.8878822980285801
1.0100290775299072,-17.09301025546139,-0.8999999999999988,0.7258802966331703,1.228761046797544e-13,0.7258802966331703,-17.13078713729331,-0.9203062086955875,0.8839072184818659,0.07530728966915219,0.8871094401265622
1.0200495719909668,-17.085737184852114,-0.8999999999999975,0.7257512063438729,1.354795121375706e-13,0.7257512063438729,-17.121931482089607,-0.9195590052288896,0.88368396077588,0.07383050139734192,0.8867628124076526
1.030074119567871,-17.078462486371414,-0.8999999999999961,0.7256362704979534,1.3907161251170407e-13,0.7256362704979534,-17.113077329064946,-0.9188265895919235,0.8836500315372429,0.07236253334224058,0.8866079824068116
1.0400660037994385,-17.071212426269383,-0.8999999999999948,0.725535845801567,1.3367783011445452e-13,0.725535845801567,-17.104241083022785,-0.9181102547605378,0.8835818429226758,0.07090638327732265,0.8864223532448303
1.0500810146331787,-17.063946735627976,-0.8999999999999935,0.7254493559934156,1.1928129890893258e-13,0.7254493559934156,-17.09539449593752,-0.9174074867722288,0.8832803911541883,0.06945699796536803,0.8860070676715041
1.0600666999816895,-17.05670303423075,-0.8999999999999924,0.7253772370453653,9.596543575114988e-14,0.7253772370453653,-17.086603610380195,-0.9167231235457223,0.8825836586972658,0.06802426319888161,0.8852012285255836
1.0700290203094482,-17.04947674037535,-0.8999999999999915,0.7253193339741133,6.37863086797926e-14,0.7253193339741133,-17.077790853781696,-0.9160506076580186,0.8813595743966126,0.06659425397409702,0.8838718764860349
1.080031156539917,-17.042222311629878,-0.8999999999999911,0.7252753176676907,2.2519712983633e-14,0.7252753176676907,-17.068986248880012,-0.9153918150803366,0.8795204633469412,0.06517044945187156,0.8819316486711298
1.0900285243988037,-17.034971708195727,-0.899999999999991,0.7252454564375079,-2.7698444018314473e-14,0.7252454564375079,-17.060205694693394,-0.9147473988194673,0.8770214217213775,0.06375392701621059,0.879335622710791
1.1000335216522217,-17.02771562945113,-0.8999999999999916,0.725229719134717,-8.693577240923799e-14,0.725229719134717,-17.051448783921842,-0.9141167750188697,0.8738538808471509,0.06234318234676791,0.8760749268508652
1.1100280284881592,-17.020467292867185,-0.8999999999999929,0.7252281290240474,-1.550795895564654e-13,0.7252281290240474,-17.042731285548133,-0.91350054692413,0.8700511316486268,0.06093947681407468,0.8721826594913644
1.12003493309021,-17.013209928920812,-0.8999999999999948,0.725240686309887,-2.322886656096241e-13,0.725240686309887,-17.03404762945439,-0.9128978295217287,0.865669867274827,0.05954087075906885,0.8677150652134402
1.1300303936004639,-17.005960833070375,-0.8999999999999977,0.7252673623081883,-3.1837843900554844e-13,0.7252673623081883,-17.02541747657999,-0.9123095584648472,0.8608046464500941,0.05814978582396583,0.8627665019815296
1.1400275230407715,-16.9987100568964,-0.9000000000000012,0.7253078806081823,-4.1277383808256604e-13,0.7253078806081823,-17.016837654545878,-0.9117351408157203,0.855558422323941,0.05676530580836778,0.8574395103754833
1.1500372886657715,-16.99144951663681,-0.9000000000000057,0.725350393813868,-4.87869877414218e-13,0.725350393813868,-17.008308101380766,-0.9111742940436875,0.8500473747585647,0.05538737480074191,0.8518499284623118
1.1600275039672852,-16.984202998071677,-0.9000000000000109,0.72538854992586,-5.28997267022253e-13,0.72538854992586,-16.999835400676176,-0.9106272504458985,0.8443976980528408,0.054017376415694936,0.8461237199321217
1.1700265407562256,-16.976949694577232,-0.9000000000000162,0.7254224658045688,-5.363303483007293e-13,0.7254224658045688,-16.99141983300676,-0.9100938934918072,0.8387308413924612,0.0526560338345723,0.8403821048797347
1.180027723312378,-16.96969441277698,-0.9000000000000216,0.7254521120235777,-5.098077241524461e-13,0.7254521120235777,-16.983060629691014,-0.9095741085894506,0.833160653121457,0.05130423096041904,0.8347387603461414
1.1900572776794434,-16.962418346620485,-0.9000000000000263,0.7254775459732719,-4.492051647945078e-13,0.7254775459732719,-16.974748271980037,-0.9090673078965746,0.8277834571736159,0.04996172661156392,0.8292898323845
1.2000634670257568,-16.955159002576963,-0.9000000000000303,0.7254986335500436,-3.548097994882591e-13,0.7254986335500436,-16.96647731118185,-0.9085732296271992,0.8226830888749724,0.04862917543026395,0.8241190820651426
1.210054874420166,-16.94791002737777,-0.9000000000000333,0.7255154176888661,-2.2673119160424502e-13,0.7255154176888661,-16.95827959481917,-0.9080938287915803,0.8179464732663597,0.04731340909928616,0.8193137322231773
1.2200605869293213,-16.940650709964487,-0.9000000000000348,0.7255279467636399,-6.460519048462645e-14,0.7255279467636399,-16.95011772200803,-0.907626964753294,0.8135980198274425,0.04601019565155793,0.8148979543298843
1.2300570011138916,-16.93339802666479,-0.9000000000000343,0.7255361884911438,1.3121421155797786e-13,0.7255361884911438,-16.94200530690532,-0.9071735105326577,0.8096715106833658,0.044723517082597794,0.8109057578982414
1.2400529384613037,-16.926145574731393,-0.9000000000000321,0.7255401564119683,3.6085184210865523e-13,0.7255401564119683,-16.933927774881322,-0.9067327145616291,0.8061653891784936,0.04345279910234132,0.8073356058413009
1.2500686645507812,-16.918878786689756,-0.9000000000000271,0.7255398461148808,6.248684969964295e-13,0.7255398461148808,-16.92587067354729,-0.9063038735752924,0.8030617240977262,0.04219742740829814,0.8041696062340898
1.2600524425506592,-16.91163513589213,-0.9000000000000195,0.7255352669736137,9.218427028675094e-13,0.7255352669736137,-16.917879365586078,-0.9058893999496268,0.8003478929898569,0.04096588528290489,0.80139562861942
1.2700347900390625,-16.904392704954084,-0.9000000000000086,0.72552642654887,1.252505039007692e-12,0.72552642654887,-16.909892395236213,-0.9054860559658816,0.7979591771048532,0.03974987961839807,0.7989486224129382
1.2800607681274414,-16.897118681650987,-0.8999999999999944,0.7255136956187862,1.6059243800820767e-12,0.7255136956187862,-16.90190007349422,-0.905093414830591,0.7958432195043537,0.038549075383481436,0.7967762930986189
1.2900581359863281,-16.889865456510492,-0.8999999999999768,0.7255012637387388,1.861016328710593e-12,0.7255012637387388,-16.89395268459717,-0.9047138963716272,0.7939550308734397,0.0373718148321775,0.7948340981570274
1.3000681400299072,-16.882603295161253,-0.8999999999999575,0.7254900949365994,1.989732281345775e-12,0.7254900949365994,-16.886014343031032,-0.9043456350765744,0.7922234521028668,0.0362132215184494,0.7930506890952984
1.3100776672363281,-16.875341500380504,-0.8999999999999374,0.7254802058615184,1.991676983665763e-12,0.7254802058615184,-16.878107205746907,-0.9039895138922595,0.7905921974655834,0.03507679377598453,0.7913699540386044
1.3200623989105225,-16.868097786251006,-0.8999999999999181,0.725471615835756,1.8673231556408507e-12,0.725471615835756,-16.870206745490957,-0.903644240612735,0.7889985068092882,0.033959040079949765,0.7897289789227935
1.330061435699463,-16.860843776670958,-0.8999999999999007,0.7254642892150851,1.6163829969776965e-12,0.7254642892150851,-16.862326282609164,-0.9033102183307322,0.7873937074665291,0.03286175622088718,0.788079149311671
1.3400590419769287,-16.85359095915357,-0.8999999999998862,0.7254582400552088,1.2390125115163754e-12,0.7254582400552088,-16.85446239179202,-0.9029870797033482,0.7857337819131566,0.03178419575451465,0.7863763800746518
1.350069522857666,-16.846328802561818,-0.8999999999998762,0.7254534617666464,7.344480676952414e-13,0.7254534617666464,-16.84660606354679,-0.9026742436559129,0.7839828347810999,0.030724795145831433,0.7845846660929352
1.3600616455078125,-16.839080024070803,-0.899999999999872,0.7254499682639136,1.0437207893671498e-13,0.7254499682639136,-16.838781204117357,-0.9023724278219543,0.7821225887166086,0.029686358937804656,0.7826857758307311
1.370063066482544,-16.831824367855468,-0.8999999999998747,0.7254477480930789,-6.528067633414473e-13,0.7254477480930789,-16.830967638877887,-0.9020806013543838,0.7801352720399604,0.0286657360881553,0.7806617494833078
1.380063772201538,-16.82456939051643,-0.8999999999998853,0.7254468052182821,-1.5364618427622179e-12,0.7254468052182821,-16.823175366895452,-0.9017989183678958,0.7780200772031568,0.027663815796338722,0.7785117386626998
1.390058994293213,-16.81731838514247,-0.8999999999999057,0.7254471388463523,-2.546069339274628e-12,0.7254471388463523,-16.81540971165281,-0.9015273322506148,0.775784413566647,0.026680856591048914,0.7762430833452743
1.4000697135925293,-16.81005618073717,-0.8999999999999366,0.7254487515814394,-3.683928767758392e-12,0.7254487515814394,-16.807658009814034,-0.9012651808596098,0.7734382713392081,0.025714902398176906,0.7738656316037883
1.4100737571716309,-16.80279873015625,-0.8999999999999798,0.7254516415716851,-4.947706415106284e-12,0.7254516415716851,-16.79993227954576,-0.9010126717125588,0.7710053657708433,0.02476718556434814,0.7714030642460598
1.4200620651245117,-16.79555270348121,-0.9000000000000357,0.7254554910512505,-6.223338195770367e-12,0.7254554910512505,-16.792241342294584,-0.9007698710943424,0.7685140726078086,0.023838538445020808,0.7688837075341334
1.4300622940063477,-16.78829803159268,-0.9000000000001026,0.7254590913459321,-7.073314206304573e-12,0.7254590913459321,-16.784569572643438,-0.9005360817904343,0.7659880203705,0.022926921466379254,0.7663310584069022
1.440061330795288,-16.781044080067613,-0.9000000000001755,0.7254623141128305,-7.451230850815138e-12,0.7254623141128305,-16.77692196800557,-0.9003112861853685,0.7634588475630889,0.022032897830845527,0.7637767085406469
1.4500696659088135,-16.773783310025777,-0.9000000000002502,0.7254651622322603,-7.356892050678881e-12,0.7254651622322603,-16.76929404317997,-0.9000951883013109,0.7609550026920128,0.02115598259685685,0.7612490339709074
1.4600625038146973,-16.76653388507458,-0.9000000000003212,0.7254676289383085,-6.790981104712725e-12,0.7254676289383085,-16.761701756140337,-0.8998880698282329,0.7585100022763139,0.02029808980673971,0.7587815469573679
1.470060110092163,-16.75928095147406,-0.9000000000003843,0.7254697199014439,-5.7531078070423575e-12,0.7254697199014439,-16.754130547005126,-0.8996893584478896,0.7561444713539955,0.01945768621208081,0.7563947799343549
1.4800336360931396,-16.75204548126417,-0.9000000000004346,0.7254714301669822,-4.247637038151148e-12,0.7254714301669822,-16.746601983631155,-0.8994994456635068,0.7538864093931523,0.018637306245606833,0.7541167465663339
1.4900593757629395,-16.744772068877175,-0.9000000000004678,0.7254727712378255,-2.2610447566915613e-12,0.7254727712378255,-16.739052036260325,-0.8993165865295674,0.7517339489303375,0.01783022259682679,0.7519453748858701
1.5000686645507812,-16.737510534734547,-0.9000000000004784,0.7254737318975224,1.956044746997971e-13,0.7254737318975224,-16.73153941203307,-0.8991421068056481,0.7497169135117614,0.017043033781861318,0.7499106049430769
1.5100669860839844,-16.730257018789974,-0.9000000000004622,0.7254743142122154,3.1216719421851783e-12,0.7254743142122154,-16.72405560761249,-0.8989756186887482,0.747839492767705,0.016274969871356477,0.7480165650487774
1.5200645923614502,-16.72300400601498,-0.9000000000004146,0.7254745194511323,6.519357781299844e-12,0.7254745194511323,-16.716584399780878,-0.8988166013768627,0.746099740015196,0.015524529100483646,0.746261236467857
1.5300626754760742,-16.71575065717812,-0.9000000000003303,0.7254743476514777,1.0389040190819193e-11,0.7254743476514777,-16.709139922637977,-0.8986652002016473,0.7444985816190672,0.014793272737543467,0.744645539133278
1.5400631427764893,-16.70849562739369,-0.9000000000002051,0.7254737986237525,1.4731635848687057e-11,0.7254737986237525,-16.701696680841057,-0.8985207424747725,0.7430239419911925,0.014078806385767077,0.7431573125263445
1.5500669479370117,-16.701238083967763,-0.900000000000034,0.7254728719766347,1.954805592358905e-11,0.7254728719766347,-16.69427056062777,-0.8983833983179871,0.7416693211055659,0.01338275895658277,0.7417900512318031
1.5600612163543701,-16.69398753462675,-0.8999999999998147,0.7254717367494478,2.4064465086317794e-11,0.7254717367494478,-16.68686360456695,-0.8982530338562368,0.7404223179545938,0.012705296771247826,0.7405313183730308
1.5700647830963135,-16.686730218074235,-0.8999999999995585,0.7254707038486176,2.6855586714741195e-11,0.7254707038486176,-16.6794646094247,-0.8981292850301298,0.7392665398332505,0.012045331711907805,0.7393646643795447
1.5800750255584717,-16.679468160199903,-0.899999999999283,0.7254697809278203,2.788391273917951e-11,0.7254697809278203,-16.67207059226178,-0.8980119510105987,0.7381859669564463,0.011402527636268133,0.7382740273420971
1.5900723934173584,-16.67221533607352,-0.8999999999990065,0.7254689696610347,2.7149094294252066e-11,0.7254689696610347,-16.664693060624327,-0.8979010517604005,0.737166137207828,0.010777737844484393,0.7372449209583982
1.6002254486083984,-16.66484969032861,-0.8999999999987424,0.7254682587748864,2.4600826879088603e-11,0.7254682587748864,-16.657217472264122,-0.8977948025920623,0.7361761485551448,0.010161344752506839,0.7362462730830397
1.6100683212280273,-16.657708877281493,-0.8999999999985193,0.7254676783002469,2.039671280791919e-11,0.7254676783002469,-16.64997548268383,-0.8976976736883253,0.7352449010435783,0.009580244027061844,0.7353073137037326
1.6200778484344482,-16.650447437284107,-0.8999999999983439,0.7254671977746108,1.4371323593125557e-11,0.7254671977746108,-16.642616870596502,-0.8976046196665591,0.7343137854289425,0.00900555912059711,0.7343690050417825
1.6300349235534668,-16.643223836088627,-0.899999999998238,0.725466829563668,6.626184891274166e-12,0.725466829563668,-16.635315607220136,-0.8975178002557209,0.7333948123528018,0.008450929801179279,0.7334435008918586
1.6400370597839355,-16.635967524550146,-0.899999999998218,0.7254665699545033,-2.912481485427702e-12,0.7254665699545033,-16.627984647754086,-0.8974359935178109,0.7324691348501674,0.007909369039864443,0.7325118371922474
1.6500701904296875,-16.628688979509832,-0.8999999999983026,0.7254664205767459,-1.4250911493724328e-11,0.7254664205767459,-16.62064018484533,-0.8973592907964056,0.7315338338394557,0.007381963433378972,0.731571078867928
1.6600456237792969,-16.621452126512466,-0.8999999999985082,0.7254663822978257,-2.7282431951710563e-11,0.7254663822978257,-16.613344458792366,-0.8972881772560798,0.7305948501591235,0.0068728497319951965,0.7306271765698774
1.6700708866119385,-16.614179002202345,-0.8999999999988549,0.72546645458143,-4.2145454368854037e-11,0.72546645458143,-16.606024563986477,-0.8972217702043269,0.7296435191622274,0.006376584859320229,0.729671382123424
1.6800618171691895,-16.60693092769944,-0.8999999999993571,0.7254666370743159,-5.871874914755822e-11,0.7254666370743159,-16.598741390007607,-0.8971604870590936,0.72869072554544,0.0058970516275534835,0.7287145865932957
1.6900711059570312,-16.59966961177644,-0.9000000000000353,0.7254669303226603,-7.707691827824776e-11,0.7254669303226603,-16.591447098851173,-0.897103763643452,0.7277351245497355,0.005430782180470731,0.7277553880930809
1.7000670433044434,-16.592417820922165,-0.9000000000008892,0.7254672560581653,-9.263656007324521e-11,0.7254672560581653,-16.58418071662502,-0.8970517668119126,0.7267880277201523,0.0049800347176035065,0.7268050894037117
1.7101058959960938,-16.585134990019494,-0.90000000000187,0.7254675508867718,-1.0165089842093053e-10,0.7254675508867718,-16.57688605432396,-0.8970039621496068,0.7258490232888938,0.004541111001897326,0.7258632283692105
1.7200748920440674,-16.577902830246284,-0.9000000000029005,0.7254678116310357,-1.0404549427491389e-10,0.7254678116310357,-16.569655098499123,-0.8969608114771379,0.7249371707529622,0.004119313623567218,0.7249488742553083
1.730067491531372,-16.57065343671592,-0.900000000003925,0.7254680409612793,-9.988829537957228e-11,0.7254680409612793,-16.56242123030454,-0.8969217352279117,0.7240508091465788,0.003710402981572976,0.7240603160760167
1.7400646209716797,-16.563400851895807,-0.9000000000048753,0.7254682382978555,-8.915963195445382e-11,0.7254682382978555,-16.55518509404614,-0.8968866232453782,0.7231964414987188,0.003314283496028178,0.7232040358512263
1.7500431537628174,-16.556161839502654,-0.9000000000056844,0.7254684032535441,-7.189840484599754e-11,0.7254684032535441,-16.54797237894475,-0.8968554690670654,0.7223825863864004,0.0029321775042192235,0.7223885372700909
1.7600655555725098,-16.548890917340426,-0.9000000000062907,0.7254685367430043,-4.797123994665827e-11,0.7254685367430043,-16.540739456380773,-0.8968279599631082,0.721609039526114,0.002561614227915476,0.7216135862033457
1.7700328826904297,-16.541659903482696,-0.9000000000066231,0.7254686375007902,-1.7625340859105835e-11,0.7254686375007902,-16.53354729064806,-0.8968042038816219,0.7208858334229016,0.00220555666109573,0.720889207375181
1.7800297737121582,-16.534407443924753,-0.9000000000066197,0.7254687065043939,1.93716834824915e-11,0.7254687065043939,-16.526346729055724,-0.8967838941315766,0.7202102090948475,0.0018613360993923371,0.720212614341431
1.7900288105010986,-16.527153374747765,-0.9000000000062136,0.7254687434121669,6.294994704540066e-11,0.7254687434121669,-16.519146253760567,-0.8967669477170206,0.7195845393968474,0.001529245831444833,0.7195861643554482
1.8000593185424805,-16.51987666058078,-0.9000000000053354,0.7254687481699185,1.1326882089751966e-10,0.7254687481699185,-16.511933683338246,-0.8967532292890019,0.719008223824904,0.001208605326206682,0.7190092396170427
1.8100645542144775,-16.512618170302414,-0.9000000000039236,0.7254687207215317,1.7005171381022964e-10,0.7254687207215317,-16.504742182827155,-0.8967426862021687,0.7184831120449199,0.0009007255222168113,0.7184836766414525
1.820061445236206,-16.505365736671905,-0.9000000000019124,0.725468661182419,2.333607691858117e-10,0.725468661182419,-16.497560621175946,-0.8967351688750547,0.7180062793917177,0.0006048856102681492,0.7180065341851276
1.8300647735595703,-16.498108662973394,-0.8999999999992349,0.7254685708814439,3.0223009926525964e-10,0.7254685708814439,-16.490378756763622,-0.8967305487971935,0.7175741989575678,0.00032046135064252735,0.7175742705149568
1.8400413990020752,-16.490870966029195,-0.8999999999959365,0.7254684787843685,3.5494671211260995e-10,0.7254684787843685,-16.48322360849952,-0.8967287207917454,0.7171845287535599,4.828313730903297e-05,0.7171845303788468
1.8500664234161377,-16.483598098524396,-0.8999999999922151,0.7254683955541075,3.8331761080348357e-10,0.7254683955541075,-16.476030117727056,-0.8967295610134772,0.7168291613807526,-0.00021431907832516106,0.7168291934195344
1.860067367553711,-16.476342769278393,-0.8999999999883426,0.7254683218277341,3.87047706266832e-10,0.7254683218277341,-16.46886604462247,-0.8967329657649479,0.7165065367964306,-0.0004650378619815784,0.7165066877093527
1.8700284957885742,-16.469116158384224,-0.8999999999845697,0.7254682576300449,3.663658320960432e-10,0.7254682576300449,-16.461731904342493,-0.8967387989073508,0.7162110990195744,-0.0007042081133924825,0.7162114452226336
1.8800723552703857,-16.46182964254682,-0.8999999999810978,0.7254682022336749,3.2086008942858457e-10,0.7254682022336749,-16.454541326710405,-0.8967470352506557,0.7159342425813027,-0.0009349245439474888,0.7159348530308931
1.8900456428527832,-16.454594396053356,-0.8999999999782251,0.7254681565004153,2.5118099658225335e-10,0.7254681565004153,-16.44739876201577,-0.8967574667879792,0.7156754480456183,-0.0011540182693804526,0.7156763784654784
1.9000976085662842,-16.447302063609033,-0.8999999999761565,0.7254681197565642,1.5625545417299083e-10,0.7254681197565642,-16.440205814036208,-0.8967701324034285,0.7154272281462883,-0.001364775395183058,0.7154285298930709
1.9100666046142578,-16.44006981910711,-0.8999999999751699,0.725468092586762,3.762396040677587e-11,0.725468092586762,-16.433077055636392,-0.8967847362870697,0.7151903606438118,-0.0015640731402854144,0.7151920709030644
1.9200668334960938,-16.4328149286186,-0.8999999999754907,0.7254680746082259,-1.0588048073665282e-10,0.7254680746082259,-16.42592604726414,-0.8968013383865454,0.7149593708722947,-0.001754681480455867,0.7149615240732925
1.9300620555877686,-16.425563714210117,-0.899999999977368,0.7254680659225821,-2.7383334155572305e-10,0.7254680659225821,-16.418781390303717,-0.896819789899655,0.7147334699744092,-0.0019360389302571135,0.7147360920986146
1.9400601387023926,-16.418310499001134,-0.8999999999810477,0.7254680665198135,-4.663576109707477e-10,0.7254680665198135,-16.41163600490775,-0.8968400179680677,0.7145114356695872,-0.0021085762197188963,0.7145145469451891
1.9500696659088135,-16.411048875564752,-0.8999999999867828,0.7254680764204449,-6.836761771106777e-10,0.7254680764204449,-16.404481634669313,-0.8968619627486528,0.714292748657067,-0.0022727117084352447,0.7142963642652661
1.9600639343261719,-16.403798418387613,-0.8999999999948021,0.7254680955924888,-9.251892366057383e-10,0.7254680955924888,-16.397348725245173,-0.8968854441655496,0.7140787205900058,-0.0024279902106515384,0.714082848369797
1.9700276851654053,-16.39656997095202,-0.9000000000053009,0.7254681226029996,-1.1773889060800429e-09,0.7254681226029996,-16.39023670294735,-0.8969103685716666,0.7138702441411122,-0.0025747208905187256,0.7138748872580931
1.9800341129302979,-16.38931058348156,-0.9000000000180484,0.7254681486784832,-1.3551498928030462e-09,0.7254681486784832,-16.383091629929616,-0.8969368469288972,0.7136672196937678,-0.0027142262395641373,0.7136723810611647
1.9900870323181152,-16.38201757539222,-0.9000000000321824,0.725468172148402,-1.441398373073915e-09,0.725468172148402,-16.37591745911129,-0.8969648055195287,0.7134718939842221,-0.002846536796371881,0.713477572371526
2.000053644180298,-16.37478705383253,-0.900000000046595,0.7254681927196229,-1.4355448287983562e-09,0.7254681927196229,-16.36880986100593,-0.8969937892312376,0.7132889949026164,-0.0029701301805558555,0.7132951786760332
2.0100433826446533,-16.36753978537302,-0.9000000000605264,0.7254682106431495,-1.3383914782692819e-09,0.7254682106431495,-16.361684507372907,-0.8970240516475172,0.7131183113951893,-0.003086768366915138,0.713124991979721
2.0200321674346924,-16.360293255274595,-0.9000000000730297,0.7254682258668049,-1.1498701562544503e-09,0.7254682258668049,-16.35456041287602,-0.8970554453261763,0.7129622755341986,-0.003196302879353065,0.7129694402195644
2.03003191947937,-16.35303878623865,-0.9000000000832034,0.7254682384047959,-8.696188794682095e-10,0.7254682384047959,-16.347435669218196,-0.897087908443363,0.7128225867610896,-0.003298952636990007,0.7128302205190743
2.0400280952453613,-16.345786876542817,-0.9000000000901147,0.7254682482359722,-4.979414049369575e-10,0.7254682482359722,-16.34030514362818,-0.8971213972282419,0.7127008924592425,-0.0033949678595381304,0.7127089784189393
2.0500330924987793,-16.338528610209362,-0.9000000000928537,0.7254682553702982,-3.4308865811418964e-11,0.7254682553702982,-16.333179779798968,-0.8971557939753053,0.7125989151279033,-0.00348437919046449,0.7126074338230044
2.060032606124878,-16.33127418952532,-0.9000000000904983,0.7254682597963418,5.206745977939096e-10,0.7254682597963418,-16.326071158783847,-0.8971909739017787,0.7125176694387296,-0.003567247121895093,0.7125265991627453
2.0700271129608154,-16.32402355575486,-0.9000000000821414,0.7254682615184062,1.1668689609706516e-09,0.7254682615184062,-16.318931298559882,-0.8972271123060641,0.7124570044488143,-0.0036442980559495625,0.7124663248859545
2.0800468921661377,-16.316754499439675,-0.9000000000668209,0.7254682605335798,1.906530842912723e-09,0.7254682605335798,-16.311791737078302,-0.8972639935630233,0.7124174324663661,-0.0037153213255974194,0.7124271202688186
2.0900816917419434,-16.30947457926082,-0.9000000000435873,0.7254682568264865,2.739446562284469e-09,0.7254682568264865,-16.3046431429429,-0.8973016064195739,0.7123986766906687,-0.003780576316084317,0.7124087080517036
2.1000707149505615,-16.302227885578684,-0.9000000000117007,0.7254682504320986,3.6601475693485557e-09,0.7254682504320986,-16.297527576442793,-0.8973396684753194,0.71239989511488,-0.0038398750513981912,0.7124102436097494
2.1100666522979736,-16.294976139085612,-0.899999999970368,0.7254682421964124,4.569054336856114e-09,0.7254682421964124,-16.290407854133033,-0.8973783174522935,0.7124195108847804,-0.0038937419770377177,0.7124301514646144
2.1200952529907227,-16.287700696702945,-0.8999999999213051,0.7254682346664358,5.158255631120475e-09,0.7254682346664358,-16.283260124338682,-0.8974176311748998,0.7124559094762256,-0.0039424983921389385,0.7124668176421747
2.130018472671509,-16.280501724546237,-0.8999999998686262,0.7254682281059567,5.402927888367241e-09,0.7254682281059567,-16.276193734224425,-0.8974569516523895,0.7125065852357994,-0.003985610527360102,0.7125177324780452
2.1400465965270996,-16.27322670669476,-0.8999999998146329,0.7254682223759071,5.308284654485843e-09,0.7254682223759071,-16.269045119930208,-0.8974971355035223,0.7125706756459919,-0.0040242742266599525,0.7125820391882164
2.1500370502471924,-16.265978819231144,-0.899999999763494,0.7254682175666312,4.872218175836555e-09,0.7254682175666312,-16.261928258627346,-0.8975374985068864,0.7126454642266432,-0.004057973230485066,0.7126570176666662
2.1600711345672607,-16.258699439961404,-0.8999999997182382,0.725468213640043,4.090892713674718e-09,0.725468213640043,-16.254777679849152,-0.8975783634382669,0.7127296353748471,-0.004087196525620481,0.712741354431607
2.170063018798828,-16.251450674034075,-0.8999999996826737,0.7254682106298062,2.9709121497216635e-09,0.7254682106298062,-16.2476550660117,-0.8976193328064739,0.7128205573939067,-0.004111846178618585,0.7128324167168301
2.1800990104675293,-16.24416985259407,-0.8999999996599382,0.7254682085101649,1.5024916191554958e-09,0.7254682085101649,-16.24049722108171,-0.8976607255515722,0.7129174974767487,-0.0041323107818538735,0.7129294735111656
2.1900782585144043,-16.23693019568782,-0.89999999965365,0.725468207300741,-2.9895775349336496e-10,0.725468207300741,-16.233384068467046,-0.897702037200788,0.7130182199972116,-0.004148523521081987,0.7130302884838743
2.200047016143799,-16.229698222222943,-0.8999999996670114,0.7254682069868622,-2.438316993737707e-09,0.7254682069868622,-16.226281318419765,-0.8977434241583737,0.7131220851541217,-0.004160775391224489,0.7131342232612445
2.210069179534912,-16.22242745361887,-0.8999999997036555,0.7254682075722911,-4.931531755709255e-09,0.7254682075722911,-16.219126404831265,-0.897785212891954,0.7132291129422776,-0.0041693054933699455,0.7132412990403215
2.2200841903686523,-16.21516188370959,-0.899999999766952,0.7254682090597344,-7.765890761612546e-09,0.7254682090597345,-16.211983138160665,-0.8978269941818164,0.7133378183918329,-0.0041741527230778515,0.7133500309798655
2.2300307750701904,-16.207945949590457,-0.899999999859603,0.7254682114299028,-1.0920185835863581e-08,0.7254682114299029,-16.20490205209251,-0.8978684359722264,0.7134469672979358,-0.0041754834683263055,0.7134591858044973
2.2400617599487305,-16.200668817846605,-0.8999999999865275,0.7254682147213509,-1.4443682323216516e-08,0.725468214721351,-16.197730528883625,-0.8979103970730735,0.7135586282272833,-0.004173469855926542,0.7135708330419908
2.250068426132202,-16.193409375884276,-0.9000000001480528,0.7254682182358093,-1.7633867157882496e-08,0.7254682182358095,-16.190590354708377,-0.8979521317672855,0.7136709727480709,-0.004168234717182727,0.7136831450467603
2.2600669860839844,-16.18615565275634,-0.9000000003350239,0.725468221028444,-1.9552708842697736e-08,0.7254682210284442,-16.183454491878983,-0.8979937668203585,0.7137845194073741,-0.004159924478653028,0.7137966412902795
2.2700629234313965,-16.17890389199565,-0.9000000005347509,0.7254682230949474,-2.0196354034511257e-08,0.7254682230949477,-16.176317514483475,-0.8980353037992248,0.71389945207612,-0.004148670187006358,0.7139115065180732
2.2800772190093994,-16.171638852973015,-0.9000000007348996,0.7254682244379633,-1.9563170197523728e-08,0.7254682244379635,-16.169170779195237,-0.8980767639299911,0.7140160182051755,-0.004134583158764479,0.7140279889692491
2.2900912761688232,-16.164373982974666,-0.9000000009222986,0.7254682250530373,-1.765086919904902e-08,0.7254682250530375,-16.162016828461397,-0.8981181043258228,0.7141342978123483,-0.004117785333427982,0.7141461695395334
2.3000762462615967,-16.157130234981185,-0.900000001083722,0.7254682249415921,-1.4470584028207258e-08,0.7254682249415924,-16.154884563327396,-0.8981591319906,0.7142539383075984,-0.004098473229843499,0.7142656969718834
2.3100826740264893,-16.149870879994516,-0.9000000012072571,0.7254682241038903,-1.0007643984527304e-08,0.7254682241038904,-16.14773765146796,-0.8982000312995154,0.7143757699107124,-0.004076674572049291,0.7143874018423684
2.3200762271881104,-16.142620844384652,-0.9000000012796889,0.7254682225418654,-4.275715988985662e-09,0.7254682225418654,-16.14059812281552,-0.8982406517858962,0.7144998947082952,-0.004052566748326139,0.7145113874777747
2.330040693283081,-16.13539204832711,-0.9000000012885526,0.7254682202626662,2.70772598210436e-09,0.7254682202626662,-16.133486440858867,-0.8982808559428632,0.7146263537140146,-0.004026346346658615,0.7146376962401936
2.3400685787200928,-16.128117018206378,-0.900000001220821,0.7254682172412693,1.1014454216213694e-08,0.7254682172412694,-16.12631116609568,-0.8983211377593252,0.7147571473850206,-0.003997775639223576,0.7147683274656438
2.3500685691833496,-16.120862460107126,-0.900000001063939,0.7254682135015131,2.0575095353110378e-08,0.7254682135015135,-16.11916765104102,-0.8983609385122082,0.714891032615829,-0.003967320576303389,0.7149020409448286
2.36006498336792,-16.11361035848425,-0.9000000008051809,0.7254682090375545,3.140733985833096e-08,0.7254682090375553,-16.112017786186165,-0.8984004528290019,0.7150289826884024,-0.00393493606556197,0.715039809945049
2.370065689086914,-16.106355084437173,-0.9000000004315779,0.7254682038458209,4.3519784285203067e-08,0.7254682038458222,-16.10486605651554,-0.8984396367019689,0.715171051215137,-0.0039007403812730585,0.7151816889935636
2.3800628185272217,-16.099102602772735,-0.8999999999306996,0.7254681979510654,5.6856391940681167e-08,0.7254681979510677,-16.097714491849626,-0.8984784612420014,0.7153174548053912,-0.003864841675813258,0.7153278955489167
2.390061616897583,-16.0918486346804,-0.8999999993037473,0.7254681929832076,6.775316469698965e-08,0.7254681929832107,-16.090563239681615,-0.8985169090373998,0.715468547804068,-0.0038273377771864403,0.7154787847388088
2.4000697135925293,-16.08458820415731,-0.8999999985909746,0.7254681899722334,7.389386898459631e-08,0.7254681899722372,-16.08340453953472,-0.8985550056308182,0.7156248739619016,-0.0037882808264512046,0.715634900843026
2.410073757171631,-16.077330492709304,-0.8999999978408864,0.7254681889234668,7.526705340463296e-08,0.7254681889234706,-16.076240168970145,-0.898592725659565,0.7157866443951169,-0.003747769228825453,0.7157964557530402
2.4200727939605713,-16.070076626968863,-0.8999999971012735,0.7254681898344109,7.187896861684766e-08,0.7254681898344144,-16.06908435268866,-0.8986299804267759,0.7159533381096658,-0.0037059744786814516,0.7159629296249981
2.4300360679626465,-16.0628485211341,-0.899999996421595,0.7254681926903349,6.376895731608657e-08,0.7254681926903377,-16.061950941342886,-0.8986666875013848,0.7161239885968546,-0.003663073854562694,0.7161333571018262
2.4400665760040283,-16.055571665974735,-0.8999999958428414,0.7254681975299883,5.083079719055216e-08,0.72546819752999,-16.054766408448977,-0.8987032116378965,0.7162994378512241,-0.003618707368095201,0.7163085785532626
2.4500904083251953,-16.048299672119374,-0.8999999954181075,0.7254682043355039,3.3116584371659096e-08,0.7254682043355046,-16.04758398954684,-0.898739265746881,0.7164772680353697,-0.003573274953509422,0.7164861784468144
2.460010290145874,-16.04110309133214,-0.8999999951960282,0.7254682130083671,1.0877123238518927e-08,0.7254682130083672,-16.040478506582414,-0.898774470599627,0.7166543240246315,-0.0035273469091895225,0.716663004709619
2.470080852508545,-16.03379725711123,-0.8999999952202471,0.7254682237848403,-1.6491581196389633e-08,0.7254682237848404,-16.033257545594264,-0.8988097692925913,0.7168341801258694,-0.00347975800447165,0.7168426260431903
2.480062484741211,-16.026555953896896,-0.899999995540074,0.7254682364266811,-4.8382484755011994e-08,0.7254682364266827,-16.026109590018326,-0.8988442249503633,0.7170112956957418,-0.003431814565753843,0.7170195084560115
2.49008846282959,-16.019282338916202,-0.8999999962056828,0.7254682510898721,-8.519029052469352e-08,0.7254682510898771,-16.018917047008266,-0.8988784014096649,0.7171881328786055,-0.0033828117175181,0.71719611080723
2.5000693798065186,-16.012041494631205,-0.8999999972585961,0.7254682676430253,-1.265851996727108e-07,0.7254682676430363,-16.011754295360664,-0.8989119356469909,0.7173627259939298,-0.0033333248579261094,0.7173704703289998
2.5100667476654053,-16.004788772804485,-0.8999999987511632,0.7254682861797451,-1.728018922359176e-07,0.7254682861797657,-16.004582563883865,-0.8989450057779829,0.7175361548537991,-0.003283160300446451,0.7175436660328998
2.5200581550598145,-15.997540280988929,-0.9000000007267868,0.7254683061413502,-2.2245047513601288e-07,0.7254683061413842,-15.997409221969551,-0.8989775710662141,0.7177085463799387,-0.0032324357812448545,0.7177158255102674
2.5300354957580566,-15.990302063076319,-0.9000000031444346,0.7254683209739204,-2.592314663006158e-07,0.7254683209739667,-15.990248897252394,-0.8990095612332775,0.7178798855052948,-0.0031813208310077184,0.7178869345623481
2.540079355239868,-15.983015589074153,-0.9000000058593476,0.7254683287683488,-2.7839509834061753e-07,0.7254683287684022,-15.983040059412769,-0.8990412440827984,0.7180517785120656,-0.003129436374934098,0.7180585978848559
2.550034284591675,-15.975793620771636,-0.900000008651867,0.7254683294278428,-2.797044477321055e-07,0.7254683294278967,-15.975896465935621,-0.8990721159766139,0.7182216055728262,-0.0030776608015343153,0.7182281996048454
2.560032367706299,-15.968540299933052,-0.9000000113811693,0.7254683230098093,-2.6329866326882264e-07,0.7254683230098571,-15.968706672853676,-0.8991026594328779,0.7183919400684723,-0.0030252460230640247,0.7183983099011603
2.570061683654785,-15.96126436054316,-0.9000000138648071,0.7254683094428107,-2.289993625630677e-07,0.7254683094428468,-15.96150218224305,-0.8991327308637848,0.7185620199071595,-0.0029724717471471367,0.7185681679850178
2.580031633377075,-15.95403150180853,-0.9000000159043228,0.7254682888793806,-1.771914123585447e-07,0.7254682888794023,-15.954341188208954,-0.899162087618133,0.7187305622540593,-0.002919816513919762,0.7187364930532686
2.590034246444702,-15.946774904541643,-0.9000000173428083,0.7254682611579376,-1.07467248491118e-07,0.7254682611579456,-15.947146678309752,-0.899191046338765,0.718899528020095,-0.0028667634518424303,0.7189052439092403
2.600038528442383,-15.93951717803354,-0.9000000179949994,0.7254682263283823,-1.9952830326512526e-08,0.7254682263283826,-15.939967612076705,-0.8992194060979406,0.7190679273977256,-0.0028137185425962485,0.7190734324282171
2.61006498336792,-15.932243279047178,-0.9000000176808328,0.7254681842930993,8.559686392843329e-08,0.7254681842931044,-15.932742126266554,-0.8992474082564985,0.7192373538450705,-0.0027602679027455435,0.7192426504629394
2.620084762573242,-15.924974196901006,-0.9000000162202234,0.7254681351566883,2.08919050988648e-07,0.7254681351567184,-15.92553635365037,-0.8992747922406226,0.7194063564917903,-0.002706941707343746,0.7194114492376388
2.63006329536438,-15.917735080016417,-0.9000000134490317,0.7254680791402335,3.4945921302908204e-07,0.7254680791403176,-15.918354071219165,-0.8993015487205632,0.7195748926004517,-0.0026538072922653003,0.7195797862322816
2.640061140060425,-15.910482071013547,-0.9000000091774691,0.7254680159279498,5.080097681619852e-07,0.7254680159281278,-15.91115888720778,-0.8993278157008494,0.7197437212642901,-0.002600632559238511,0.7197484196502805
2.650075912475586,-15.903216538199507,-0.9000000032201817,0.7254679454930019,6.846378173754662e-07,0.7254679454933249,-15.903951649973921,-0.8993535882606672,0.719912335610715,-0.0025474593514297306,0.7199168427767347
2.660066604614258,-15.895968735100695,-0.8999999954502609,0.7254678733129263,8.656094381104584e-07,0.7254678733134428,-15.896757329652536,-0.8993787781365876,0.7200793206870448,-0.0024945055583229896,0.7200836414188955
2.6700778007507324,-15.888705890769407,-0.8999999861120708,0.7254678241439333,9.888532940413743e-07,0.7254678241446073,-15.889548318412244,-0.8994034839864377,0.7202442718261205,-0.0024416002478346464,0.7202484102794735
2.6800615787506104,-15.881462989907622,-0.8999999759014352,0.7254678014917382,1.0455797066798327e-06,0.7254678014924917,-15.882356085895609,-0.8994275997245327,0.7204053299185146,-0.0023890059343135406,0.7204092911146815
2.6900620460510254,-15.874207968024386,-0.899999965437048,0.7254678052133192,1.0361470190724003e-06,0.7254678052140592,-15.875153160971784,-0.8994512210163205,0.7205619899239609,-0.002336552865973244,0.7205657782621055
2.7000694274902344,-15.866947949674776,-0.8999999553919407,0.7254678353985422,9.60329896934188e-07,0.7254678353991778,-15.867942476360932,-0.8994743389136697,0.7207132207902249,-0.0022842957885374606,0.7207168408113335
2.7100682258605957,-15.85969410607334,-0.8999999464447752,0.7254678919945153,8.1826117016553e-07,0.7254678919949767,-15.86073051784318,-0.8994969346298973,0.720858331855739,-0.002232316551805719,0.7208617883082902
2.7200605869293213,-15.852445003432585,-0.8999999392535218,0.7254679749527653,6.100624148325668e-07,0.7254679749530217,-15.85353206586577,-0.8995189663991323,0.7209966615153335,-0.0021807563776617776,0.7209999595108415
2.7300596237182617,-15.845190993490377,-0.8999999344711378,0.7254680843846029,3.354542775191944e-07,0.7254680843846805,-15.8463188607635,-0.8995405248524772,0.721128507937499,-0.0021294488289916188,0.7211316519973859
2.7400519847869873,-15.83794176388287,-0.8999999327659702,0.7254682201445606,-5.198205882199552e-09,0.7254682201445606,-15.839110820681825,-0.8995615532579505,0.7212533938357766,-0.0020785733163773113,0.7212563889399229
2.750067949295044,-15.830675633000958,-0.8999999348051472,0.7254683827049188,-4.1308004483946623e-07,0.7254683827050364,-15.831890158834815,-0.8995821075216834,0.7213716904195322,-0.0020280417632531455,0.7213745412004272
2.7600631713867188,-15.823424307171637,-0.8999999412445636,0.7254685713677658,-8.864400965215746e-07,0.7254685713683073,-15.824674777920606,-0.8996021404886912,0.7214834078122291,-0.001978017252067244,0.7214861192709093
2.7700603008270264,-15.816171727165464,-0.8999999527489057,0.7254687864768226,-1.4261408038542472e-06,0.7254687864782243,-15.817462148957302,-0.8996216652760465,0.7215893130562663,-0.0019285178744514527,0.7215918901277968
2.7800607681274414,-15.80891672326117,-0.8999999699866981,0.7254690280868474,-2.0323195438087973e-06,0.7254690280896942,-15.810286688000513,-0.8996405978131404,0.7216897364515334,-0.001879810148429827,0.7216921846505461
2.790045738220215,-15.801672878153614,-0.8999999935764947,0.7254692956977584,-2.703721673672424e-06,0.7254692957027966,-15.803047477982947,-0.8996592090219809,0.7217868631442962,-0.0018312417670905785,0.721789186157629
2.8000574111938477,-15.794409777825766,-0.9000000240524004,0.7254695533496561,-3.3501290752598795e-06,0.7254695533573914,-15.79581422536668,-0.8996773188711616,0.7218804524222138,-0.0017833170832877673,0.7218826551518742
2.8100626468658447,-15.787151245841741,-0.9000000598117635,0.7254697154009715,-3.756679567801002e-06,0.725469715410698,-15.788590110778399,-0.8996949272382085,0.7219711752538781,-0.0017360807313180771,0.7219732625754028
2.8200643062591553,-15.779895415105177,-0.9000000983849984,0.7254697787169861,-3.9155086122319984e-06,0.7254697787275525,-15.781369601509732,-0.8997120555210105,0.7220597388169092,-0.0016895155693510892,0.7220617154254906
2.8300621509552,-15.772642333759045,-0.900000137294455,0.725469743408482,-3.826894153566799e-06,0.7254697434185756,-15.774149804274387,-0.899728717759621,0.7221467298607988,-0.0016436164055467068,0.7221486003057362
2.8400986194610596,-15.765361068038933,-0.9000001742171497,0.7254696088055568,-3.4891553276838985e-06,0.7254696088139473,-15.76691219868378,-0.8997449621335237,0.722232828519921,-0.0015982731652008353,0.7222345969759384
2.850069761276245,-15.758127325314337,-0.9000002063089558,0.7254693767021072,-2.9067932088268373e-06,0.7254693767079307,-15.75969744415141,-0.8997607040724829,0.7223179161704119,-0.001553737137370702,0.7223195872464336
2.8600659370422363,-15.750875348552059,-0.9000002314196323,0.7254690455854566,-2.0760123255159352e-06,0.725469045588427,-15.752478303335383,-0.8997760118249549,0.7224025904954723,-0.0015098241284277533,0.7224041682628
2.8700618743896484,-15.743623630957238,-0.9000002469894135,0.7254686159337052,-9.980122751550421e-07,0.7254686159343916,-15.74525789647576,-0.8997908847183312,0.7224869955461296,-0.0014665322970631657,0.7224884839568388
2.8800628185272217,-15.736368339415623,-0.9000002505462787,0.725468087451934,3.2794689199531307e-07,0.7254680874520082,-15.738033764075238,-0.8998053336552602,0.7225712472901994,-0.001423818276159357,0.7225726500975511
2.8900983333587646,-15.729087808835876,-0.9000002395386288,0.7254674579735552,1.9073011084480024e-06,0.7254674579760623,-15.730779189602234,-0.8998194153400348,0.722655656021496,-0.0013814924421880644,0.7226569765118348
2.9000723361968994,-15.72185204056537,-0.9000002116607505,0.7254667339488419,3.723866727578505e-06,0.7254667339583992,-15.72357042464102,-0.8998329876578024,0.7227392589099572,-0.0013399598184072456,0.7227405010527838
2.9100658893585205,-15.714601999934539,-0.9000001643230153,0.7254659100921065,5.790905473846399e-06,0.7254659101152189,-15.716348313570457,-0.8998461707654173,0.7228226136767862,-0.001298833413408087,0.7228237806068477
2.9200875759124756,-15.7073317232033,-0.9000000948669186,0.725464985021757,8.111883706859951e-06,0.7254649850671092,-15.709102124548124,-0.8998589859115065,0.7229056698767948,-0.0012580136012553824,0.7229067644850464
2.9300639629364014,-15.700094167409116,-0.9000000013871663,0.7254639657300744,1.0669257978760586e-05,0.7254639658085298,-15.701890078826528,-0.8998713345508782,0.7229875576855089,-0.001217787689550976,0.7229885832950019
2.9401438236236572,-15.692781627511412,-0.8999998816935169,0.7254630672057855,1.2923627801082579e-05,0.7254630673208983,-15.69460663493587,-0.8998833995919773,0.7230692523903344,-0.0011775307514712689,0.7230702112042701
2.9500815868377686,-15.685572156171817,-0.8999997460262068,0.7254625474083288,1.4227780478566248e-05,0.7254625475478464,-15.687442823025693,-0.899894869728548,0.7231483987773337,-0.0011382645851164674,0.7231492946138351
2.960038423538208,-15.678348859427539,-0.8999996016515937,0.7254623911641467,1.4619786008773612e-05,0.7254623913114583,-15.680216931057496,-0.8999060462977151,0.7232269147065084,-0.001098965343693639,0.7232277496616967
2.9700491428375244,-15.671086369305314,-0.8999994571703043,0.7254626019470585,1.4090928628165825e-05,0.7254626020839051,-15.672982539702677,-0.8999168431054059,0.7233043685663402,-0.0010599258856369752,0.7233051451704426
2.9800734519958496,-15.663814115570442,-0.8999993224457927,0.7254631826273135,1.2634006976021673e-05,0.7254631827373247,-15.66572439642826,-0.8999272837561553,0.7233810549647204,-0.001021092698599275,0.7233817756290042
2.990072011947632,-15.656560473197796,-0.8999992072401846,0.7254641302639195,1.0256399967159652e-05,0.7254641303364205,-15.658491179443223,-0.8999373014410009,0.723456497678768,-0.0009827875728809466,0.7234571652178465
3.000034809112549,-15.64933297834343,-0.8999991206739579,0.7254654404657375,6.969124880519866e-06,0.7254654404992117,-15.651287793965876,-0.8999468981505654,0.7235306261140177,-0.0009451262569058679,0.7235312434087308
3.010030508041382,-15.642081412126645,-0.8999990713317725,0.7254671221760218,2.7497432343558267e-06,0.725467122181233,-15.644050240247179,-0.8999561651361734,0.7236040241641485,-0.0009078988630999903,0.7236045937298182
3.0200273990631104,-15.63482891462171,-0.899999068779914,0.7254691719249016,-2.3930391165542516e-06,0.7254691719288484,-15.636815942214701,-0.8999650585874864,0.7236761931935747,-0.0008714543903519758,0.7236767178981914
3.0300381183624268,-15.627566529824064,-0.8999991223687311,0.7254715930628298,-8.467628394325877e-06,0.7254715931122465,-15.629578935058214,-0.8999735945478106,0.7237470571003656,-0.0008359349516916485,0.7237475398567399
3.0400285720825195,-15.620318689370642,-0.8999992410893571,0.7254743770854807,-1.5452687408189175e-05,0.7254743772500527,-15.62234225517565,-0.8999817796106119,0.7238165228762942,-0.0008015395016325155,0.7238169666803214
3.050037145614624,-15.61305761847915,-0.8999994346237071,0.7254775345559511,-2.337471876343441e-05,0.7254775349325152,-15.615094011102189,-0.8999896387916863,0.7238848933011462,-0.0007683986893439813,0.7238853011259156
3.0600745677948,-15.605775800204915,-0.8999997129971495,0.7254810713254034,-3.224840290534126e-05,0.7254810720421412,-15.607834226634035,-0.8999971846017468,0.7239523221985711,-0.0007367055494909358,0.7239526970401936
3.070058584213257,-15.598532505571285,-0.9000000828132014,0.7254849216120764,-4.1908694717105565e-05,0.725484922822535,-15.600608385632885,-0.9000043867313676,0.7240185398143836,-0.0007068315458815352,0.7240188848405726
3.0800487995147705,-15.591284770122554,-0.9000005423806693,0.7254879560087234,-4.952193417975722e-05,0.7254879576989113,-15.593372245880252,-0.9000113087935748,0.7240842820727819,-0.0006787423241718384,0.7240846001925455
3.09002685546875,-15.584045817200746,-0.900001060172291,0.7254896182541926,-5.369247327658469e-05,0.725489620241045,-15.586144496076319,-0.900017951614897,0.7241496868752229,-0.0006526453477516302,0.7241499809759255
3.1000607013702393,-15.576766268434008,-0.9000016055034796,0.7254899106634931,-5.4426120304057735e-05,0.725489912705012,-15.578881434195226,-0.9000243743911808,0.7242156072850051,-0.0006284649249479531,0.7242158799718151
3.110067367553711,-15.569506641241922,-0.9000021393681172,0.725488824932517,-5.170204043682792e-05,0.7254888267747928,-15.571628021794378,-0.9000305561797289,0.7242822041892655,-0.0006063454300670839,0.7242824579955264
3.1200621128082275,-15.56225549967284,-0.9000026281765598,0.7254863674202578,-4.5536188261300306e-05,0.7254863688493298,-15.564388560623355,-0.9000365141587471,0.7243499311303969,-0.0005861622628350355,0.7243501682990134
3.130063533782959,-15.554999590456951,-0.9000030383900303,0.725482534672437,-3.5919897055613046e-05,0.7254825355616651,-15.557145542535032,-0.9000422811722302,0.7244190687487302,-0.0005676221497858537,0.7244192911302697
3.1400625705718994,-15.547745506766846,-0.9000033351303793,0.7254773293072265,-2.2859735765564102e-05,0.7254773296673809,-15.549901992102857,-0.9000478694967223,0.7244894011808642,-0.0005503756790404475,0.7244896102338496
3.150101661682129,-15.540462472593198,-0.9000034843072974,0.7254707214865356,-6.280841197019865e-06,0.7254707215137242,-15.542627554240303,-0.9000533122790223,0.7245610352423772,-0.0005338724454337306,0.7245612319268079
3.1600654125213623,-15.53323404909301,-0.9000034506430231,0.7254627942634946,1.3608407951555996e-05,0.7254627943911295,-15.53540925689907,-0.9000585501168261,0.7246328657988788,-0.0005177247635863955,0.7246330507469464
3.170069694519043,-15.525976346466214,-0.9000032002632264,0.725453462774907,3.702093179912167e-05,0.7254534637195226,-15.528158955886067,-0.9000636473406162,0.7247052906222655,-0.0005010794433867313,0.7247054638517023
3.1800379753112793,-15.5187449078908,-0.9000027007049537,0.7254427975098515,6.377987461469832e-05,0.7254428003135683,-15.520940167674404,-0.9000685512633607,0.7247772184776539,-0.00048337761732746714,0.7247773796678023
3.1900317668914795,-15.511494991093029,-0.9000019149293614,0.725430734608699,9.404545896685797e-05,0.7254307407047657,-15.51369038619818,-0.9000732897917458,0.724848876492073,-0.00046373793276343434,0.7248490248353037
3.2000339031219482,-15.50423924965701,-0.900000808434599,0.7254172881386162,0.0001277823906074161,0.725417299393062,-15.506439032273086,-0.9000778200390328,0.7249196076121964,-0.0004415036251203132,0.7249197420584377
3.2100348472595215,-15.496984460533158,-0.8999993493948768,0.7254030308259153,0.00016355371037805476,0.7254030492638144,-15.499192172978828,-0.9000821090101263,0.7249889218310105,-0.00041601475702830515,0.7249890411902576
3.2200474739074707,-15.489721260146563,-0.899997572284883,0.7253927820712123,0.00018926763603930574,0.7253928067628265,-15.491931009185635,-0.9000861316846932,0.7250563439421143,-0.00038659568628978167,0.7250564470073555
3.2300336360931396,-15.482477416726123,-0.8999956076376565,0.7253876796946983,0.00020206939890294521,0.7253877078396768,-15.484689888604882,-0.9000898278796445,0.7251209684631121,-0.0003529075715997467,0.7251210543410223
3.2400262355804443,-15.475228900396244,-0.8999935778868964,0.7253876913527906,0.0002020401483879037,0.7253877194896209,-15.47744585151805,-0.900093165846145,0.7251826103412552,-0.00031462753530068176,0.7251826785933615
3.250030755996704,-15.467971818324003,-0.899991610371468,0.7253928310777712,0.0001891446777713104,0.7253928557373123,-15.470216806953955,-0.9000960928216932,0.7252409389922242,-0.00027199116740214956,0.7252409899954071
3.260056972503662,-15.460698858434666,-0.899989832706518,0.7254031298349816,0.00016330529561168816,0.7254031482169117,-15.462915644395471,-0.9000985981326238,0.72529666952458,-0.0002250243007098697,0.7252967044316303
3.270068645477295,-15.453436246673986,-0.8999883807293709,0.7254185560660973,0.00012460118113493903,0.7254185667671292,-15.455652824569539,-0.9001006051291107,0.7253491087826183,-0.00017545511541309727,0.7253491300030876
3.2800958156585693,-15.446162190127978,-0.8999873796532556,0.725439156787077,7.291437221212358e-05,0.7254391604514131,-15.44838022312257,-0.9001021094546912,0.7253987010278308,-0.00012449691174541998,0.7253987117112528
3.2900702953338623,-15.438926297847694,-0.8999869621425949,0.7254647625869537,8.66991767055182e-06,0.7254647626387601,-15.441144790600502,-0.9001030996646718,0.7254451295443289,-7.439585933931427e-05,0.7254451333590516
3.300067186355591,-15.431673700963504,-0.8999872507955062,0.7254955441632579,-6.856045928040736e-05,0.7254955474027931,-15.43389140144541,-0.9001036031853911,0.7254887649308177,-2.700177577960651e-05,0.7254887654333038
3.3100640773773193,-15.424420722862296,-0.8999883757822543,0.7255314494553555,-0.0001586461395195911,0.7255314668002943,-15.426641752784949,-0.9001036572472899,0.7255295392945096,1.5070561790215723e-05,0.725529539451031
3.3200628757476807,-15.417166191307382,-0.8999904660350599,0.7255724853015328,-0.00026160428017566004,0.7255725324620844,-15.419386339950151,-0.9001033278221053,0.7255677769132778,4.927867681229901e-05,0.7255677785867175
3.330099105834961,-15.40988389484869,-0.8999936642393338,0.7256188298976283,-0.00037788197114316745,0.725618928292797,-15.41210326815336,-0.900102704210059,0.725604238225405,7.303460103816071e-05,0.7256042419009988
3.340061664581299,-15.40265462624681,-0.8999980570940668,0.7256699410190172,-0.0005061187813768396,0.7256701175153657,-15.404874736753897,-0.9001019123562053,0.725639278445185,8.355115608493363e-05,0.7256392832552856
3.3500659465789795,-15.395394508237919,-0.9000037922334446,0.7257215016900304,-0.0006354835028261312,0.7257217799229365,-15.39761455754267,-0.9001010869944278,0.7256741240456535,7.867086159549255e-05,0.7256741283100362
3.360062837600708,-15.388139406350772,-0.9000106116151585,0.7257555179180311,-0.0007208295576881887,0.7257558758864586,-15.390359608187643,-0.9001003973765193,0.7257094247184301,5.620892693719417e-05,0.7257094268952267
3.3700785636901855,-15.380870361790459,-0.9000180587087317,0.7257704236819602,-0.0007582278295623632,0.7257708197502387,-15.383091474031199,-0.9001000266497413,0.7257460379461328,1.45081285998771e-05,0.7257460380911462
3.3800628185272217,-15.373624018999331,-0.9000256157856141,0.7257661800417301,-0.0007475806185254991,0.7257665650669961,-15.375844948283923,-0.9001001717983824,0.7257843085663986,-4.680214238238302e-05,0.7257843100754148
3.3900277614593506,-15.366391996260646,-0.9000328141973973,0.7257429278695159,-0.0006892413701279774,0.7257432551572792,-15.368610973229107,-0.9001010227903072,0.7258243791610682,-0.000126824079008627,0.7258243902411223
3.400101900100708,-15.359080944544248,-0.9000392574764193,0.7257001084652794,-0.0005818083168285152,0.7257003416889343,-15.361299090663195,-0.9001027769910902,0.7258663530017468,-0.00022424397536015332,0.7258663876399134
3.410029888153076,-15.351876505258286,-0.9000443106416538,0.7256389136127841,-0.0004282716209346411,0.7256390399955909,-15.354092915606856,-0.9001055340084346,0.7259081859769889,-0.00033239213217503864,0.7259082620778828
3.4200634956359863,-15.3445960756024,-0.9000476285439141,0.7255579070218268,-0.0002250276582326299,0.7255579419173501,-15.346809624470275,-0.9001094452938944,0.7259494441265646,-0.00044792853178251185,0.7259495823179718
3.4300696849823,-15.337336486599666,-0.9000486654332692,0.7254579396101186,2.578863527267979e-05,0.7254579400684867,-15.339546714327406,-0.9001145012617865,0.7259877758294929,-0.0005619511039226652,0.7259879933186894
3.4399948120117188,-15.330136761449634,-0.900046978341982,0.7253398573480058,0.0003220547364218606,0.7253399288450062,-15.332341862425348,-0.9001206045682758,0.7260207572034932,-0.0006653246712441451,0.7260210620548496
3.450066328048706,-15.322832263529019,-0.9000420183688318,0.7252007695759226,0.0006710232538953919,0.725201080022443,-15.325028724326195,-0.9001277562476641,0.7260464452218222,-0.0007508841563836224,0.7260468335074954
3.4600777626037598,-15.315572747132926,-0.900033362619455,0.7250432762605208,0.0010661709218855505,0.7250440601584324,-15.317759680285722,-0.9001355808505339,0.7260613697041537,-0.0008065137995645702,0.7260618176444624
3.4700305461883545,-15.308357292965699,-0.9000205982313892,0.7248676942488829,0.001506702777218967,0.7248692601558924,-15.310534630965025,-0.900143723939154,0.7260626974984696,-0.000822789697624141,0.7260631636997161
3.4800760746002197,-15.301076670959885,-0.9000030279360134,0.7246712630545751,0.0019995448267170705,0.7246740216653466,-15.303238771068726,-0.9001518738097698,0.7260473063289046,-0.0007902487351677353,0.7260477363923957
3.4900312423706055,-15.29386399869855,-0.8999802976710952,0.7242996037256889,0.0026048629802121405,0.7243042877605624,-15.29601066961294,-0.9001593439130376,0.7260125241959313,-0.0007003589706716407,0.7260128620017937
3.5000736713409424,-15.28659401855931,-0.8999500724711631,0.7234681589431388,0.0034550660779489317,0.7234764090737014,-15.28872073947966,-0.9001656503962069,0.7259548342138095,-0.000543775827551693,0.7259550378711827
3.5100202560424805,-15.27940390664547,-0.899910525286729,0.7221878146740235,0.0045364678056121575,0.7222020625862218,-15.281501150361178,-0.9001699845376301,0.7258703512072887,-0.00031558473432958113,0.7258704198102559
3.5200655460357666,-15.272157820859158,-0.8998584597124435,0.720433371821261,0.005870292005510196,0.7204572878123874,-15.274211554636054,-0.9001716606300694,0.7257474059869825,-2.9785920657022353e-06,0.7257474059930948
3.53004789352417,-15.264976754041474,-0.8997922425683729,0.7182305316268461,0.007436416915703284,0.7182690281903614,-15.266976598839838,-0.9001697597703001,0.7255698226112037,0.0004001996608484071,0.7255699329794628
3.5400285720825195,-15.257821186127053,-0.8997092101992814,0.715570269184172,0.009242090417922856,0.7156299507256536,-15.25972525322827,-0.9001633026973923,0.725308938306926,0.0009107188589069509,0.7253095100691567
3.550072193145752,-15.25064968839424,-0.8996062495541273,0.7124311667478743,0.011301197147036457,0.712520795774196,-15.252442302063274,-0.9001510752916151,0.7249256912812118,0.0015476664036218491,0.7249273433598981
3.560074806213379,-15.243541107108047,-0.8994819462287926,0.708844170388115,0.013593238886926526,0.7089744946305558,-15.245229343967855,-0.9001319369393841,0.7243787345070376,0.0023217432752863825,0.7243824552664522
3.570028305053711,-15.236505211789407,-0.8993343012865405,0.7048183360428619,0.016113142962778083,0.7050024965901663,-15.237987043031747,-0.900104143944329,0.7236064813587462,0.0032649425818784615,0.7236138470997141
3.5800461769104004,-15.22946661333465,-0.8991591729761796,0.7003067914800182,0.018890140319700762,0.7005615173518566,-15.230744643556584,-0.9000659331286408,0.7225472423969487,0.004399931054447179,0.7225606389007907
3.5900535583496094,-15.2224829390344,-0.8989552485434382,0.6953396094860997,0.021905381422694478,0.6956845680734591,-15.223518449558888,-0.9000153220074505,0.721135409996926,0.005750701537335444,0.7211583391458537
3.6000325679779053,-15.215570824101412,-0.8987206564273251,0.68992824804757,0.025152134572747852,0.690386570935121,-15.21633036682599,-0.8999502099195608,0.719307101729531,0.0073388855793642465,0.7193445390354228
3.61000919342041,-15.208716428350758,-0.8984525293621679,0.6840605757395251,0.0286378380195187,0.6846597673644353,-15.20916605021697,-0.899867975991088,0.7169912344028847,0.009192740035265693,0.7170501632939834
3.620028018951416,-15.201894368958072,-0.898147070555289,0.6777080018594807,0.03237759473587923,0.6784809830977215,-15.201996525000606,-0.8997653475659553,0.7141077286621893,0.011346784257615606,0.7141978700948778
3.63002872467041,-15.195150440636331,-0.8978053830152505,0.670940082684362,0.03584619679943841,0.671896974526216,-15.194873686050748,-0.8996398507454111,0.7106101119860229,0.013811014485151358,0.7107443108304822
3.640029191970825,-15.188476132619517,-0.8974323078485105,0.6637714569161071,0.03865404973897194,0.6648959938048614,-15.187786857629813,-0.8994880125532572,0.706436218393614,0.016609232373176748,0.7066314437231732
3.6500322818756104,-15.181873935909069,-0.8970343581272808,0.6562003156511671,0.040801554081361505,0.6574675817682158,-15.180742867709784,-0.8993064080128598,0.7015379974599959,0.019751554321515694,0.7018159913953921
3.6600306034088135,-15.175352566549094,-0.8966184348324291,0.6482322316293523,0.04228740235669056,0.6496100757540995,-15.173762878497485,-0.8990920314644943,0.695888880808924,0.023223791802443373,0.6962762949714574
3.6700305938720703,-15.168911729143812,-0.8961908808200097,0.639862171519304,0.043112862668228454,0.6413129637461329,-15.166830504524095,-0.8988409342483881,0.689443285696903,0.027007389970324643,0.6899720598006492
3.680025577545166,-15.162559790333862,-0.8957585948054425,0.6310960569245543,0.04327769597584299,0.6325782102117474,-15.159980250324546,-0.8985512686757449,0.6822099002756974,0.031032026093104677,0.6829153202832838
3.6900269985198975,-15.156293460354714,-0.8953276841083855,0.6219237125248648,0.04278195500138774,0.6233934551103752,-15.153192211733241,-0.898219784545398,0.6741549751882607,0.035232145952818233,0.675074984486557
3.7000732421875,-15.150093396807044,-0.8949031689766205,0.6123068127434692,0.04161864258283292,0.6137195974893611,-15.146460092317154,-0.8978441985657694,0.6652582517300213,0.0395129053172509,0.6664306499415332
3.7100296020507812,-15.144046222588345,-0.8944972745553414,0.6023772313087746,0.03980786145367414,0.6036911417544073,-15.139888677380775,-0.8974301626954497,0.65566649842592,0.04368826734384184,0.657120401343326
3.720092296600342,-15.13803687223536,-0.8941086957995268,0.5919380066105726,0.037312245627727995,0.5931128116504332,-15.133370767648238,-0.8969721525121934,0.6452409579178784,0.04769338311597559,0.647001199819466
3.730081558227539,-15.13217731108387,-0.8937511057877799,0.5811738139586328,0.034173149694332806,0.5821776414388092,-15.126958350284628,-0.8964754133941776,0.6340674632780187,0.05135229846392439,0.6361435424063893
3.740067958831787,-15.126428849952234,-0.8934282497705008,0.5700130428536896,0.030375918757526724,0.5708218333803342,-15.120679427340255,-0.8959459092673685,0.6222151368773017,0.05450438035952564,0.6245977938142394
3.7500686645507812,-15.12078580677956,-0.8931462318618418,0.5584358257251817,0.025912880175059834,0.5590367150843784,-15.11451833471285,-0.8953876156648424,0.6096770628435805,0.05701599004866954,0.6123372796742047
3.7600619792938232,-15.115264622339296,-0.8929123380389568,0.546546112985792,0.02076346739927965,0.5469403762736109,-15.10848977682743,-0.8948083797852235,0.5965014465250792,0.05874417240776334,0.5993870648407296
3.7700300216674805,-15.1098717621587,-0.8927358357189784,0.535756677303376,0.014417035496902233,0.5359506210348791,-15.102612059571914,-0.8942179434729739,0.5827518272905695,0.059561732956227825,0.5857877535790986
3.7800629138946533,-15.104544365152517,-0.892629143735384,0.526491886488601,0.006614813811529668,0.5265334389192078,-15.096836340468462,-0.8936203989421264,0.5683416796419627,0.05935916279055402,0.571433088843692
3.7900612354278564,-15.099319799676884,-0.8926077599996906,0.5188508794934019,-0.0025722701160781347,0.5188572556345596,-15.091227716997192,-0.893032568047381,0.5534809513449249,0.05802971673946432,0.5565147001890836
3.800074338912964,-15.094156204904579,-0.8926854701206857,0.5127913740314399,-0.013185116499843434,0.5129608567699553,-15.085779028615208,-0.8924650104769125,0.5382476886803814,0.05548520098132838,0.5410999740322588
3.810032606124878,-15.0890730658367,-0.8928751480052111,0.5083457165796313,-0.02514192166521049,0.5089670753495539,-15.080488044877564,-0.8919297390927752,0.5227750388171619,0.05163437570516424,0.5253188079297629
3.820078134536743,-15.083982417130333,-0.8931942087410949,0.5054584336653037,-0.03861944521514203,0.50693164205059,-15.075308027189184,-0.8914357137222911,0.5071089034785854,0.04632981363942841,0.5092208672267049
3.8300838470458984,-15.078932619046052,-0.8936536886499367,0.5041771678514078,-0.05345814548180949,0.5070033430866319,-15.070308885649801,-0.8910046531912627,0.49169526750910514,0.039524233864734144,0.4932812596819837
3.840059280395508,-15.073903049474048,-0.8942665800214504,0.5044840719465697,-0.06965658069362238,0.5092702799906145,-15.06547972412304,-0.890651023142059,0.4767865540290669,0.03111688592571208,0.47780087765995793
3.8500332832336426,-15.068863205151104,-0.8950479368119121,0.5063724698480176,-0.08725534150506506,0.5138351611569094,-15.06079493460828,-0.8903898030865315,0.46261820335979,0.020964053732115934,0.4630929643481134
3.8600571155548096,-15.06377121290315,-0.8960171195078417,0.5098636191469854,-0.10635503245277955,0.5208380775804453,-15.05624177567895,-0.8902389885339859,0.44949001756436197,0.00892380010173301,0.44957859168143904
3.8700289726257324,-15.058663009276339,-0.8971782574211095,0.5149215188501933,-0.1267610482228041,0.5302947613559218,-15.05180427402702,-0.8902184055949963,0.4377101606834532,-0.005163240074248155,0.43774061247912416
3.8799993991851807,-15.053497289534494,-0.8985496424467727,0.5215590187830849,-0.14856538787574813,0.5423057113369227,-15.04749193012327,-0.890348889867879,0.4276535491464839,-0.021362296615672592,0.4281867651087316
3.8900465965270996,-15.048216788238054,-0.9001586210155514,0.529846271924045,-0.1719554424914508,0.557050936696313,-15.043237432918467,-0.8906550523250221,0.419511723253756,-0.040020007613548285,0.42141628700932343
3.9000747203826904,-15.042855410692315,-0.9020055552414709,0.5396183709902411,-0.19644978559620746,0.5742651866263159,-15.03906425037714,-0.891159646989908,0.4136704822372792,-0.061124365975990594,0.4181619973053386
3.910033702850342,-15.03742928145688,-0.9040813264747422,0.5502090970071555,-0.2202885518835001,0.5926694664991262,-15.034982565949942,-0.8918800875399672,0.4103932300879897,-0.08459483754921376,0.41902134771635624
3.920051336288452,-15.031860902762281,-0.9064049837950792,0.5616512516315657,-0.2435024329590272,0.6121646537625884,-15.030855157835814,-0.8928629998117859,0.4098217227069181,-0.11116303433622987,0.42463050362085847
3.930028200149536,-15.026197245066381,-0.9089465437487967,0.5738336877260193,-0.26585958199924614,0.6324289829775802,-15.0267555787498,-0.8941154035658679,0.4121875399205204,-0.14022967996111999,0.4353882534103656
3.9400618076324463,-15.020374799745849,-0.9117236911308544,0.586877262472605,-0.2875764225522405,0.6535481007663351,-15.022596016201614,-0.8956796203030593,0.4176028529148588,-0.17209559180383638,0.4516735939602202
3.950040102005005,-15.014450837315914,-0.9146977548508699,0.6006361405030922,-0.3084097460340371,0.6751891177494121,-15.01838969512293,-0.8975653081743554,0.4260412834820624,-0.20623580386414037,0.47333326739891335
3.960026979446411,-15.00838025353304,-0.9178787907403534,0.6151934718886354,-0.3284991786917376,0.6974057056373566,-15.01409607370046,-0.8997961864532549,0.4374323553404786,-0.24241032502458598,0.5001098191170057
3.9700489044189453,-15.002138335792992,-0.9212688001439141,0.630592503701374,-0.3478922537794919,0.720191589762156,-15.00962878111919,-0.9024238998796611,0.4518242766622026,-0.280710170246843,0.5319242207883884
3.9800469875335693,-14.99575358680983,-0.9248405530982347,0.6467441337419384,-0.36647385461846926,0.7433579626589933,-15.005027038692857,-0.9054274163591499,0.46884330018701215,-0.32009161041294326,0.5676906544827035
3.990067481994629,-14.989188448761222,-0.928602928899001,0.6637232539351846,-0.38433048372830086,0.7669670648320821,-15.00023344061292,-0.9088356278823182,0.4883658095237626,-0.3603032663996741,0.6068934071894952
4.000037431716919,-14.982483601572882,-0.9325201301722794,0.6814028250654494,-0.4013352128309661,0.7908095618195649,-14.995262649953661,-0.9126252123295505,0.5099842581819303,-0.4004942507061479,0.6484439747904615
4.0100626945495605,-14.975560077800464,-0.9366260540583631,0.6999704415253842,-0.4176674401489718,0.8151102438135815,-14.990025934954861,-0.9168472081880173,0.5337454629677097,-0.44068032589382367,0.6921584853691396
4.02004861831665,-14.968474625131682,-0.940874882532454,0.7192535139179114,-0.43317189549945506,0.8396210504351674,-14.984574114818743,-0.9214412541539074,0.559103582745633,-0.47979935366508125,0.7367524930507073
4.0300352573394775,-14.96119196829955,-0.9452751653610177,0.7393250679626903,-0.4479153120561734,0.8644244807340985,-14.978858696622838,-0.9264219913287407,0.5859948094934437,-0.517630096430842,0.7818764822427262
4.040058135986328,-14.953679243364242,-0.9498348576367776,0.7596015546401838,-0.46170019151060954,0.8889103378028166,-14.972840616746488,-0.9317966024962153,0.6143542675631403,-0.5538710247727456,0.8271664150313732
4.050032377243042,-14.946009026588749,-0.9545014562203182,0.7780917721074138,-0.4737353735528454,0.9109621342166256,-14.966570109722161,-0.9374893786632854,0.6436777816762861,-0.5876837443576579,0.8716038492376806
4.060027360916138,-14.938147007614077,-0.9592894583522735,0.7948224861022476,-0.48407086218035084,0.9306274141813069,-14.959983448178553,-0.9435240034745785,0.6739652323645737,-0.6189339515580691,0.9150455566951408
4.070032119750977,-14.930118634884803,-0.9641770790242614,0.8097678897491305,-0.4926878973463199,0.9478741474796629,-14.953086348470658,-0.9498601871027305,0.7048859405736064,-0.6471790673398159,0.9569247276673185
4.080029010772705,-14.921956434118801,-0.9691382043854759,0.8229003509964308,-0.49957034907295816,0.962671034851951,-14.945882070186682,-0.9564590164192383,0.736122728208233,-0.6721388325759897,0.9968185799037588
4.090024948120117,-14.913672571068961,-0.9741591238164822,0.8342319474001753,-0.5047255891794098,0.9750337750229944,-14.938367298382792,-0.9632883916956205,0.767381321973204,-0.6936804740813349,1.0344402802651527
4.100032329559326,-14.905274792604697,-0.9792287510771585,0.8437735907811778,-0.508157126574396,0.9849759072120035,-14.93053289241928,-0.9703232678309489,0.7983791576412514,-0.7117753641184182,1.0695949926593062
4.1100687980651855,-14.89676585297995,-0.9843388493920158,0.8515311060126375,-0.5098604961262533,0.9925033753177944,-14.922366440087517,-0.9775436891528848,0.8288290330672996,-0.7264576010997853,1.102133482047855
4.120083808898926,-14.888206567813498,-0.989446364224428,0.8574634388090119,-0.509825173259713,0.9975796991636671,-14.913916802690233,-0.9848790539593212,0.8582197616527281,-0.7377214425873935,1.1317128991685526
4.130067586898804,-14.879623858100121,-0.9945289598030248,0.861579048311757,-0.5080648778045376,1.0002241631496074,-14.905208544941715,-0.9922860532448449,0.886152284564796,-0.7456934415860584,1.158155680495445
4.140061140060425,-14.871000564923767,-0.9995903225215672,0.86390066207531,-0.5045779367492482,1.0004615175948985,-14.896222689262054,-0.9997628466822884,0.9123785682973974,-0.7505633626054848,1.1814313408633026
4.150082588195801,-14.862338859890109,-1.004622194748697,0.8644223012406913,-0.49934820439781613,0.9982858028228067,-14.886952480970438,-1.0072996519383854,0.9365929968912586,-0.7524814535929364,1.2014303058551035
4.160053968429565,-14.853724228150087,-1.0095682958900765,0.8631458688561926,-0.49242215552678903,0.9937305319739154,-14.877506916082952,-1.0147977449351555,0.9582322683882483,-0.7515896747341619,1.2178243384608025
4.170063257217407,-14.845098642153214,-1.0144551111512519,0.8600633887362401,-0.48374181590004983,0.9867700730640054,-14.867816572834258,-1.0223064156571502,0.9772016423052508,-0.7480386080769112,1.2306440626345712
4.180081367492676,-14.83650259534427,-1.0192519566071145,0.8560985631834435,-0.4737861323190728,0.9784569735367121,-14.857943503881277,-1.0297727083336259,0.9931205746317477,-0.7419493354559442,1.2396682185731833
4.190064430236816,-14.827974406878932,-1.02392956940527,0.8524804088355409,-0.4632103179678885,0.970199281653168,-14.847962889145743,-1.037139693172702,1.0056864151738791,-0.7334657979780247,1.2447398292289151
4.200070381164551,-14.819461310692395,-1.0285086479759948,0.8491927605160847,-0.4519571148259084,0.9619737928627202,-14.83785111601457,-1.0444267471181758,1.0147982437800607,-0.722639331119809,1.2458021827161727
4.2100300788879395,-14.811018553563965,-1.0329515022144378,0.8462571084954705,-0.4401064529503394,0.9538578424522408,-14.827719585468731,-1.051556806897097,1.0202916699908773,-0.709648982442567,1.2428180760411172
4.220063209533691,-14.802541301532532,-1.0373045531121003,0.843639525234444,-0.42751309597556764,0.9457775085972455,-14.817472515366783,-1.058600659504986,1.022234211883378,-0.6944250681900374,1.2357948694162673
4.230031251907349,-14.794143378113384,-1.0415009805181459,0.841376616497191,-0.41435026423254795,0.9378703280613176,-14.807283967031797,-1.0654412705252339,1.0206984660721323,-0.6772757197278801,1.224960309224312
4.240027189254761,-14.785742874798931,-1.0455741574138675,0.8394453706156169,-0.4004987261868892,0.9300901891350705,-14.797103718216231,-1.0721165463964106,1.0159418869513785,-0.6582018139050841,1.2105236658117307
4.250030279159546,-14.777354271258368,-1.0495082434980618,0.8378516338916069,-0.3859843548649484,0.9224853834155562,-14.786972559629891,-1.0786006384817657,1.0083128465336222,-0.637348090525769,1.1928568166303866
4.260027885437012,-14.76898428316227,-1.0532919389197248,0.8365974059320697,-0.3708244655551436,0.915098903871339,-14.77693807522647,-1.0848629604036126,0.9982834411752077,-0.6148951725483079,1.172461471498244
4.270028114318848,-14.760622923109949,-1.056921749907317,0.8356815681100825,-0.3550073655290353,0.9079614049389945,-14.767015727711726,-1.0908920474653752,0.9863828130168205,-0.5909694318715774,1.149867785104701
4.280006408691406,-14.752287424342772,-1.0603826607194493,0.8351053973577269,-0.33857399341493694,0.9011289439991065,-14.757236963667083,-1.0966647657408122,0.9732027370256716,-0.5657370378368829,1.1256917710166976
4.290030002593994,-14.743918115823229,-1.0636909336143234,0.834866187992481,-0.3214110649467149,0.894598582898094,-14.74755061729027,-1.1022038772605123,0.9592356027327517,-0.539144672763828,1.100368083742745
4.300034046173096,-14.73556592808448,-1.0668179083779255,0.8349667979815967,-0.30362743352953675,0.8884588747507527,-14.73802453479415,-1.1074601955352297,0.9451280011175108,-0.5114493960016756,1.074638275498719
4.3100266456604,-14.727220413792663,-1.0697605124339202,0.8354005559764804,-0.28522385323298005,0.8827495315087294,-14.728656056348022,-1.1124246521934562,0.9313956013590879,-0.4827280489622471,1.049058690200865
4.320028781890869,-14.718862316427817,-1.0725214636417273,0.8358453182406477,-0.26695714290724554,0.8774414579754076,-14.719403256489132,-1.1171060417081733,0.9184404231762802,-0.4529275146765052,1.024048897502097
4.3300275802612305,-14.710503293951932,-1.0751020561762124,0.8361091170251248,-0.24932109704792565,0.8724903810390777,-14.71027749341898,-1.1214829915426225,0.906686867827077,-0.4221888456999425,1.0001622357015512
4.340014934539795,-14.702152323610854,-1.0775067123057769,0.8361921284480484,-0.23232944294564906,0.8678676429836021,-14.70127580678754,-1.1255420303005264,0.8964500128415535,-0.3906424289529149,0.977867134544287
4.350034713745117,-14.693774200020632,-1.0797518132638317,0.8360941545128395,-0.21590882665642686,0.863521891233045,-14.6923377351259,-1.1292946410659308,0.8878805079804795,-0.3582356855570488,0.9574260299669124
4.360027313232422,-14.685420690128804,-1.0818300857990104,0.8358156336152015,-0.20015766835876983,0.859448000520334,-14.683498582314005,-1.1327109916794857,0.8811249827544115,-0.3252885169436435,0.9392517524547703
4.370054244995117,-14.677042080032578,-1.0837604564312695,0.835354649999809,-0.18497948081223142,0.8555903222909117,-14.674707296162172,-1.1357992631273361,0.8761439915114798,-0.2918455824149778,0.9234728679483797
4.3800294399261475,-14.66871239303282,-1.085532923858075,0.8347156528620481,-0.17050346791602283,0.8519516733385206,-14.665971091026844,-1.138547218201502,0.8728522668917618,-0.25820226841752675,0.9102414466689834
4.390029430389404,-14.660369262706277,-1.0871679844890734,0.8338944572604008,-0.15661559968301475,0.8484741669100413,-14.657252601237147,-1.140960718153827,0.8710643565996328,-0.22451127817618977,0.8995323381439039
4.400033473968506,-14.652031711956834,-1.0886679011087277,0.8328919660184725,-0.14334720335029721,0.8451375318647657,-14.648541028978013,-1.1430392840177142,0.8705511025404935,-0.19104469624857107,0.8912672428060944
4.410027265548706,-14.643713781964951,-1.0900368422209852,0.8317098192931645,-0.13071718108280553,0.841919357740932,-14.639882646796815,-1.1447752380388052,0.8710360593315597,-0.15829597983600194,0.8853030181175778
4.420041561126709,-14.635391392785968,-1.0912851367789236,0.8303440569632452,-0.11868715262440341,0.8387835794364774,-14.631114054978514,-1.1462047641546467,0.8722359645173522,-0.12596138045751085,0.8812842034010808
4.430029630661011,-14.627105386402455,-1.0924132742732786,0.8288012391234607,-0.1073130334521595,0.8357197982106731,-14.622390248184123,-1.1473072987462087,0.873835091820613,-0.09491569742477354,0.8789748331521048
4.440097332000732,-14.618769927911343,-1.0934385943342504,0.8270635745203917,-0.09647932746129448,0.8326718542894501,-14.613583337102668,-1.1481114429223167,0.8755591734874151,-0.06496933730378887,0.877966332536538
4.450065612792969,-14.610534763539539,-1.0943494676233223,0.8251563322838942,-0.08637598311240127,0.8296648619574305,-14.604846528978001,-1.1486175280637136,0.8771056997148771,-0.03687266675957985,0.877880403031237
4.460059642791748,-14.602298829140961,-1.0951646555534098,0.8229892300692868,-0.07686369029363055,0.8265708074300668,-14.596074595827055,-1.148852443852408,0.8782542245969602,-0.010451886251684727,0.8783164150513334
4.470059156417847,-14.594081243896467,-1.0958882444014342,0.8205463055260411,-0.06796252690919527,0.8233560254084002,-14.58728909544589,-1.1488326737037418,0.8787964044290432,0.01407658680282297,0.8789091367902782
4.480070352554321,-14.585880006127631,-1.0965265984682615,0.8178254163819332,-0.05966887671859362,0.8199992600784107,-14.578494730348622,-1.1485774157184978,0.8785675355195759,0.03659776327248403,0.8793294665513547
4.490060091018677,-14.577724927390486,-1.097083898170565,0.8148359661863336,-0.05200922891088622,0.8164940977635544,-14.569722223300653,-1.148108154649128,0.877448629922645,0.05698159984011346,0.8792968786897095
4.500066041946411,-14.569587875490187,-1.097568486658261,0.8115668597101315,-0.04495411361369185,0.8128109497974034,-14.560951765334266,-1.147444738210145,0.875360140994559,0.07526666528433619,0.8785900337159753
4.510059118270874,-14.56149516207222,-1.0979850829116025,0.8080274110752765,-0.03852428182465739,0.8089452499020682,-14.552218488533317,-1.1466101335736165,0.8722726699532071,0.09140882194658462,0.8770491340152836
4.520074367523193,-14.553421588069199,-1.0983412178543657,0.8042049951366931,-0.032698338799051464,0.8048694649215027,-14.543502803708476,-1.1456224508385766,0.8681803614939133,0.10551207583815447,0.874568429701975
4.530077934265137,-14.545396816103985,-1.0986417891464917,0.8001118942533373,-0.027496630448437427,0.8005842291799667,-14.534842591334652,-1.1445048604525996,0.8631344442520554,0.11761171048161555,0.8711105459680281
4.54006290435791,-14.53742934594505,-1.0988929800729665,0.7957523835590454,-0.022920206669270936,0.7960824026529315,-14.526254046982812,-1.1432781415416968,0.8572130958347305,0.1278206748786576,0.8666904964270684
4.550067186355591,-14.52949142289707,-1.0991019137317926,0.7911097485226554,-0.018951599462194442,0.7913367155198566,-14.517716095787437,-1.141956268203073,0.8504902792418532,0.1363134869074958,0.8613449261461783
4.560070991516113,-14.521601586913675,-1.0992742269786195,0.7861923644909456,-0.015600402859300568,0.7863471285337261,-14.50923726352443,-1.1405555644159113,0.8430725308925017,0.14323424596581383,0.8551534023570762
4.5700602531433105,-14.513773813157771,-1.099415913262655,0.7810079196502512,-0.012870040928591293,0.7811139536008282,-14.500854192300189,-1.1390961025208823,0.8351048989669321,0.14871879370536117,0.8482437573479381
4.580078125,-14.505976942732046,-1.0995337078704703,0.775533306830429,-0.01074994150046475,0.7756078076229015,-14.492530878239927,-1.1375842012842514,0.8266690455078481,0.15295533987659943,0.8407003311511319
4.590059518814087,-14.498264217156468,-1.099632866557885,0.7699097875297833,-0.009170127277383408,0.7699643966888596,-14.484323551130702,-1.1360411820496437,0.8179336422835427,0.15607108324719796,0.8326905945218646
4.600088119506836,-14.490570235270622,-1.099717582837447,0.7645638293712398,-0.007744375458828593,0.7646030503039218,-14.47616615911903,-1.1344644953704703,0.808932356030856,0.15823500507473043,0.8242632306882501
4.610064506530762,-14.48296771234874,-1.0997882515697643,0.7596046327116086,-0.0064421784947236715,0.7596319501579009,-14.46814131865969,-1.1328786828462605,0.7998490770326853,0.1595512151076115,0.8156072193601241
4.620070934295654,-14.475390172621893,-1.099846664912703,0.7549900981485163,-0.005252408975598724,0.7550083682333284,-14.46018266129872,-1.1312784376303313,0.790694395091915,0.16014766684554999,0.8067495904094668
4.63008189201355,-14.46785355559469,-1.0998937751361086,0.7507338452269932,-0.0041787013506153405,0.7507454747877502,-14.452313283161343,-1.1296749779149067,0.7815721506432574,0.1601181412352557,0.7978050174157593
4.6400604248046875,-14.460381955541807,-1.0999306157781368,0.7468501101688788,-0.003224539937164664,0.7468570711435173,-14.444557996828479,-1.1280793716859623,0.7725848801597031,0.15955220659301625,0.7888880171989452
4.650065183639526,-14.452927882011323,-1.0999585757707133,0.7433157580382435,-0.0023842145954152466,0.7433195817595589,-14.436906906988453,-1.1264949439351357,0.7637910276288655,0.15852934516164366,0.7800694117600934
4.660078763961792,-14.445500956700714,-1.0999787256152018,0.7401388464304537,-0.001659802233110951,0.7401407075271943,-14.429277383659265,-1.1249092168985655,0.7551640275771591,0.1571015632056409,0.7713323600810562
4.670030117034912,-14.438149747517476,-1.099992140524912,0.7373389175146173,-0.0010554843381277066,0.7373396729654629,-14.421797678650506,-1.1233530356133128,0.7469143480143702,0.15534842617167757,0.762898536362306
4.680065631866455,-14.43076283344772,-1.10000016254043,0.734876061555459,-0.0005627754736302707,0.7348762770449843,-14.414339746153676,-1.1218036113785392,0.7389623317892926,0.1532908034991829,0.7546942415580589
4.690061807632446,-14.423427617410278,-1.1000038206985128,0.7327829754976822,-0.0001885151060702812,0.7327829997462973,-14.406991603419508,-1.1202827546328784,0.7314629198090589,0.15099168800271262,0.7468845244758403
4.70006251335144,-14.416108306893408,-1.1000043185956347,0.7310486226200199,6.954302976671964e-05,0.7310486259277568,-14.399711507958587,-1.1187850371308705,0.7244256674543647,0.1484743430719777,0.7394844002528769
4.710040092468262,-14.408821340047975,-1.1000028226120622,0.7296767559484159,0.00021101588228677882,0.7296767864603523,-14.392516975285485,-1.1173170703619972,0.7179152523539977,0.14577354965732114,0.7325655174400442
4.7200751304626465,-14.401504353443197,-1.1000004794510714,0.7286581626927708,0.00023644289808701492,0.7286582010545469,-14.385343356654165,-1.1158685839769797,0.711917203234413,0.14288743568440096,0.7261149520135034
4.730062246322632,-14.394231015765083,-1.0999983753521962,0.7279131443626377,0.0001835603008036596,0.7279131675071459,-14.37825949618234,-1.1144562923612322,0.7065269188592798,0.13986118975722533,0.7202370717153441
4.740066289901733,-14.386952254459294,-1.0999967950649319,0.7272429684679991,0.0001332411708879621,0.72724298067383,-14.371216334559879,-1.1130729568200994,0.7017318950519915,0.1366894298290545,0.7149207318019609
4.750087022781372,-14.379667865268495,-1.0999956904352688,0.7266418541142743,8.810798680839712e-05,0.7266418594559824,-14.364205463924987,-1.111719599197218,0.6975479778166628,0.13337943936127655,0.7101853674924906
4.760030508041382,-14.37244512311405,-1.099995015380026,0.726114779841904,4.853454423769277e-05,0.7261147814639629,-14.35728754807074,-1.1104102349560305,0.6940148498553975,0.12997161854475334,0.7060801891052835
4.770051717758179,-14.365171018853847,-1.099994706923152,0.725653554505222,1.3905841031369347e-05,0.7256535546384622,-14.350348791834268,-1.109125597402252,0.6910669403272667,0.12642150705247907,0.7025353467681964
4.780064582824707,-14.357907167382251,-1.0999947189327661,0.7252628522864237,-1.5427177650232774e-05,0.7252628524505007,-14.343441638385848,-1.107877986629391,0.6887155027288829,0.12276662052588241,0.6995717881779139
4.790061950683594,-14.35065803524757,-1.0999949976831722,0.724942703647268,-3.9462228246056315e-05,0.7249427047213304,-14.336565640906741,-1.1066692853440807,0.686927463052503,0.11902123922409615,0.6971623877420434
4.800069332122803,-14.34340460021786,-1.099995491060757,0.7246922416192745,-5.826439909851248e-05,0.7246922439614688,-14.329701896659486,-1.1054979453379115,0.6856544643721484,0.11519141966065345,0.695263336928458
4.810094356536865,-14.336140626309092,-1.099996147541064,0.7245115623919565,-7.182646305661925e-05,0.7245115659523143,-14.32282694008554,-1.1043617271520023,0.6848428435354831,0.11128179507929664,0.6938251640419485
4.820063591003418,-14.328918303358325,-1.0999969090814377,0.7244015835039048,-8.007956018365505e-05,0.7244015879301348,-14.316002725394425,-1.1032720707923573,0.6844403671327872,0.10734752769887948,0.6928074103702458
4.830062627792358,-14.32167529723739,-1.0999977293423058,0.7243610948973074,-8.311450961351963e-05,0.7243610996656623,-14.309162873987926,-1.1022190748114435,0.684377659127654,0.10337168439650732,0.6921405099024465
4.8400609493255615,-14.314432807108425,-1.099998553648736,0.7243905223467566,-8.089935560915425e-05,0.7243905268641444,-14.302315116510753,-1.101204849926011,0.6845932386423638,0.09938011517575876,0.6917689713243775
4.850088596343994,-14.307168363105609,-1.0999993317225563,0.7244902564352285,-7.34047524614851e-05,0.7244902601538828,-14.295448740791013,-1.100228377413616,0.6850261780783801,0.09538820511865054,0.6916355791371857
4.860061883926392,-14.299942097317755,-1.1000000048560965,0.7246591955461995,-6.071346768154858e-05,0.7246591980895504,-14.28861733524532,-1.0992972134586252,0.6856138699562754,0.09144801302950113,0.6916857073580922
4.870079517364502,-14.292681644660899,-1.1000005387032044,0.7248537164705963,-4.6102380016957504e-05,0.7248537179367055,-14.28174237878647,-1.0984003206749773,0.6863097633965709,0.08753392662469955,0.6918694093857565
4.880062818527222,-14.285444383655951,-1.1000009321267123,0.7250288603303418,-3.29487081895718e-05,0.7250288610790137,-14.274885749281896,-1.0975455001869787,0.687062863302305,0.08369936633386371,0.692142298991943
4.890061378479004,-14.27819437927976,-1.1000012015695042,0.7251855555379614,-2.1182720248055114e-05,0.7251855558473358,-14.268014593791056,-1.0967277724708355,0.6878393107244787,0.07994134246797052,0.6924691586009497
4.900068759918213,-14.270936478362106,-1.100001360509312,0.7253236334225077,-1.0817090147987377e-05,0.7253236335031679,-14.261126516681495,-1.0959461218615723,0.6886103182329862,0.0762719567477139,0.6928214645657709
4.910062789916992,-14.263686855955417,-1.100001422754084,0.7254428020151995,-1.8737344675180142e-06,0.7254428020176193,-14.25424237251981,-1.0952019121612275,0.6893521291748456,0.07271256953028518,0.6931763669987527
4.92006254196167,-14.25643216663014,-1.100001402620741,0.7255433054772362,5.6656742525001315e-06,0.7255433054993575,-14.24734435654626,-1.0944920400220386,0.6900524462062579,0.06926102815230996,0.6935196237569313
4.930046558380127,-14.249187909675847,-1.1000013143262097,0.7256249602380314,1.1787370932051082e-05,0.7256249603337709,-14.240449837442666,-1.0938171015036593,0.690701716967529,0.06593022989738474,0.6938412333064493
4.940063238143921,-14.241919279816408,-1.1000011713873734,0.725688113038774,1.6517339173346162e-05,0.7256881132267491,-14.233530041279685,-1.0931730923402014,0.6913003657476637,0.06270777770394628,0.6941386468620092
4.950075387954712,-14.234653263387967,-1.1000009882382513,0.72573245159183,1.9832164102180953e-05,0.7257324518628078,-14.226605677225349,-1.0925608689953603,0.69184874390865,0.059602647343095894,0.6944113766480805
4.960066080093384,-14.227402504485042,-1.1000007794401947,0.7257579725904612,2.17316316029896e-05,0.7257579729158201,-14.219690058678887,-1.091980323432923,0.6923519156481137,0.056616987124182394,0.694662981835532
4.970111846923828,-14.220111806316268,-1.1000005574740968,0.7257647772228597,2.222319886575125e-05,0.7257647775631012,-14.212734125415723,-1.0914262819413116,0.6928218986782586,0.053724590756960414,0.694901802372213
4.980077743530273,-14.212878928631113,-1.1000003394094373,0.7257528441982652,2.1305535565183063e-05,0.7257528445109929,-14.205828335689533,-1.090904843451221,0.6932626934262425,0.050956196852266586,0.695132862188413
4.99006199836731,-14.205632895521092,-1.1000001371153196,0.7257222281305006,1.898255186788247e-05,0.7257222283787618,-14.198902865158919,-1.0904094356186078,0.6936897025896801,0.04827501273813316,0.6953674426760472
5.000070571899414,-14.198369740243141,-1.0999999646261913,0.7256733913096325,1.5289229816882022e-05,0.7256733914706971,-14.191958512800014,-1.0899393936070223,0.6941132212517054,0.045673800658033586,0.6956143040385014
5.010082244873047,-14.191104739087761,-1.0999998311435542,0.7256224055961792,1.1440419650165013e-05,0.725622405686366,-14.185005557926896,-1.0894947155117145,0.6945421384246389,0.04314854374332526,0.6958811528376379
5.0200653076171875,-14.183861015357234,-1.0999997344871217,0.7255765687085075,7.987688896108778e-06,0.7255765687524747,-14.178071525211925,-1.0890763522231153,0.6949827651349034,0.04070109824891792,0.6961735582692181
5.0300469398498535,-14.17661884523698,-1.0999996703879196,0.7255357334775677,4.919914580980306e-06,0.7255357334942488,-14.17113312827403,-1.0886821073852226,0.6954427473866053,0.038315648334314056,0.6964974542666387
5.040061712265015,-14.169352984255188,-1.0999996349173662,0.7254997816041788,2.2282531963062087e-06,0.7254997816076006,-14.164164193547384,-1.08831003186276,0.6959283242077676,0.035977250897494296,0.696857657643778
5.050050973892212,-14.162105849509436,-1.0999996244635952,0.7254689291012055,-7.11103503528787e-08,0.7254689291012091,-14.157212815694658,-1.0879622304489984,0.696438774087773,0.03369709698758579,0.6972535122882285
5.06006932258606,-14.154838000028608,-1.0999996351136483,0.7254430109781502,-1.990465807789067e-06,0.7254430109808809,-14.15022886894722,-1.087635706601791,0.6969786827842172,0.031454894824957544,0.6976881070106266
5.0700461864471436,-14.14760044069365,-1.0999996629068964,0.7254221999212065,-3.517052315280461e-06,0.7254221999297323,-14.143278506524178,-1.0873331047463726,0.6975425062824427,0.02926939157887345,0.6981563187096348
5.080085754394531,-14.140317684854235,-1.0999997043066798,0.7254062949192652,-4.6655574968656675e-06,0.7254062949342689,-14.136265803210689,-1.0870498363993026,0.6981361962277025,0.027109251658658805,0.6986623361887899
5.090079069137573,-14.13306843877638,-1.0999997550352754,0.7253954804153541,-5.422603449357326e-06,0.7253954804356221,-14.129287990075012,-1.0867895531197886,0.6987486104325069,0.025004715757697527,0.6991958641121117
5.100079536437988,-14.125814229948082,-1.0999998114443903,0.7253896696945443,-5.794465223628395e-06,0.7253896697176876,-14.122298357438032,-1.0865498899236532,0.699379648921797,0.022942326578657902,0.6997558457596607
5.110076189041138,-14.11856280556302,-1.0999998696210416,0.725388871380029,-5.780560129811114e-06,0.7253888714030614,-14.115306965775753,-1.0863307622636595,0.700023809733495,0.020926962490393768,0.7003365419231462
5.1200621128082275,-14.111319125826581,-1.0999999256739996,0.7253930751323368,-5.381736039387108e-06,0.7253930751523004,-14.108308023952908,-1.0861315042720903,0.700676698469815,0.018959424215737375,0.7009331605403987
5.1300694942474365,-14.104059790984632,-1.0999999759221994,0.7254023026115296,-4.596083192133888e-06,0.7254023026260898,-14.101296149858927,-1.0859514971518855,0.7013338788375296,0.01704118964238677,0.7015408838761448
5.1400768756866455,-14.096800227871546,-1.1000000164495791,0.7254159349603597,-3.47458648855861e-06,0.725415934968681,-14.094273507384576,-1.0857903155432953,0.701990420595094,0.0151760726307777,0.7021544443979342
5.1500678062438965,-14.089552599442374,-1.1000000457219168,0.7254292212562804,-2.407492372581397e-06,0.7254292212602753,-14.087254026736046,-1.0856477071336843,0.7026407326942212,0.013370783882742456,0.7027679397231429
5.160067319869995,-14.08229864012365,-1.1000000650134538,0.7254412058201496,-1.4733439526366576e-06,0.7254412058216457,-14.080226827124633,-1.085522822768171,0.7032821521726935,0.011625205525026314,0.7033782275334906
5.170029640197754,-14.075071499934012,-1.10000007560852,0.7254518395277545,-6.7583536712446e-07,0.7254518395280692,-14.073218621188758,-1.0854154494527548,0.7039093033158464,0.009948094382708618,0.7039795962074807
5.180044412612915,-14.06780615255198,-1.1000000789211652,0.7254612150416765,-8.09881835439067e-09,0.7254612150416766,-14.066165220743192,-1.0853239821612095,0.7045257236207515,0.008325998459380072,0.7045749197166254
5.190059185028076,-14.060540780264224,-1.1000000762192121,0.7254692727735895,5.253043315095515e-07,0.7254692727737796,-14.059104767634535,-1.0852484232366713,0.7051266896000083,0.006769536716091551,0.7051591841659705
5.200079679489136,-14.053271331427133,-1.1000000688428742,0.7254760161595032,9.245632188332314e-07,0.7254760161600924,-14.05203965346573,-1.0851881336917157,0.7057113721274435,0.005279766155783926,0.705731122085925
5.210062742233276,-14.046028833478616,-1.1000000581838547,0.725481422683921,1.188612016816759e-06,0.7254814226848947,-14.044988804655707,-1.0851425514891517,0.7062781595814399,0.0038602363218841066,0.7062887087630714
5.220032453536987,-14.038795960265091,-1.1000000455726648,0.7254855152468886,1.3190978212257875e-06,0.7254855152480878,-14.037946506518805,-1.0851108763278496,0.7068280576269739,0.002508448464749946,0.7068325087051536
5.23006534576416,-14.03151710903579,-1.100000032240804,0.7254883154691179,1.316020045334193e-06,0.7254883154703115,-14.030850850546463,-1.0850922549928028,0.7073669493026551,0.001211363141490736,0.707367986529222
5.240050792694092,-14.024272850189542,-1.1000000196723732,0.7254897892832126,1.1790991359083744e-06,0.7254897892841707,-14.023784728780868,-1.0850863488616533,0.7078901416472116,-1.7556973120550347e-05,0.7078901418649342
5.2500669956207275,-14.017006163350974,-1.1000000091097963,0.7254899516086255,9.075951799103264e-07,0.7254899516091932,-14.016691173470024,-1.0850924458572646,0.7084039511811157,-0.0011909951201780494,0.7084049523530964
5.260107517242432,-14.00972189128634,-1.1000000019274436,0.7254887914539241,5.005791458024822e-07,0.7254887914540968,-14.009575024481146,-1.0851100618690426,0.7089100511200133,-0.00231047418135034,0.7089138162498475
5.270058870315552,-14.00250232623269,-1.0999999995061,0.7254863347209195,-3.6046961487218866e-08,0.7254863347209204,-14.002518796595842,-1.0851383598112876,0.7094043915247121,-0.003366435427535383,0.709412379087111
5.2800726890563965,-13.995237357295514,-1.1000000029952994,0.7254828845420995,-6.487728591686465e-07,0.7254828845423896,-13.99541253983692,-1.085177177126439,0.7098960527853063,-0.004378849326975758,0.709909557677305
5.290062665939331,-13.987989925431469,-1.100000011990078,0.7254795927025788,-1.127080674619141e-06,0.7254795927034543,-13.988317739411045,-1.085225774445368,0.7103816110086985,-0.005341612336238139,0.7104016934676215
5.300086498260498,-13.980717742964567,-1.1000000250655515,0.725476532942109,-1.4566513165919517e-06,0.7254765329435714,-13.981194672704643,-1.0852839663667777,0.7108642475328845,-0.006263075556856099,0.7108918374379641
5.31006383895874,-13.973479457962277,-1.1000000406133386,0.7254737294822386,-1.6351083162793042e-06,0.7254737294840813,-13.9740997046143,-1.0853508619106438,0.7113402298126471,-0.0071387130550683835,0.7113760494801552
5.320077896118164,-13.966214597424194,-1.100000057258217,0.7254711585375204,-1.664167866054245e-06,0.7254711585394291,-13.966973374578833,-1.0854265890551804,0.7118133316729742,-0.00797849918771645,0.7118580445542974
5.330065488815308,-13.95896894643677,-1.1000000734005952,0.7254688366833417,-1.5434170768281344e-06,0.7254688366849835,-13.959868908407138,-1.085510218482514,0.7122795283213161,-0.008778268536806823,0.7123336187939896
5.340170860290527,-13.951637792155934,-1.1000000877400749,0.7254667337047125,-1.2690473180425172e-06,0.7254667337058225,-13.952661398017835,-1.08560294612781,0.7127462727478253,-0.009553535770111468,0.712810296896466
5.350072622299194,-13.944454296510377,-1.1000000983611298,0.7254649133711241,-8.51709750066555e-07,0.725464913371624,-13.945601711963157,-1.0857011778625836,0.713196547467083,-0.010278918986461359,0.7132706158916807
5.360065221786499,-13.937205082029285,-1.1000001041478176,0.7254633175043009,-2.8154663452788856e-07,0.7254633175043556,-13.938474209500985,-1.0858073937176225,0.7136434539196069,-0.010978608851279156,0.7137278957520264
5.370065450668335,-13.929950370950184,-1.100000103485941,0.7254619629232997,4.3890588082859144e-07,0.7254619629234325,-13.931334579917698,-1.0859205654858457,0.7140825522864115,-0.01164742020366712,0.7141775366652724
5.380068302154541,-13.922693659775677,-1.1000000948662496,0.7254608506587492,1.3095334975504081e-06,0.7254608506599312,-13.924189887048273,-1.0860402825741085,0.7145126073678939,-0.012285188166461045,0.7146182141087305
5.390066862106323,-13.915440072187288,-1.100000076797568,0.7254599814411088,2.3296870717729007e-06,0.7254599814448495,-13.917043036074372,-1.0861661873156816,0.7149327430522731,-0.012891987628225516,0.7150489706539362
5.400073051452637,-13.908181032270338,-1.100000047753206,0.7254593543607012,3.5006451294094796e-06,0.7254593543691472,-13.909886876729717,-1.0862981026988225,0.7153427890182373,-0.013468560128443158,0.7154695716187544
5.410065174102783,-13.900932105232712,-1.1000000063083335,0.7254589705292417,4.819752394108646e-06,0.7254589705452522,-13.902738210060983,-1.0864354102454763,0.7157413484710566,-0.014013598114548269,0.7158785224067576
5.420042037963867,-13.893694235976987,-1.0999999517045114,0.725458867046079,6.053623945985449e-06,0.7254588670713363,-13.895595819913812,-1.0865778046426724,0.716128257582339,-0.014527287215296333,0.7162755917813706
5.430056095123291,-13.886429568322274,-1.0999998868020657,0.7254591061320398,6.831024154535322e-06,0.7254591061642007,-13.888424780608329,-1.0867256877865907,0.7165052669877849,-0.015012010875031078,0.7166625133853095
5.440060138702393,-13.879172061188761,-1.0999998165235967,0.725459688896155,7.1413470750305875e-06,0.7254596889313043,-13.881251362385381,-1.0868782403319468,0.716870966441264,-0.01546577791376206,0.7170377764197013
5.4500720500946045,-13.871908665196642,-1.0999997454153596,0.7254606162947578,6.98527423605196e-06,0.7254606163283874,-13.87407245326269,-1.0870352219256172,0.7172256982005677,-0.015888824874934437,0.7174016705550651
5.460071086883545,-13.864654819057908,-1.0999996782906114,0.7254618860947357,6.363491939553037e-06,0.7254618861226448,-13.866903326983754,-1.0871959854605189,0.7175690478656794,-0.016280464603933655,0.7177537126219394
5.470061540603638,-13.85740717935522,-1.099999619756071,0.7254634977599412,5.2772336060388655e-06,0.7254634977791353,-13.859730651268826,-1.0873605149394912,0.717902125418197,-0.016641817602118972,0.7180949879877082
5.48006272315979,-13.850151648362452,-1.0999995743550337,0.7254654545418622,3.7242277366777772e-06,0.7254654545514215,-13.852550799453788,-1.0875285976476923,0.7182256233681157,-0.016973495201618925,0.718426158767815
5.490061283111572,-13.84289806935379,-1.0999995468199777,0.7254677542037586,1.7060140178740209e-06,0.7254677542057646,-13.845393622948245,-1.0876992303210578,0.7185388267918448,-0.01727483813451359,0.7187464543494975
5.500085115432739,-13.835626059000376,-1.0999995418113424,0.7254704043747635,-7.846615876975807e-07,0.725470404375188,-13.838163590753181,-1.0878744211743983,0.7188464946765288,-0.017550464784681974,0.7190607079537104
5.510067939758301,-13.828383723409448,-1.0999995639611813,0.7254733867197618,-3.7302335837432416e-06,0.7254733867293519,-13.830987527282328,-1.0880508368410804,0.7191438140650543,-0.017796272241755444,0.7193639778399639
5.520073413848877,-13.82112498450438,-1.0999996179943101,0.7254767192648875,-7.148157084578603e-06,0.725476719300103,-13.82378638450475,-1.0882301260635772,0.7194347689555554,-0.018016295127189164,0.7196603182559417
5.530062198638916,-13.813878395704034,-1.0999997083726003,0.7254803891965483,-1.1025388342292694e-05,0.7254803892803268,-13.816600002557824,-1.088411044407663,0.7197183244719586,-0.018210414660387957,0.7199486688527361
5.540067672729492,-13.806619587651138,-1.0999998400581275,0.7254844088542091,-1.5374963735629985e-05,0.7254844090171274,-13.809399583775571,-1.0885940663150717,0.7199961663861351,-0.018380705443995143,0.7202307477075316
5.550097227096558,-13.799343307068467,-1.100000018078223,0.7254887752201875,-2.0193957233774618e-05,0.7254887755012366,-13.802175815766807,-1.088779205130976,0.7202690761866538,-0.018528530742672016,0.7205073549674964
5.560063600540161,-13.792112769515578,-1.1000002406008869,0.7254923141328362,-2.4176998779414223e-05,0.725492314535685,-13.79499308476361,-1.0889645861089396,0.7205351052936182,-0.018653956389015087,0.7207765312837597
5.57006311416626,-13.784858226383122,-1.1000004952161728,0.7254942511677799,-2.646334796115507e-05,0.7254942516504225,-13.78778801132184,-1.0891516286714955,0.7207972326366998,-0.018759548693150333,0.7210413103587723
5.580069065093994,-13.777598901110046,-1.1000007643083158,0.7254945715971266,-2.7036779217485722e-05,0.7254945721009122,-13.78057409990281,-1.0893397940298557,0.7210553988013626,-0.018846251411233073,0.721301649334623
5.590063571929932,-13.770347906488507,-1.1000010302609444,0.7254932760308859,-2.5897517010775527e-05,0.7254932764931104,-13.773377414063408,-1.0895282183068178,0.7213088931170235,-0.01891495176596924,0.7215568547869353
5.600072860717773,-13.76308636974501,-1.1000012766120613,0.7254903603460698,-2.3041800891987666e-05,0.7254903607119773,-13.766147530459198,-1.089718050267956,0.7215594689209459,-0.018967165431468293,0.7218087146564401
5.610063552856445,-13.75583812854293,-1.1000014854543017,0.7254858350082124,-1.8479953408743396e-05,0.7254858352435779,-13.758939691905006,-1.0899076793363007,0.7218050622413643,-0.01900335424479583,0.7220551747268439
5.620069742202759,-13.748578801597752,-1.100001640366106,0.7254796854935088,-1.219737013662773e-05,0.725479685596045,-13.751713815218752,-1.0900980052601836,0.7220470395121337,-0.019024541629084336,0.7222976259496037
5.630063056945801,-13.741328999358757,-1.100001723777794,0.7254719286851834,-4.211278237072755e-06,0.7254719286974064,-13.744497222771347,-1.0902881624381635,0.7222845957710443,-0.019031245707497726,0.7225352763715555
5.640064716339111,-13.73407305025179,-1.1000017187889308,0.725462548875532,5.494461864204709e-06,0.7254625488963388,-13.737269590607662,-1.0904785452487396,0.7225185672761947,-0.019023979158961778,0.7227689754284461
5.65007209777832,-13.726813165908098,-1.1000016080623616,0.7254515454697394,1.6920551205405623e-05,0.7254515456670683,-13.730037833932254,-1.0906688342475546,0.72274885753329,-0.01900305205935103,0.7229986355818704
5.66008996963501,-13.719545668776576,-1.1000013740873638,0.7254389089320943,3.007697549253659e-05,0.7254389095555958,-13.722797720644744,-1.090859005795648,0.7229755609814604,-0.018968647680027668,0.7232243575622065
5.670091152191162,-13.712290555884458,-1.1000010004595526,0.7254246755166127,4.492596115135394e-05,0.7254246769077578,-13.71556216282025,-1.0910485876848108,0.7231979171727753,-0.0189209401734723,0.7234453879734727
5.680052042007446,-13.705064718592695,-1.1000004722255967,0.7254088921525321,6.14183223576423e-05,0.7254088947525901,-13.708360202779838,-1.0912366916560357,0.7234145322833386,-0.018860285522500814,0.7236603456655006
5.690079689025879,-13.697790781496622,-1.099999766327652,0.7253917422983158,7.936187812042134e-05,0.7253917466396305,-13.701103357033427,-1.0914254972654625,0.7236272220012451,-0.018785951828207834,0.7238710302307525
5.700073003768921,-13.690541723843554,-1.0999989006590793,0.7253788956188088,9.282332830436448e-05,0.7253789015578913,-13.693871421086811,-1.091612792170164,0.7238324783465578,-0.018698672967964427,0.7240739582943742
5.710087776184082,-13.6832772490361,-1.0999979301944751,0.7253721553709034,9.991557390882855e-05,0.7253721622522827,-13.686621640045676,-1.091799556492695,0.7240302641424514,-0.018598041115793818,0.7242690870992167
5.720079183578491,-13.676029701984936,-1.0999969231168913,0.7253715498801009,0.00010060879420825292,0.725371556857304,-13.679386303613615,-1.0919848289865208,0.7242184403032934,-0.018484657981077096,0.7244542993564275
5.730068206787109,-13.668783922131027,-1.0999959411959017,0.7253770542354799,9.492910109579372e-05,0.7253770604471006,-13.672150151695915,-1.0921688794064373,0.7243963732109857,-0.018358678493658315,0.7246289716794818
5.7400593757629395,-13.661536487041673,-1.0999950476550058,0.7253886707098083,8.28741525501568e-05,0.7253886754439084,-13.664912237726071,-1.0923516114370357,0.7245633278331869,-0.01822064947264556,0.7247923896592094
5.750067949295044,-13.654276451581495,-1.0999943052968688,0.725406434494693,6.440733442758382e-05,0.7254064373539899,-13.65765871858494,-1.0925332571471178,0.72471922188762,-0.018071077683566313,0.7249444905798256
5.760063171386719,-13.647025699176478,-1.0999937802888962,0.7254302956459415,3.958055451165743e-05,0.7254302967257285,-13.65041564259421,-1.0927130575977153,0.7248635401919693,-0.01791152199064557,0.7250848050536269
5.770085334777832,-13.63975516282161,-1.0999935350920274,0.7254603623139755,8.281252850687095e-06,0.7254603623612415,-13.643149302691876,-1.0928917542102838,0.724997450905857,-0.017742485580451457,0.7252145197212774
5.78005051612854,-13.632525548222928,-1.0999936340579834,0.7254963557077799,-2.920029346219338e-05,0.725496356295417,-13.635928830451885,-1.0930675721294778,0.7251206459535774,-0.017567031856199133,0.7253334073351165
5.7900614738464355,-13.625262436870065,-1.0999941414751293,0.7255386357122059,-7.323883115133102e-05,0.7255386394087191,-13.628665209365629,-1.0932426203944001,0.7252360906863818,-0.01738460055040794,0.7254444234883628
5.800066947937012,-13.618002969657477,-1.099995121096013,0.7255870224493924,-0.00012364705439916573,0.72558703298472,-13.62141019205487,-1.0934155872135696,0.7253449460815815,-0.017198115198959023,0.7255488033016725
5.810029745101929,-13.610773722202824,-1.0999966294092636,0.7256412943469753,-0.00018019407784430097,0.7256413167202233,-13.61418136496305,-1.0935860335825245,0.7254495464484934,-0.017009764480107895,0.7256489347680416
5.8200294971466064,-13.603517201571297,-1.0999987416220367,0.7257018774641684,-0.0002433238157004669,0.7257019182567304,-13.606925765015774,-1.0937551954391507,0.7255534292734173,-0.016819860319260308,0.7257483630236965
5.830068349838257,-13.596231508585495,-1.100001499658713,0.7258486178690501,-0.0002960039890759503,0.7258486782248569,-13.599673466807285,-1.0939223605767785,0.7256586755951452,-0.016630796332941657,0.7258492246005144
5.84002423286438,-13.589002320063045,-1.1000042818904532,0.7265202372043663,-0.0002429934967171927,0.7265202778404249,-13.592420797063824,-1.0940876301108493,0.7257676087468278,-0.016443951860394268,0.7259538728176023
5.850055694580078,-13.58170829337147,-1.1000059465548235,0.7277962971974711,-6.866285583507852e-05,0.7277963004364183,-13.585139364575245,-1.0942516685860904,0.7258845085004895,-0.016259585996289308,0.7260665904844871
5.860057592391968,-13.574420006450362,-1.1000052603130897,0.7296675419774526,0.0002259938012443059,0.729667576975033,-13.577880805086663,-1.0944133371653835,0.7260184161732017,-0.016078625697713903,0.7261964354270624
5.870044231414795,-13.567121361968308,-1.100001033420227,0.7321325566072061,0.0006405746460761369,0.7321328368404746,-13.570627204058912,-1.094573058591423,0.7261894287747549,-0.015897977267214293,0.726363429796265
5.880041837692261,-13.55978690482552,-1.0999920525413915,0.7351975393988444,0.001176109140654975,0.7351984801200462,-13.563364693330806,-1.094731104047079,0.7264302808889973,-0.015711848294166636,0.7266001755912852
5.8900744915008545,-13.552393073572283,-1.0999770510268418,0.738873874230745,0.0018346979567916235,0.7388761520967797,-13.556074607752572,-1.0948877548689036,0.7267880639684352,-0.015511174134083197,0.7269535655390956
5.900081634521484,-13.54497812625759,-1.0999548992978172,0.7431403890734019,0.00261256769719329,0.7431449814014353,-13.548799101049639,-1.095041874516478,0.7273196780919627,-0.015285546732426691,0.7274802829484147
5.910064458847046,-13.537535757122438,-1.0999244445849465,0.7479929872260735,0.0035088847661937967,0.7480012173865009,-13.541536226734971,-1.0951931544805402,0.7280937982102168,-0.015020945308916681,0.7282487265970009
5.920067071914673,-13.53002711513675,-1.0998843528769315,0.7534527043712287,0.004527527444135841,0.7534663072952071,-13.53424654438747,-1.0953418843812637,0.7291938323827727,-0.014699649885722258,0.7293419807551448
5.930077791213989,-13.52245466319248,-1.0998334223040849,0.7595157396110805,0.0056678245431841055,0.7595368871569168,-13.526939812878604,-1.095487124137288,0.7307068377882426,-0.01430389783353484,0.7308468268274313
5.9400787353515625,-13.514826059402386,-1.099770539733815,0.7661710309587668,0.006927693544265221,0.7662023503084958,-13.519621564287752,-1.0956278357275355,0.7327230040127816,-0.01381524492029984,0.7328532333296501
5.950069904327393,-13.507135332598795,-1.0996945339082165,0.7734169962678159,0.008306813228739099,0.7734616042583807,-13.51228833289354,-1.0957629666638495,0.7353342473459537,-0.013214974560080497,0.7354529834547302
5.9600746631622314,-13.499358610689441,-1.0996040141496952,0.7812708120002807,0.009808456867467445,0.7813323796629057,-13.50491893988585,-1.0958915777159468,0.738637996036212,-0.012483434447355429,0.7387434773478495
5.970027208328247,-13.491541143080521,-1.0994978610848458,0.7899083827993297,0.011670117348132947,0.7899945853330715,-13.497545307056932,-1.0960116266838886,0.7427019409456456,-0.011607858323276361,0.7427926463416842
5.98007607460022,-13.483553722362574,-1.0993668998930242,0.8000695444251467,0.01457162344194329,0.8002022295185108,-13.490059217058093,-1.096123143156281,0.7476670053180754,-0.010559933135434078,0.7477415750305206
5.990065097808838,-13.475505255608716,-1.099202564218224,0.8116347677200997,0.01850612120320965,0.8118457197608718,-13.482559953193796,-1.096222700063784,0.753547829397164,-0.009335810651314707,0.7536056585175662
6.000071287155151,-13.46731980148048,-1.0989932932746076,0.8246837526746713,0.023497198683870704,0.8250184302617535,-13.475036123975988,-1.0963085893133027,0.7604132828110574,-0.007911919717908384,0.7604544425204653
6.0100624561309814,-13.459009009706508,-1.0987292658665075,0.8391750540261842,0.02952916591678078,0.8396944342673649,-13.46734836323737,-1.0963799205744562,0.7684796573868722,-0.0062212336926193495,0.7685048389997963
6.020073652267456,-13.450529077805616,-1.0983990079906978,0.8551604077130921,0.03662388653168054,0.8559442925709052,-13.459609769869989,-1.0964325136423554,0.7777394381682919,-0.004226657732495551,0.777750923058223
6.030068635940552,-13.441895987888133,-1.0979931880924516,0.8725827545314235,0.044756255408349356,0.8737298128734213,-13.451785232698267,-1.0964632044930194,0.7883346286417953,-0.0018422610024763839,0.7883367812308382
6.040061712265015,-13.433083111734081,-1.0975009470361812,0.8914632753612993,0.053935162123149416,0.8930933730753723,-13.4438511199514,-1.0964676748193323,0.8004196275083235,0.0010387170641664497,0.8004203014877264
6.0500710010528564,-13.424059433325745,-1.0969107011950945,0.9118393597404304,0.06417951422270553,0.9140951963650725,-13.43577150774803,-1.0964402838711644,0.8141949961526945,0.0045516807302761406,0.8142077189253101
6.060072898864746,-13.414831362714823,-1.096213212175812,0.9336648196855553,0.07546650780917503,0.9367097679214051,-13.42755175533067,-1.0963740500513461,0.8298112737480484,0.008835116611094988,0.8298583067758557
6.070026874542236,-13.405423380113561,-1.0954017738745525,0.9568394520511633,0.08774190480559386,0.9608539841518503,-13.419204592742151,-1.0962610225092686,0.8473973375921601,0.01402971227718574,0.8475134692645668
6.080066204071045,-13.395694000815642,-1.0944543678172327,0.9816806845139258,0.10117537835036954,0.9868806531349524,-13.410619120780455,-1.0960897954623807,0.8673544312529697,0.02036572944890601,0.8675934948754218
6.090069770812988,-13.385743705916834,-1.0933709069049187,1.0079008240865917,0.11561326687505796,1.0145099795822385,-13.401849352638537,-1.0958496020106463,0.8897279621649221,0.027971863752772094,0.8901675526663217
6.100086212158203,-13.37551053015283,-1.0921360832284068,1.0356217055866084,0.13112182318543622,1.0438894815053883,-13.392772208308227,-1.0955235492178557,0.915000647250705,0.03712373554020557,0.9157534363624678
6.110105037689209,-13.364994067680149,-1.0907390998705764,1.063494387494973,0.1480651258667652,1.0737521100008365,-13.383468523317008,-1.0950992103627344,0.9430903930426139,0.04789867854655989,0.9443059741713904
6.120007514953613,-13.354332397765836,-1.0891823361202357,1.0896246114965378,0.1666640352082527,1.10229700834706,-13.373976629165975,-1.094564448386577,0.9738663678881737,0.06032744605102266,0.9757331106664069
6.130064010620117,-13.343246982532888,-1.087403376601968,1.1147152286827722,0.18743859843203223,1.1303642197271857,-13.364016965611668,-1.093886926072885,1.0080868131136835,0.07481409762330701,1.010859125683145
6.1400580406188965,-13.331988080907092,-1.0854191332315535,1.1382047316276735,0.20996600153015804,1.1574090603145402,-13.35376328692721,-1.0930594744855118,1.044903540598415,0.09114017347369519,1.048870792984493
6.1500654220581055,-13.320486008013479,-1.0831972215313883,1.1602831083452343,0.23440425251016395,1.1837238888803958,-13.34311048551532,-1.0920573910769376,1.084226521264023,0.109441669342912,1.089736036111887
6.160079717636108,-13.308761782722808,-1.080719470899136,1.1809319614709926,0.26074372852082006,1.2093748755397,-13.332048507183279,-1.0908616776151645,1.1255443685324515,0.12973222165380283,1.1329962819313868
6.17003059387207,-13.296914288692312,-1.077986869796606,1.200017702472679,0.28878258745317575,1.2342762531394496,-13.320638840154576,-1.0894620350067528,1.167995299984473,0.15190403578318576,1.1778318457543242
6.180082082748413,-13.28476153673567,-1.0749339415040688,1.2178470850261345,0.31899366609398244,1.2589314840430086,-13.30867789456901,-1.087813501566567,1.2118464848495791,0.17650509320350896,1.2246329861509777
6.190057277679443,-13.272531162299943,-1.0715946156934235,1.2341010514325355,0.3508519872732432,1.2830052697165641,-13.296370114768104,-1.0859215014550054,1.2556447102166983,0.2031566467233634,1.2719733729143303
6.200069904327393,-13.260098772293324,-1.067913690006474,1.24897381449273,0.3847108522452913,1.3068810309755892,-13.283578556494984,-1.0837441841220579,1.2991823322259595,0.2321096156784952,1.319753615664114
6.210066318511963,-13.247545361191847,-1.063891194127309,1.262380522579572,0.420393566358964,1.3305394899905383,-13.270379225352276,-1.0812707124347698,1.3415233900705086,0.26312652876115933,1.3670846997330368
6.2200610637664795,-13.23486734800336,-1.0595034122173024,1.274344708357104,0.45794723810118654,1.3541307575719035,-13.256764384426981,-1.0784769525397293,1.3821014943152676,0.2961521355036066,1.413474664771832
6.2300660610198975,-13.222063459926678,-1.0547256916366912,1.2848791303718583,0.4974203311836918,1.3778030938926058,-13.242746614006228,-1.075341509001327,1.4203441656894975,0.3310979784850367,1.4584249793407518
6.2400267124176025,-13.209219051624734,-1.0495676400060128,1.2938894574425925,0.5385526942083643,1.4014952488396721,-13.228416073647509,-1.071861224227654,1.4555632389586064,0.3677085272627132,1.5012907458681621
6.250078916549683,-13.196181155495058,-1.0439436787158352,1.299361504036136,0.5802945602958212,1.4230537919839747,-13.21362002859121,-1.0679725482585511,1.4876819710422586,0.40633581178114964,1.542175878069692
6.260069131851196,-13.183192839929644,-1.0379418738889306,1.3000393201294482,0.6211263748699141,1.4407984617709997,-13.198615573462122,-1.0637153638548071,1.5156921165506467,0.4462098402359881,1.5800081688704033
6.2700278759002686,-13.170262327756355,-1.0315562527031346,1.2959915912780682,0.6611812749714548,1.4549071733400514,-13.18340301326162,-1.0590692061076874,1.539305318571423,0.487182517753713,1.6145611383243177
6.280075788497925,-13.15728084346884,-1.0247124767125522,1.2871281633701686,0.7009390677886127,1.4656106187159783,-13.167831635616308,-1.0539608725236782,1.5584868817275035,0.5295797585169427,1.6460060999727737
6.290077209472656,-13.144471720212557,-1.0175069149924618,1.2735382253317047,0.7398588988230967,1.4728512489551526,-13.152169588882849,-1.048449770747531,1.5726922818960611,0.5726307825174609,1.6736986068650472
6.3000805377960205,-13.131819952933027,-1.009913906808821,1.2551879561697337,0.778133267493601,1.4768169105524966,-13.136387244918309,-1.042503161647049,1.5818639952359241,0.6164069468633461,1.6977194183860747
6.310068130493164,-13.119394923876115,-1.0019541219069235,1.2321195159493676,0.8156962000466761,1.4776599041572087,-13.12056487201951,-1.0361261441044696,1.5858370197109424,0.6607191447860701,1.717972305182048
6.320062160491943,-13.107216097346758,-0.9936168438343636,1.2042880102226943,0.8526323549540817,1.4755648221208988,-13.104723935272364,-1.029301431963648,1.584445184095635,0.7055858638970282,1.7344503315849567
6.330073118209839,-13.095319540632588,-0.9848987957620712,1.1716484403310345,0.8889771363771548,1.470727852708132,-13.088887426980024,-1.0220084302418428,1.577414412012037,0.7510594080519006,1.7470908567234136
6.340029001235962,-13.083835973028208,-0.9758710263804915,1.1344619530825983,0.9244738356119614,1.4634397137303181,-13.073239262343437,-1.0143024034822126,1.5645594561229987,0.7966638938533741,1.7557105830727096
6.350079774856567,-13.072642388606793,-0.9664019866204615,1.0921400291910608,0.9596531108439692,1.453858293133811,-13.05760558067505,-1.0060639170890389,1.5454751161267368,0.8429312890416691,1.7604052069374256
6.360068321228027,-13.061963252246727,-0.9566444433782995,1.0453206582393666,0.9939619914257772,1.442447821912834,-13.04229015479333,-0.9974146319124607,1.5202696309178234,0.8889789194418678,1.7611085343904973
6.370063304901123,-13.051769160288853,-0.9465409225411667,0.9937226607690524,1.0276411765273,1.429521288480986,-13.027247947794065,-0.9882997481437864,1.4887555688048986,0.9349359670985933,1.757981344105272
6.380075454711914,-13.04209802591496,-0.9360863014326025,0.9377079485225268,1.0604755794540583,1.4155933919529105,-13.012526413747857,-0.9787097759560135,1.4508587595440179,0.9806576113719492,1.7511940186305295
6.390063762664795,-13.03301176262579,-0.9253438603477881,0.8818516691660543,1.089841367457071,1.4019331555504544,-12.998252040231556,-0.9686907032317976,1.4068430536315863,1.025686049061808,1.741045447078125
6.400162696838379,-13.024386255370104,-0.9142049383208428,0.8265469070775595,1.1154329361555173,1.3882976714883584,-12.984342242110014,-0.9581436146885268,1.3562587251326241,1.0703542182907584,1.727743002333157
6.410105228424072,-13.016434226721161,-0.903006210776726,0.7732478347236953,1.1366015515872867,1.3746909838125478,-12.97108459311635,-0.9472466713034462,1.3003454478032244,1.113604546670541,1.7120202598064866
6.4200968742370605,-13.008971061419933,-0.8915602298016712,0.7208340707229252,1.1538499530284494,1.360504124072668,-12.958386946543335,-0.9359056284522713,1.2396688921912362,1.155320854627489,1.6945634362288826
6.430061101913452,-13.002044169084225,-0.8799940083426468,0.6697104744396788,1.1670330164142926,1.3455401075312703,-12.946352129628902,-0.9241953545680147,1.175736599377443,1.1948700163808053,1.6763266111237092
6.440029621124268,-12.995618195536021,-0.868311136754732,0.6197096281785378,1.1762067298958931,1.3294744430449095,-12.934959668324602,-0.9120955146918812,1.1095885632300964,1.232064062483301,1.658061709863021
6.450066566467285,-12.98964609745786,-0.8564763981510646,0.5705250956911596,1.1813856638013025,1.3119340575839362,-12.924159020549093,-0.8995510318104236,1.0420842182899768,1.2667881998209918,1.6403328507393677
6.460062026977539,-12.984183369405716,-0.8446588615116568,0.5226972033936785,1.1824971302042562,1.2928696103539885,-12.91407629630355,-0.8867295475688898,0.9756525011676537,1.2981167699188605,1.6238857568743172
6.470033168792725,-12.979204545892012,-0.8328791276521599,0.476133887824594,1.179582768377049,1.2720530596586865,-12.904677449403337,-0.8736409720556041,0.9093595829142795,1.3266682968828978,1.6084102775698126
6.480078220367432,-12.974652509377457,-0.8210619088786069,0.4303851809093321,1.172583874851869,1.2490733955652815,-12.895885845808207,-0.8601791303274593,0.8405406304191133,1.3534153295461266,1.5931859921665803
6.490060806274414,-12.970578293925408,-0.8094080632545834,0.38607391720592105,1.1615885593863657,1.224067420873547,-12.88785024947243,-0.8465470545501991,0.7692402357644544,1.3778606421033868,1.578046415469618
6.500069618225098,-12.966931721141266,-0.797854115635931,0.3428003958004473,1.1465212703465457,1.1966716904473007,-12.880522971464472,-0.8326472879165184,0.6946632238824378,1.3996172594059046,1.562525349375695
6.51006555557251,-12.96371631207407,-0.7864856062865521,0.3007350542435117,1.1274324352997305,1.166852805205836,-12.87396404561524,-0.81856042723477,0.6168781017817747,1.4177794536683013,1.5461685456967078
6.520057916641235,-12.960915203450426,-0.7753312175364375,0.26051032755743253,1.1047055223270135,1.1350065734716608,-12.868201372240836,-0.8043212947678308,0.5361214662119839,1.4312620925799981,1.5283773762359094
6.530076026916504,-12.958488273025647,-0.7643868389703655,0.2248204326699369,1.0798902973990767,1.1030445509418756,-12.86324521185566,-0.7899413730140605,0.45311833540622287,1.4387771357983632,1.5084415376067606
6.540031671524048,-12.956406232889979,-0.7537662299448307,0.19425837530789528,1.0533930394192128,1.0711550830174454,-12.859147061630935,-0.7756077274026905,0.3703926791371298,1.439034382059351,1.485937646574485
6.550071954727173,-12.954589863919534,-0.743331826334286,0.16838878501593058,1.0248160129583705,1.0385579633968594,-12.855832776288421,-0.7611910984754354,0.29065539177503213,1.431378645779066,1.4605907655329777
6.560065746307373,-12.953015093512498,-0.7332397134042116,0.14757722005188453,0.9945211054764671,1.0054109931348356,-12.853300906644337,-0.7469585557918967,0.21704043654920874,1.4160893081408792,1.4326253801075788
6.570029973983765,-12.951627608517185,-0.7234882138085482,0.13173299635325073,0.9624792642203562,0.9714524776757554,-12.851482386825161,-0.7329536049594463,0.14893575274609402,1.3938066163524223,1.4017413250075186
6.580063104629517,-12.950365282148004,-0.714001202325276,0.1207282716332643,0.9283626205166446,0.9361797213911903,-12.850308957618394,-0.7191062405804204,0.08579009398577878,1.3653325032141483,1.3680251403242196
6.5900633335113525,-12.9491922105558,-0.7048950395228626,0.11470118905305185,0.8925066303446488,0.8998469025225033,-12.849742670340033,-0.7056150140803638,0.02836702604532725,1.332228906614127,1.3325308806121263
6.600076913833618,-12.948053252778713,-0.6961454766243382,0.11360955754120919,0.8547523090093694,0.8622694714076092,-12.849724375944694,-0.6924587453023898,-0.023897317031670667,1.2955518850908663,1.2957722673077277
6.610111951828003,-12.946897917962847,-0.6877656014059375,0.11747820619665827,0.8150578712169205,0.8234806994482887,-12.850206161187414,-0.6796524603295178,-0.07140652832404216,1.2561643181320603,1.2581922295243586
6.620061635971069,-12.945689595077486,-0.6798593345577795,0.12621888605889425,0.7738636429533239,0.7840893731475626,-12.851132064703652,-0.6673585571956996,-0.11386679688330134,1.215240016091541,1.2205629619739542
6.630069732666016,-12.944361861438802,-0.672329497100143,0.1399376390457735,0.7305831942917362,0.7438644678993762,-12.852465116875667,-0.6554119014247145,-0.15180597141164023,1.1728959061760789,1.1826791025805932
6.6400299072265625,-12.942879709972336,-0.6652749641901526,0.15849644933730123,0.685672969952198,0.7037531855527188,-12.854146022942121,-0.6439393446537238,-0.18478690055216604,1.1298178572346433,1.144829502215049
6.650063514709473,-12.941174936823126,-0.6586298438695881,0.1821408654296158,0.6385775840711296,0.6640456503415786,-12.856147408951983,-0.6328263073972209,-0.2134230227241014,1.0848044176595255,1.1055993900153502
6.660100698471069,-12.93921195250826,-0.65246108471584,0.20904872776263125,0.5908866950430418,0.6267762415392462,-12.85841351454687,-0.622176121867979,-0.23731478379838922,1.0367145205534138,1.0635296440323472
6.670105457305908,-12.936986682288575,-0.6467792075109002,0.2357596833511495,0.5452781451687925,0.5940630302354734,-12.860882020908319,-0.6120630575510795,-0.25515471435499965,0.9848283548124266,1.017344984113124
6.680075645446777,-12.934504213273705,-0.6415609736594587,0.2621807941504335,0.5018084508435741,0.5661717850258697,-12.86348407181421,-0.6025162899361359,-0.2651561938237079,0.9289250469813907,0.9660277170104669
6.690062046051025,-12.931754682362328,-0.636758910682775,0.2884464524874421,0.4602518988610963,0.5431695558090816,-12.866142798249998,-0.5935358756268321,-0.2655825593045202,0.8690231198582781,0.9086997736628716
6.700068235397339,-12.928737593894201,-0.632353577155986,0.31456571937810174,0.42060316291869404,0.5252224409381916,-12.868742485476693,-0.585201517850959,-0.2551722940985846,0.8060543197185344,0.8454800210604884
6.710115432739258,-12.925446172982877,-0.6283192969107124,0.340592022833235,0.3827965856755781,0.512382817844739,-12.87122008272177,-0.577387522033497,-0.2331057440899523,0.7396480895508603,0.7755111761309231
6.720062971115112,-12.921930798745262,-0.6246894000017029,0.366162471127789,0.3473443320407093,0.5047009414130466,-12.87338507389391,-0.5703607604641769,-0.20047195795585948,0.6729178017580971,0.7021448382275595
6.730072975158691,-12.918137487407241,-0.6213826976389127,0.39169570164404294,0.31365645329651326,0.501802643856095,-12.875186871149475,-0.5639632413505343,-0.15814620655340095,0.6056096308605246,0.6259179240429625
6.740062236785889,-12.91409834007641,-0.618409160119221,0.41697696845006726,0.28202706643620945,0.5033975153101399,-12.876520879354588,-0.5582557037739868,-0.10837108134418384,0.5393764967258432,0.550155702044386
6.7500715255737305,-12.909798798106882,-0.615736606617635,0.44211010740292156,0.25232600166037583,0.5090478937995273,-12.877332929293742,-0.5531744161227129,-0.052755866093537336,0.4744091909319472,0.4773334912280763
6.760099172592163,-12.905240041239185,-0.6133471999375825,0.4670902233764817,0.22456919639807923,0.5182707793661251,-12.877566132262674,-0.5487346968729111,0.006850480013906948,0.4113066182213548,0.4113636630392969
6.77009654045105,-12.900446656961403,-0.611232106615065,0.49179625108715097,0.1988880629899406,0.5304903525826522,-12.877187302610336,-0.544931042560109,0.0694692601731369,0.34997329048057135,0.3568014604213404
6.780060529708862,-12.895424544966497,-0.6093696816462011,0.5162220680313299,0.17527193260557916,0.5451655472256456,-12.876173598838285,-0.5417417381564635,0.1340725534822647,0.29060741191406614,0.3200439305105573
6.790063858032227,-12.89013885002206,-0.6077267043949279,0.5405450170015303,0.15355004787443166,0.5619310746056183,-12.87450596172061,-0.5391209590215432,0.1992504703086661,0.23387767450024988,0.3072450431624072
6.800085544586182,-12.88460293052661,-0.6062895751468634,0.5639523448296674,0.13348944015292796,0.579535743393988,-12.872186713927563,-0.5370467364893705,0.26337262446115206,0.18068222535692072,0.31939193145019196
6.81009840965271,-12.878845897050002,-0.6050473013225504,0.5857012629901873,0.11488559333660896,0.5968623534992011,-12.869238754199069,-0.5354866582269172,0.32511508078546825,0.1316720922065597,0.35076681088751016
6.820066690444946,-12.872906413147565,-0.6039884826505771,0.6057271603438347,0.09779346869910217,0.6135706603956939,-12.865703990585184,-0.5343994364772253,0.38343918268851995,0.08728475704142313,0.3932483129431332
6.830074071884155,-12.866750756194289,-0.6030896954095566,0.624200593412,0.08206746337515142,0.6295724337681287,-12.861589498414473,-0.5337299658086707,0.4382426055177369,0.04726433710816993,0.4407839593874186
6.840058088302612,-12.86043351378576,-0.6023426964043963,0.6410013023631729,0.06781005836513758,0.644578058614135,-12.856957337831226,-0.5334386959027074,0.48879403925853354,0.011839215683184287,0.48893739869503317
6.8501129150390625,-12.853910149842712,-0.601727011829138,0.6562766028492861,0.054896587533265206,0.6585686105260387,-12.851805336695762,-0.5334801635900537,0.5353132750016684,-0.019453466149165263,0.5356666311599301
6.860061168670654,-12.847313003835794,-0.6012385225378942,0.6697654252719212,0.04354746200271856,0.6711796379037103,-12.846269813803849,-0.5338108984618823,0.5769019759637766,-0.04633422055662335,0.5787596650298806
6.870059490203857,-12.84055544855491,-0.6008541860582395,0.6816945065242315,0.033571395298721766,0.68252065082869,-12.840310959294916,-0.5343936382779798,0.6143246687235849,-0.06964170504370598,0.6182594646940206
6.880054473876953,-12.833689142303445,-0.6005625105698962,0.691988366985246,0.025031995022420036,0.6924409728039712,-12.834000816647567,-0.5351922969353891,0.6474775980390586,-0.0896311119891143,0.6536520299049288
6.890065670013428,-12.826716655793055,-0.6003487318265767,0.7006641788706656,0.01791517117740337,0.7008931765332144,-12.827370774093842,-0.5361774402193259,0.6766222177048892,-0.10677563328201328,0.6849953732359493
6.900082111358643,-12.819661983379028,-0.6001989441549623,0.7077068769140986,0.012233586707392715,0.7078126053379061,-12.820461654712624,-0.537322796810743,0.7020053214342467,-0.12150699579218939,0.7124432758812754
6.910062074661255,-12.812570773450123,-0.6000991467129217,0.7130951673245816,0.008003870063013887,0.7131400841333059,-12.813345022065928,-0.5386000381062312,0.7238186778170792,-0.1341796120286663,0.7361505597641206
6.920081377029419,-12.805405832367654,-0.600034229068966,0.7168689967936348,0.005194732041691366,0.7168878181451387,-12.805996003223001,-0.5400012621360517,0.7425648267903561,-0.14526955791958163,0.7566411080851623
6.930077791213989,-12.798227656676966,-0.5999903638951453,0.7190458361330342,0.003786240564853048,0.7190558045644784,-12.798491179388677,-0.5415031398268597,0.7584192693806164,-0.15499723796513715,0.7740955573730218
6.940062999725342,-12.791039688305053,-0.5999573028195315,0.7206448515469992,0.002850929009901723,0.7206504907771978,-12.790850153318194,-0.5430945921903384,0.7717043101186096,-0.16360141195250844,0.7888554774155362
6.950072288513184,-12.783819092828956,-0.5999330776211672,0.7220894758041196,0.002004815299502471,0.7220922588917938,-12.783068828737552,-0.5447712210447831,0.7827279427859816,-0.17125605516877668,0.8012438260916248
6.960091590881348,-12.776577716832188,-0.5999168509447093,0.7233768339616685,0.0012495770022109692,0.7233779132342181,-12.775178976288364,-0.5465218886554506,0.7916937259851966,-0.17802063449190053,0.8114618303218103
6.970059394836426,-12.769361552606789,-0.5999077618148908,0.7245000332152136,0.0005892664744622883,0.7245002728528289,-12.76725087539843,-0.5483263141134466,0.7987587938392919,-0.18387978556607235,0.8196507709234617
6.9800684452056885,-12.762105060364124,-0.5999048011319221,0.7254697673778523,1.7599425797108705e-05,0.7254697675913276,-12.759229522667548,-0.5501920976707919,0.8041826075767999,-0.18888120079227957,0.8260664466867994
6.990055799484253,-12.754855296870804,-0.5999070940727179,0.7262794878365972,-0.0004615690888735127,0.7262796345060308,-12.751176510287456,-0.5520998369384278,0.8081010724635516,-0.19296487041514784,0.8308205489340504
7.000080585479736,-12.747571127547417,-0.5999137491072383,0.7269335898917677,-0.0008508452588452382,0.7269340878309307,-12.743061705074174,-0.5540507943119761,0.8107007580049855,-0.19611959696082654,0.8340854964222404
7.010067701339722,-12.740308453675784,-0.5999238031276858,0.7274271999417348,-0.0011473285809854273,0.7274281047484661,-12.73495704662903,-0.5560211626165882,0.8121211829446635,-0.19829386578028874,0.8359792300012786
7.020066976547241,-12.73303305231952,-0.5999363789098937,0.7277633621503073,-0.0013528336636871579,0.7277646195352183,-12.72683292466153,-0.5580109171523184,0.8125295602853174,-0.1994886547043463,0.8366600323268713
7.030059099197388,-12.725760093535648,-0.5999505425783281,0.7279413319761854,-0.001466909237696473,0.7279428099940095,-12.718718832730579,-0.5600053313672492,0.8120711553956146,-0.19970272499323802,0.8362659503981333
7.040062427520752,-12.718478027135447,-0.5999654067975657,0.7279613295499833,-0.0014897027828712367,0.727962853815056,-12.710632747256755,-0.5619922427360584,0.8108887998905298,-0.19896231597807987,0.8349411050890146
7.05006217956543,-12.711199162225322,-0.5999800364784247,0.7278231459487235,-0.0014210770043995547,0.7278245332760839,-12.702504729968727,-0.5639810588903653,0.809096082983817,-0.1972969796101007,0.832804040373859
7.060064077377319,-12.703920881632019,-0.5999935257102348,0.7275267347412314,-0.0012610115492677624,0.7275278275869353,-12.69441861220739,-0.5659436028197491,0.8068213082856236,-0.19477413857806197,0.8299985473255669
7.070068359375,-12.69664453333325,-0.6000049773798439,0.727093325226142,-0.001021254949089187,0.7270940424388577,-12.68635978100245,-0.5678763022183083,0.8041651678897535,-0.1914680565603184,0.8266448051794317
7.080180406570435,-12.68929431092208,-0.6000140806035488,0.726668908758165,-0.0007825557886251165,0.7266693301284599,-12.678243083944938,-0.5697925739039423,0.8011844119876331,-0.187422502696173,0.8228144727269121
7.090029001235962,-12.68213963581765,-0.6000207220454004,0.7262972096737369,-0.0005693454804316217,0.726297432829094,-12.670380055910396,-0.5716135871074817,0.7980729600723449,-0.18290171016404164,0.8187633877864627
7.100006818771362,-12.674894458822049,-0.6000254057157248,0.7259625417301224,-0.00037272080019173513,0.7259626374105314,-12.66242064257911,-0.5734164760277141,0.7947606588560893,-0.17782499600296922,0.8144115876317215
7.110026597976685,-12.667621880969577,-0.6000282330648141,0.725668919534983,-0.0001949048621736853,0.7256689457093881,-12.654474600493497,-0.5751710844141115,0.7913410251384084,-0.1723553038323318,0.8098931835904304
7.120078802108765,-12.660328609027758,-0.6000293784839883,0.7254171032012529,-3.629025340162818e-05,0.7254171041089944,-12.646536105355018,-0.5768752043512179,0.787856434631458,-0.1665969699644327,0.8052777856066334
7.130025863647461,-12.653113874824612,-0.6000290397282839,0.725210071371041,0.00010116932693651868,0.7252100784277774,-12.638716618473495,-0.578503222968617,0.7843940589446394,-0.1607406509502717,0.8006944464498075
7.1400206089019775,-12.645866476422754,-0.6000274196569282,0.7250442802868349,0.00021975316711738812,0.7250443135892515,-12.630895087318228,-0.5800799019211678,0.7809321745969868,-0.15479968425298213,0.7961268765502153
7.150031089782715,-12.638609196617882,-0.6000247072424115,0.7249206616917708,0.0003188962412870812,0.7249207318337968,-12.623093978686653,-0.5816000108972053,0.7775069316890619,-0.148883368460894,0.7916333028800658
7.160075426101685,-12.631328320387775,-0.600021087144885,0.7248393048266499,0.00039863416954728775,0.7248394144434905,-12.615301132238963,-0.5830662052931469,0.7741348071871271,-0.1430651658100976,0.7872435083040833
7.170085430145264,-12.624072809432924,-0.6000167811137869,0.7248007603004942,0.00045842665003877374,0.7248009052747989,-12.607572546508628,-0.5844693091667639,0.7708572172767414,-0.13745602399223417,0.7830166077162061
7.180066347122192,-12.616838614334501,-0.6000119893971962,0.7248046058107239,0.0004984899525824813,0.7248047772308566,-12.599921686522988,-0.5858095762949175,0.7676918647472507,-0.13211699273821148,0.7789773417560357
7.1900599002838135,-12.609595100118902,-0.6000068887617064,0.7248507515900195,0.0005190403403182734,0.7248509374233375,-12.592236699844038,-0.5871089850132142,0.7646021603005246,-0.12700878141317842,0.7750791534367891
7.200073957443237,-12.602336016496428,-0.6000016698839098,0.7249394448258203,0.0005199971686536281,0.7249396313221012,-12.584591960885794,-0.5883570636916826,0.7616253244856027,-0.12220735634784391,0.7713674693966089
7.210018873214722,-12.595125983948352,-0.5999965711595358,0.7250574411671841,0.0005029870575296978,0.7250576156333265,-12.577035891094463,-0.5895492953702456,0.758782287910975,-0.11774835078840083,0.7678640729717742
7.220061540603638,-12.587843786854267,-0.5999916622650533,0.7251680199734051,0.0004724197819404785,0.7251681738552783,-12.569427712096731,-0.5907107777431096,0.7560206821950319,-0.11354409791484774,0.7644995317709083
7.230022668838501,-12.580619941893092,-0.5999871613041605,0.7252663842162432,0.00042915445869279924,0.7252665111858211,-12.561913346656997,-0.5918217227080498,0.7533925958665094,-0.10966134839333765,0.7613317377056618
7.240077018737793,-12.573327293179293,-0.5999831206477024,0.7253542469387594,0.0003724060453623383,0.7253543425377402,-12.554348580008572,-0.5929061257205779,0.750843694402371,-0.10599973986124857,0.7582889939030194
7.250034809112549,-12.566104014293767,-0.5999797459241326,0.725429950190878,0.00030325506654609746,0.7254300135764822,-12.546883319612085,-0.5939446190766419,0.7484196770877115,-0.10260118420201564,0.7554197614914044
7.260003328323364,-12.558872164567067,-0.5999771215464846,0.7254944583531934,0.0002211215552178016,0.7254944920507224,-12.53943360573436,-0.5949513304244546,0.74608536843488,-0.09938796479441371,0.7526761219399658
7.270062208175659,-12.551574340923896,-0.5999753689724079,0.7255481124906424,0.0001251556621698818,0.7255481232851986,-12.531938338710265,-0.5959357051665086,0.7438154508813563,-0.09629780290260549,0.7500231275192148
7.280066251754761,-12.544315598899678,-0.5999746487137554,0.7255900803521511,1.666794195678465e-05,0.7255900805435955,-12.524508448351959,-0.5968841582042445,0.7416363483076301,-0.09333941103290397,0.7474869355266658
7.290094375610352,-12.537039108720354,-0.5999750813625109,0.7256207434054454,-0.00010513294773980652,0.7256207510216393,-12.517080124555193,-0.5978058794592896,0.7395208745104656,-0.09045059726216413,0.7450318344754175
7.300068616867065,-12.529801639211323,-0.5999767880096902,0.7256399142922642,-0.0002392398745595289,0.7256399537303622,-12.509716620860559,-0.5986936228078847,0.7374792995544921,-0.08762373919213329,0.7426665718486293
7.310100793838501,-12.52252178398189,-0.5999799192341795,0.7256478019452217,-0.00038717138515040886,0.7256479052333943,-12.502329093770621,-0.5995584087140168,0.7354798614208949,-0.08479757927704949,0.7403521162304774
7.320087432861328,-12.515275041316594,-0.5999845751411983,0.7256443032925934,-0.0005474200887219643,0.7256445097771683,-12.494994054145415,-0.6003911641812907,0.7335374145547666,-0.081980388339961,0.7381042762537434
7.33009672164917,-12.508011879164933,-0.5999909125064908,0.7256294334203817,-0.000721039116665185,0.7256297916592124,-12.48765966757937,-0.601197723290715,0.7316330821368953,-0.07913758818968346,0.7359006215119083
7.340060710906982,-12.500781759960596,-0.5999990117888929,0.7256033316362086,-0.0009068050022128922,0.7256038982646646,-12.480382488488308,-0.6019716511543673,0.7297778482935202,-0.07628299756827699,0.7337539121380696
7.350085258483887,-12.493508062673321,-0.6000089922650482,0.7255714577863156,-0.001072864844392941,0.7255722509806543,-12.473072329509021,-0.6027222188391357,0.7279465429069027,-0.07337928639353146,0.7316356258423554
7.36006760597229,-12.486265338350941,-0.6000202322578995,0.7255426733273795,-0.0011672317699885537,0.7255436122308883,-12.465814202286557,-0.6034402171578185,0.726160081629538,-0.07046372570553334,0.7295708332934657
7.3700642585754395,-12.479012587519076,-0.600032075124005,0.7255168861903587,-0.0011902501462397331,0.7255178625249447,-12.458566286842252,-0.6041297157377217,0.7244086339883836,-0.06752800791754777,0.7275492429040308
7.380061388015747,-12.471759605523745,-0.6000437912964853,0.7254941380793686,-0.0011417294873231742,0.7254950364638948,-12.4513320465848,-0.6047901645914185,0.722695023342069,-0.0645847111296494,0.7255751385453432
7.390065670013428,-12.464501558643928,-0.6000546722197554,0.7254744175460908,-0.0010215525474128566,0.7254751367782681,-12.444109112657745,-0.6054216924840683,0.7210219359413416,-0.06164554443865858,0.7236524063787383
7.4000701904296875,-12.457243627081585,-0.6000639925253215,0.7254577421099453,-0.0008297264905674325,0.7254582166005903,-12.436905685293093,-0.6060236492271989,0.7193952439439697,-0.05872666797299608,0.721788292049971
7.410107374191284,-12.449962206343432,-0.6000710537385892,0.7254440725443205,-0.0005652767980965777,0.7254442927803264,-12.429691518767063,-0.6065986614905401,0.7178126892814162,-0.05582776667894924,0.7199804139181691
7.420062303543091,-12.442740558371671,-0.6000750797948593,0.7254335425654299,-0.0002317615025140057,0.7254335795870105,-12.42255488612568,-0.6071401340475273,0.7162979655385798,-0.052994099547527755,0.7182556299964252
7.430078983306885,-12.435474111580788,-0.6000754218835184,0.7254259904513942,0.00017542881061416438,0.7254260116632528,-12.415386184134949,-0.6076569649306308,0.7148320175328167,-0.05018927215725963,0.7165917780226847
7.4400341510772705,-12.428252431424461,-0.6000713657623027,0.7254215094343983,0.0006512761545671123,0.7254218017889388,-12.40827865989269,-0.608142801373279,0.713438497857874,-0.047454197904962095,0.7150149586718471
7.45006537437439,-12.420975461786657,-0.6000621278684559,0.7254200441265524,0.001202528483311975,0.7254210408413326,-12.401131735606398,-0.6086050482076081,0.7121014839642508,-0.04475126656529012,0.7135062713973057
7.460076332092285,-12.413713390201107,-0.6000470363384045,0.7254216340944326,0.0018244648309215144,0.7254239283923272,-12.394005198245532,-0.6090400091345286,0.7108361944830269,-0.042101657488303294,0.7120819088773245
7.470061302185059,-12.406470001983157,-0.6000254245557703,0.7254262573364867,0.0025162604254122963,0.7254306213551721,-12.386912694427744,-0.609447435337872,0.7096469285011269,-0.039505322237177926,0.7107456884259986
7.480065822601318,-12.399212532729576,-0.5999964837175068,0.7254339090632208,0.003285772926412943,0.7254413502981956,-12.379819892082264,-0.6098297538930124,0.7085288278478408,-0.03694218164166563,0.7094912435512372
7.49006462097168,-12.391958893253777,-0.5999577101409227,0.7254422748973223,0.004617443833277636,0.7254569697754344,-12.372739851541727,-0.6101864858576311,0.7074841403394788,-0.034407559208773184,0.7083203293444263
7.500054836273193,-12.384711648117399,-0.5999012514174394,0.7254498192748182,0.00683298846098301,0.7254819984101427,-12.36567764098639,-0.6105176057877046,0.7065124325854483,-0.031891345605704176,0.7072318398674865
7.510061740875244,-12.377452115713442,-0.5998180730346835,0.7254565606838699,0.009939172671041885,0.7255246436839028,-12.358611153298213,-0.61082417504184,0.7056087123407587,-0.02936743165525568,0.7062195841048375
7.520073175430298,-12.37018911171084,-0.5996993046212076,0.7254624883109215,0.01393509231265199,0.7255963125209748,-12.351551402422063,-0.6111054236116663,0.7047718281314292,-0.026808947550512857,0.7052815391008636
7.530062437057495,-12.36294236676894,-0.5995365062000546,0.7254675882358204,0.01880753061908822,0.7257113370953259,-12.344516734500708,-0.6113600974757523,0.7040002593423287,-0.024174981348407294,0.7044152148252207
7.540048599243164,-12.355697572895835,-0.5993206864701395,0.7254718736191774,0.024562758511476775,0.7258875729189838,-12.3374876154295,-0.6115878450521429,0.7032876029581482,-0.021391430261742537,0.7036128521873807
7.550076246261597,-12.34842290946596,-0.5990416954163156,0.7254753585959545,0.031231162096660388,0.7261472863103164,-12.330439200261589,-0.6117873943313571,0.7026274428578168,-0.018359765181915927,0.7028672736971395
7.5600364208221436,-12.34119701085189,-0.5986939756641012,0.7254780086937203,0.03873719503386977,0.726511466789959,-12.323444889421731,-0.6119538383160403,0.7020220755400912,-0.015006281194745084,0.7021824428315716
7.570065498352051,-12.333921078916262,-0.5982638643186358,0.7254798599447345,0.047183717001761764,0.727012606723937,-12.316406660818275,-0.6120855440553153,0.7014582695617743,-0.01116272935193918,0.7015470835682972
7.580086708068848,-12.326650875432891,-0.5977450179913577,0.7254808906988168,0.0565141204701636,0.7276787536967565,-12.3094058256983,-0.6121754382747686,0.7009383266014388,-0.006736355679198742,0.7009706956689858
7.590062379837036,-12.319413783209228,-0.5971312544153505,0.7254811036308377,0.06668614519808824,0.7285395484713226,-12.30238858201937,-0.6122176441359104,0.7004538610417979,-0.0015525843072840407,0.7004555817226339
7.600101709365845,-12.312130476897988,-0.5964066645646239,0.7254804988644235,0.07781370122051713,0.7296416424041384,-12.295361463682626,-0.6122035291026752,0.7000018500270265,0.00453705023018186,0.7000165532800284
7.61007285118103,-12.304896604770342,-0.5955719946634743,0.7254790848815165,0.0897500802480376,0.7310095618424234,-12.288380848370828,-0.6121237899968739,0.6995826341613346,0.011626210045563998,0.6996792342067437
7.620070695877075,-12.297643279650389,-0.5946111577056771,0.7254769078075352,0.10260381469906746,0.732696585601969,-12.281388552864176,-0.6119671916430606,0.6991900172503663,0.019907189715357237,0.6994733564796666
7.6300647258758545,-12.290392804929997,-0.5935178122773335,0.725474714451698,0.1163430921182462,0.734744361252543,-12.274401932558474,-0.6117214301822284,0.6988232927125568,0.029495801777888818,0.6994454923438569
7.6400651931762695,-12.28313782409003,-0.5922818812361097,0.7254727381179169,0.13098363927594592,0.737202419631324,-12.267416650115564,-0.611372655300347,0.698481116280436,0.04051832458396349,0.6996553468869193
7.650067329406738,-12.275881498761763,-0.5908947994956986,0.7254709799340454,0.14652015895292544,0.7401191118367737,-12.26043281212602,-0.6109059366684385,0.6981630090422093,0.053081763770078734,0.7001780208202871
7.6600871086120605,-12.268612575463669,-0.5893450169985883,0.7254694378057033,0.1629793238616365,0.7435510508341169,-12.253438827009747,-0.6103042892786893,0.6978685297659093,0.06730116617929,0.7011062200599308
7.670055150985718,-12.26138095122689,-0.5876350951320273,0.7254681212053096,0.1802435929339713,0.7475237438897235,-12.24648530875938,-0.6095559569036185,0.6976001544778778,0.08313960741912867,0.7025369526575566
7.68002986907959,-12.254144618418508,-0.58574736632143,0.7254670210163402,0.19840724231850096,0.7521089232197391,-12.239528557889452,-0.6086403186270353,0.6973567123765295,0.10073645741192438,0.7045950738889012
7.69007134437561,-12.246859970750018,-0.5836595397606965,0.7254661330039616,0.2175895095235482,0.7573944182461473,-12.232526133418126,-0.6075323184183894,0.6971379112256446,0.12025600130774047,0.7074339355152409
7.700088262557983,-12.23959296623254,-0.581380354597534,0.7254654665965001,0.237622377440364,0.7633901607202496,-12.225548091992986,-0.606223496391481,0.6969473287220784,0.1415366105617685,0.7111738121880997
7.710071086883545,-12.232350754981464,-0.5789048453642345,0.7254650205311184,0.2584782862605304,0.7701366894794693,-12.218590298036792,-0.6046967180172951,0.6967856306909341,0.16458136499868964,0.7159589658927352
7.720041275024414,-12.22511769810967,-0.5762202276495931,0.7254647923133485,0.28019600645837184,0.7776946488959982,-12.211640331825329,-0.602932469572074,0.6966530701641546,0.18941399592346847,0.721944015849455
7.7300865650177,-12.21783019847529,-0.5732919234706181,0.7254647819822541,0.30297484766284694,0.7861888502216785,-12.204652067215168,-0.6008996535598075,0.6965492303736751,0.2161913678298314,0.7293281414139267
7.740067720413208,-12.210589331452654,-0.5701512666144039,0.7254649900338533,0.326500309341667,0.7955513206355849,-12.197691406694398,-0.5985983699881922,0.6964750493310691,0.2446431656871653,0.7381922329977152
7.7500693798065186,-12.203333365057592,-0.5667640601648462,0.7254654168160565,0.35096712270969865,0.8059019743239367,-12.190723923330129,-0.5960011686538687,0.6964293000025578,0.27486814385746844,0.748709734416284
7.760082244873047,-12.196069484343516,-0.5631240409402707,0.7254660222933051,0.37609530571860894,0.8171588759143745,-12.183759908915786,-0.5930943627226095,0.6964108578487231,0.30678791109141645,0.760990739313843
7.770053148269653,-12.188835816923886,-0.5592519259206307,0.725466596052491,0.4004298847305524,0.8286409805056177,-12.176807119604462,-0.5898654001157659,0.6964178594148053,0.3402978362169755,0.775113186732012
7.780061960220337,-12.181574758415369,-0.5551255209221698,0.7254671134591029,0.423978166459847,0.84027377582865,-12.169838260430193,-0.5862858093516625,0.6964480866403412,0.37540331570069957,0.7911811340167757
7.7900614738464355,-12.174320541259137,-0.5507720448927033,0.7254675718254526,0.446625405384233,0.8519257306273528,-12.162871540964959,-0.5823495190948267,0.6964996467052514,0.41184131252556905,0.8091508045867121
7.800034284591675,-12.16708557590849,-0.5462089344058358,0.725467970683107,0.46833759715607104,0.8635067350038376,-12.155926566195006,-0.578057036580286,0.6965715448068645,0.4492903820094043,0.8288991280009758
7.810063600540161,-12.159809665066195,-0.541406039027853,0.7254683130882655,0.48929145670307467,0.8750488002950181,-12.14894611707638,-0.5733627537513866,0.6966648241221056,0.48780333003992793,0.8504669105656769
7.820076942443848,-12.15254514964765,-0.5364054260850928,0.7254685962200587,0.5093308800193491,0.886409966913046,-12.141962325338358,-0.5682776712672181,0.6967802608634959,0.5269097811448945,0.8735769281495259
7.830068349838257,-12.145296827779212,-0.5312203559756512,0.7254688202258412,0.5284476511856216,0.8975310184965611,-12.135011554850944,-0.5628265011406599,0.6969177700612094,0.5660655244853913,0.8978443942231915
7.840060472488403,-12.138047766888093,-0.5258481115767485,0.7254689858159955,0.5466892376708805,0.908391089765888,-12.128038082794097,-0.5569669160649308,0.6970776917001048,0.6052184895506623,0.9231504364728056
7.8501057624816895,-12.130760296124132,-0.5202681102287076,0.7254690933768455,0.5641433185756133,0.9190011367449596,-12.121031407812644,-0.5506890984859852,0.6972579293248665,0.644043183028964,0.949189254897294
7.860030651092529,-12.123559965753252,-0.5145869735722125,0.7254691416443553,0.5805180334442441,0.9291429721157934,-12.114113338186671,-0.5441125953476007,0.69745064358823,0.6814875793532801,0.9751219006126512
7.870028018951416,-12.116307341197995,-0.5087046440449693,0.7254691319745024,0.5961368034370135,0.9389805907791376,-12.107137472235085,-0.5371137069747085,0.6976537280024935,0.7179812894531996,1.001108313920455
7.880046129226685,-12.10903951265118,-0.502657757155974,0.7254690636014787,0.6109075182460659,0.9484267805647275,-12.100149799086125,-0.5297472118272422,0.6978595771897768,0.7529123991847592,1.0265890464648666
7.890046119689941,-12.101784768190393,-0.49647857958463787,0.7254689367657172,0.6247723024858206,0.9574161102495685,-12.093167755753313,-0.5220489280113089,0.698061628284985,0.7858654427309445,1.0511301208521178
7.900081157684326,-12.094504670829496,-0.4901429139004684,0.7254687719384294,0.6377794985420036,0.9659542576221415,-12.086206254894282,-0.5140580236309155,0.6982551102076932,0.8164980010964699,1.0743505874367494
7.910061836242676,-12.087263981794125,-0.48371683656560455,0.7254686214352856,0.6497614847951372,0.9739069297475991,-12.079191871928915,-0.5057124890202126,0.698439749307332,0.8448801717753776,1.0961936818243756
7.920030832290649,-12.080031865593083,-0.4771837415261855,0.7254684867057575,0.6607763756756831,0.9812899387307674,-12.072233988978311,-0.49716737818343254,0.6986129605146258,0.8703696419521941,1.1160660295121434
7.930078744888306,-12.072742362482279,-0.47049251745143417,0.7254683666793518,0.6709149592762779,0.9881453504586741,-12.06524774752284,-0.4883482592819359,0.6987800060434831,0.893160247681829,1.1340320651926896
7.940062999725342,-12.065499118530784,-0.46374764432947124,0.7254682630987649,0.6800308741392795,0.9943571745334628,-12.058231539590984,-0.47927886577967227,0.6989464820640796,0.913134319633307,1.1499306372481495
7.950092792510986,-12.05822270567952,-0.4568850583733052,0.7254681747856234,0.6882266821597982,0.9999800191321163,-12.051219300774722,-0.4700312281313552,0.6991195016613314,0.9301460945780105,1.163589203654758
7.9600701332092285,-12.050984563528246,-0.4499817894142693,0.7254681025904515,0.6954229272043738,1.0049462749608506,-12.044245714153217,-0.46068208223050744,0.6993069097024255,0.9441564799044675,1.1749304713484758
7.970062732696533,-12.043735285359421,-0.4430007095383287,0.725468045932468,0.7016741060014451,1.009282139296045,-12.037257944320933,-0.45119074082152666,0.699518674494754,0.9553646235320308,1.1840810529112424
7.980087757110596,-12.036462445928649,-0.43593898405704157,0.725468004827063,0.7069840589377825,1.0129808910438052,-12.030241751860993,-0.44156513463033964,0.6997633453396911,0.9638880250758788,1.1911124482456195
7.990063905715942,-12.029225046667218,-0.42886360247087807,0.7254679795691977,0.7113120615725725,1.0160062196260597,-12.023258200278681,-0.43191592443845683,0.7000455770102296,0.9698098703889655,1.1960748281756652
8.000067472457886,-12.021967788619694,-0.42173023736161674,0.7254679699153506,0.7146942705785538,1.0183769811670484,-12.016255386286842,-0.42219703523613566,0.700372024193695,0.9733780291282286,1.199160439583765
8.010037899017334,-12.014734513836062,-0.41459154183458263,0.7254679759104902,0.7171110693484828,1.0200745413222447,-12.009273413371528,-0.41248729190307687,0.7007433963128277,0.974784403462857,1.2005190297160953
8.020067691802979,-12.007458155546956,-0.4073908246409135,0.7254679976721485,0.718581081321354,1.0211085084746885,-12.00223844095299,-0.4027050956354752,0.7011643423762732,0.9742643081993526,1.2003426082794506
8.030067443847656,-12.000203777916452,-0.4002019856016098,0.7254680350741669,0.7190869805768256,1.0214646129697633,-11.99522272528109,-0.39296978153532647,0.7016297591227868,0.9720388306799453,1.1988093289745185
8.040063381195068,-11.99295196149175,-0.3930154160969975,0.7254680787523415,0.7186350146088085,1.0211465210783495,-11.988206924795394,-0.38327091209651665,0.7021381534832088,0.9683387533508129,1.1961094965837435
8.0500328540802,-11.985719471847482,-0.38585725769185036,0.7254681181395928,0.7172305893835649,1.020158668435699,-11.981215150133133,-0.37365575977195364,0.7026841539034865,0.9633959783085345,1.1924331558490469
8.060061931610107,-11.978443700401336,-0.3786751991057598,0.7254681535482239,0.7148568022269485,1.0184911828301744,-11.974156745411479,-0.36401207904224103,0.7032711763935102,0.957330537897536,1.1878855611283003
8.070035219192505,-11.971208443117506,-0.3715615166244878,0.7254681845680278,0.7115404446323901,1.0161662714182602,-11.967143884240109,-0.3545038693928939,0.7038862650545762,0.9503921968770169,1.1826669869482296
8.080034971237183,-11.963953876483238,-0.3644668372089282,0.7254682114739133,0.7072582975557439,1.013172455863565,-11.960100174967126,-0.34503588754251774,0.7045320598638788,0.9426388987682808,1.1768319832699643
8.090025901794434,-11.956705735798543,-0.35742598807530734,0.7254682341592527,0.7020230023096057,1.0095248657392926,-11.95306055423989,-0.33566320906850133,0.7052015650428566,0.9341948111738911,1.1704824614504552
8.1000337600708,-11.949445470882718,-0.3504305943240865,0.7254682526771539,0.6958200313101053,1.0052212202370376,-11.945994577802637,-0.32635243914639844,0.7058933936609727,0.9250742931220487,1.1636356521735929
8.110029935836792,-11.942193439141995,-0.343509895928362,0.7254682669723138,0.6886660065983721,1.0002824976115305,-11.938934426000733,-0.3171528818711887,0.7065994641880904,0.9153317683189361,1.1563369097649556
8.120028018951416,-11.934940202276554,-0.33666436721225085,0.7254682770694445,0.6805530100022877,0.9947143411338163,-11.931867602663196,-0.3080545372897825,0.7073149226930612,0.9049326472298591,1.148563231122576
8.130030870437622,-11.927683504847451,-0.32990153769305886,0.7254682829676323,0.6714775944061349,0.9885273842344755,-11.924789951289076,-0.2990589990705925,0.7080329282389105,0.8938191007882017,1.1402733060123769
8.140059471130371,-11.920408054025218,-0.32321718478745176,0.7254682846599867,0.6614162286125456,0.9817207645351843,-11.917709094374018,-0.2901834004735376,0.7087442749593078,0.8819264974988804,1.1314206972997434
8.150035858154297,-11.913170406633922,-0.3166724588438306,0.7254682821499087,0.6504509014999572,0.9743667706093257,-11.910608872792347,-0.28141583959392735,0.7094411105474341,0.8691302453080884,1.1219153589482918
8.160066366195679,-11.905893725467973,-0.31020753182766464,0.7254682754096805,0.6384649574796012,0.9664066020859569,-11.903489136350233,-0.27276598460253176,0.7101130237365816,0.8553132334911272,1.1116749677245406
8.170068979263306,-11.898637073118618,-0.3038849314902925,0.7254682645715246,0.6255533197511287,0.9579254452994124,-11.896426306623013,-0.2643356084144437,0.7107423771947741,0.8405125865569557,1.1007343616427818
8.180074453353882,-11.891378382319079,-0.2976943521816884,0.7254682530985813,0.6117322483998574,0.948957601785376,-11.889269602398745,-0.2559560687535283,0.7113321492386296,0.8242888725826766,1.0887816916186954
8.190062761306763,-11.884132202328539,-0.2916567567800936,0.7254682427698071,0.5970575975172687,0.9395647641438054,-11.882161134974194,-0.24780799546275392,0.7118606991528171,0.806830295968335,1.0759743405354463
8.200069189071655,-11.876872834148536,-0.28575954304490736,0.7254682335487288,0.5814771995166419,0.9297418412903818,-11.8750345301456,-0.23982687564335936,0.7123259234776029,0.7878762585285228,1.0621474568114935
8.210062742233276,-11.869622801380286,-0.28002990673297123,0.7254682254648526,0.5650386958899971,0.9195503651308018,-11.867917077765805,-0.23205777557008156,0.7127207567479774,0.7673989904556845,1.0473166128978444
8.220054626464844,-11.862374033178313,-0.27446988985668647,0.7254682185067125,0.5477257123621123,0.9090146269702631,-11.860793143091026,-0.22449831174690787,0.7130440341186783,0.7452719983401391,1.0314369326828197
8.230066776275635,-11.855110509742264,-0.269076474620706,0.7254682126620717,0.5294975363529973,0.8981490792663513,-11.853652699470294,-0.21715454932725045,0.7132972594562154,0.7213925084152374,1.0144950130707275
8.240065813064575,-11.847856535697108,-0.2638766913000044,0.7254682079516993,0.5104142156330671,0.8870325767800015,-11.846518309577728,-0.21006675918671197,0.7134843820034928,0.6957847095324771,0.9965823224310673
8.250067234039307,-11.840600791551003,-0.2588709180897224,0.7254682043664329,0.49044738553679934,0.8756955826807272,-11.839382205894504,-0.20324382417218384,0.7136139512827714,0.6683953296274051,0.9777510870017672
8.260085582733154,-11.833332918332255,-0.2540613868826601,0.7254682019043923,0.46956601277001164,0.8641737975217246,-11.83223069963095,-0.1966907415202103,0.7136970737588392,0.6391613474161093,0.958066146527841
8.270068645477295,-11.826090427088443,-0.24948113524247462,0.7254682005751985,0.44788027864339575,0.8525848075373512,-11.82516894873566,-0.1905175074032347,0.7137458855414383,0.6085436838895801,0.9379544788150612
8.280068397521973,-11.818835969254337,-0.24511473261756933,0.7254682003688735,0.42528079017263687,0.840932732289756,-11.817972295855192,-0.1845457905737315,0.7137760982265395,0.5755899282003886,0.9169406108605023
8.290066480636597,-11.811582635892373,-0.2409793337963794,0.725468201288312,0.40180636080921783,0.8293084243315306,-11.810834825578526,-0.17896084576480364,0.7138013966479134,0.5411844308608124,0.8957639321063632
8.300091743469238,-11.804309753323913,-0.23707285635193998,0.7254682033404283,0.37738673301508413,0.8177559906926927,-11.803675243483074,-0.1737125724076857,0.7138371800667623,0.5050096307080123,0.8744130870209516
8.310068130493164,-11.797072100916413,-0.23343252124919636,0.7254682063898255,0.35235301690315274,0.8065089999517823,-11.79656008653223,-0.16886519936910116,0.7138970266242962,0.46746186316714683,0.8533285171249766
8.320065259933472,-11.78981948351975,-0.23003323673518797,0.7254682093966692,0.3278462636716111,0.7961075903724604,-11.789417806620826,-0.16438353930383598,0.7139933908962844,0.4282604243583471,0.8325824603696417
8.330069303512573,-11.782561861089336,-0.2268723873705125,0.7254682121036253,0.30421653552616723,0.7866713591204236,-11.782274215983369,-0.16030093425297834,0.7141352324235539,0.3877020249314878,0.8125896814042246
8.340054988861084,-11.77531764165862,-0.22394865876181033,0.7254682145043515,0.28152221542139466,0.7781766432063494,-11.775142560900662,-0.15663675587338516,0.7143280350262179,0.3460819096595329,0.7937488455538103
8.350069522857666,-11.768052362588572,-0.2212395592761828,0.7254682166097908,0.25965675528806664,0.7705360237378375,-11.767988277021084,-0.153383896233174,0.714575448454145,0.3034420318979839,0.7763344242372738
8.360065937042236,-11.760800357390947,-0.21874931417636118,0.7254682184095077,0.23872492289143132,0.7637366854693999,-11.760842928374995,-0.15056581594014865,0.714876390221824,0.2602466782734065,0.7607736764957944
8.370026350021362,-11.753574308704277,-0.2164716731200388,0.7254682199028007,0.2187560839601927,0.7577323817539655,-11.7537210011183,-0.14818987621202442,0.7152274725958905,0.21690037564616055,0.7473928756091744
8.380028247833252,-11.74631832936183,-0.21438028104244838,0.7254682211009715,0.19959653017527496,0.7524246903746697,-11.746565903695227,-0.14623828762638036,0.7156274502446924,0.1734013624748962,0.7363359831298958
8.39006781578064,-11.739034959956186,-0.21246920388272506,0.7254682220000233,0.18126356050262327,0.747770432350707,-11.739379547022699,-0.14471482779160308,0.7160716616254009,0.13012725906437078,0.7277992361459089
8.400067806243896,-11.731780310379039,-0.2107441476214701,0.7254682225931127,0.16389816313545857,0.7437518066341672,-11.7322162650776,-0.143626039294335,0.7165508726833988,0.08778094723358727,0.7219076449522932
8.410107612609863,-11.724496732752083,-0.20918239965872076,0.7254682228849398,0.14736238536351515,0.74028360446241,-11.725019568143422,-0.1429531669878773,0.7170621310092774,0.046401128517507266,0.7185618723918382
8.42006516456604,-11.717272760318384,-0.207792974841451,0.725468222873872,0.1318515556060388,0.7373526802795975,-11.717875850191357,-0.1426898109875113,0.7175918555966593,0.00683763136534166,0.7176244313158138
8.430063009262085,-11.710019706767113,-0.20654889261811826,0.7254682225616773,0.11716961420763261,0.7348692811924886,-11.710699796762771,-0.14281256377286386,0.7181380027579182,-0.03106198621701227,0.7188094587530673
8.440059900283813,-11.702767159597293,-0.2054472044110942,0.7254682219478492,0.10338172418287445,0.7327973266539649,-11.703517222897714,-0.14330389621020623,0.7186896367856493,-0.06684562059011971,0.7217916119041332
8.450090408325195,-11.69549047610725,-0.2044758848074243,0.7254682211028289,0.09044359623770278,0.7310842522791143,-11.696340648054624,-0.14413976503480005,0.7192358353689918,-0.10018799108452407,0.7261802947178367
8.460065841674805,-11.688253609223318,-0.2036341761958554,0.7254682203157692,0.07845917635389761,0.7296985549130965,-11.689126514262519,-0.14530116685868885,0.7197691415656522,-0.13106060092662322,0.7316040583986693
8.470067262649536,-11.680997851879866,-0.20290587572627702,0.7254682196077985,0.06732673629646134,0.7285856346931652,-11.681924188695234,-0.14675456395839914,0.7202743272546607,-0.1590602571072476,0.7376281393040655
8.480100154876709,-11.673719254627152,-0.20228269690614925,0.725468218979233,0.05704784770747133,0.7277077666735151,-11.674695325364375,-0.14847886718571662,0.7207424385394559,-0.18420760236112443,0.7439100103368924
8.49006700515747,-11.666488750119466,-0.201761342557982,0.7254682184357732,0.047718065564506286,0.7270358655125573,-11.667514625926863,-0.15042568816055935,0.7211579340034935,-0.20617985675091272,0.7500525975596738
8.500084400177002,-11.659221291716712,-0.2013265992723418,0.7254682179708407,0.03922561364365715,0.7265278962651803,-11.660286636403761,-0.1525896997742881,0.7215172203806853,-0.225263733676526,0.7558643059542892
8.510066270828247,-11.651979897940326,-0.20097362242897787,0.725468217588649,0.03164612119903786,0.7261581175737111,-11.653113423068733,-0.15491072683150792,0.7218082304062867,-0.24122275890513872,0.7610489740457324
8.520063877105713,-11.64472694455678,-0.20069150772950653,0.7254682172869691,0.02493755594544216,0.7258966978779178,-11.645867678260034,-0.1574003735828225,0.7220321409038409,-0.25443060755930413,0.765549049089071
8.530067205429077,-11.637469874869177,-0.20047193665834706,0.7254682170663737,0.019109666562205724,0.7257198587124247,-11.638642724144827,-0.16000020032678874,0.7221844922535189,-0.2648133355379059,0.7692051374829633
8.540043354034424,-11.630232402981788,-0.20030662139243904,0.7254682169273237,0.014178668968291945,0.7256067588063266,-11.631434019996782,-0.16268418445212124,0.7222688731428115,-0.2725747727952537,0.7719904998608279
8.550066709518433,-11.622960811599674,-0.20018563383893162,0.725468216869031,0.010110619735000739,0.7255386676935677,-11.624196133596461,-0.16544451649562517,0.7222921439827611,-0.27796778595317184,0.7739328338343852
8.560065269470215,-11.615707113891306,-0.20010114088400205,0.7254682168921852,0.0069375833920551945,0.7255013878581132,-11.616972710857025,-0.16824218806069943,0.7222633796844742,-0.2811780363906309,0.7750648216644398
8.570061683654785,-11.60845508113186,-0.20004396569439245,0.7254682169965093,0.004648883201824737,0.7254831121308879,-11.609753969402224,-0.1710604837714797,0.7221946955622139,-0.2824591654115818,0.7754665424266906
8.580061197280884,-11.601200825536345,-0.20000524329130945,0.7254682171820687,0.003243394169706325,0.7254754673640379,-11.602534076179719,-0.17388373584406963,0.7220996383754645,-0.2820547292910389,0.7752307772898455
8.590070962905884,-11.593938993148608,-0.1999769080298904,0.7254682174127617,0.0024412524020902228,0.7254723248955406,-11.595306753046092,-0.17669877759069066,0.7219924101131823,-0.28019459315541617,0.7744559705332323
8.600070714950562,-11.586684534417628,-0.19995611390116902,0.7254682176215554,0.0017310477877555287,0.7254702828548114,-11.588092299209034,-0.17948428965379473,0.7218874358587908,-0.2771013282799595,0.7732442150997948
8.610068082809448,-11.579431731203147,-0.19994202373414255,0.7254682178072285,0.0011010559362794356,0.7254690533527748,-11.580870161430967,-0.18223683949679592,0.7217974557097312,-0.27296543105382015,0.7716875621774911
8.620061874389648,-11.572181478007717,-0.19993383368728687,0.7254682179697783,0.0005512849304788092,0.7254684274310773,-11.573656266251591,-0.18494077469826165,0.7217338496176379,-0.2679733250496277,0.7698762579934832
8.630098581314087,-11.564900290120482,-0.19993073487577107,0.7254682181098198,7.966613267473258e-05,0.7254682224840243,-11.56641172228784,-0.18760255443084414,0.7217051700002919,-0.26225549995010194,0.7678777895337435
8.640064001083374,-11.557670687375087,-0.19993194261745967,0.7254682182258644,-0.00030879735061188613,0.7254682839460413,-11.559221504350502,-0.19018465236399767,0.721717647782973,-0.25602226114986165,0.7657831033169087
8.65009331703186,-11.55039473156231,-0.1999366648123803,0.7254682183195091,-0.0006194546928755616,0.7254684827859853,-11.55198465851117,-0.1927184918460221,0.7217743334294322,-0.24931393492510268,0.7636200799778248
8.660072088241577,-11.543155324112082,-0.19994405596653034,0.7254682183896404,-0.0008486040929825866,0.7254687147095632,-11.544782606862555,-0.19517131170167135,0.7218750058555552,-0.2423117695220019,0.7614581523155699
8.67007064819336,-11.535901667014523,-0.19995335550365956,0.7254682184368567,-0.0009982227746096026,0.7254689051990131,-11.537564770973681,-0.19755780450956395,0.7220177540512055,-0.23506056130611605,0.7593175255758907
8.68006944656372,-11.528647948977277,-0.19996375086044094,0.7254682184609972,-0.0010677813024656617,0.7254690042681927,-11.53034226128681,-0.19987191879162547,0.722198199403785,-0.22764717156436726,0.7572274915395807
8.690075874328613,-11.521388664422263,-0.19997444956686924,0.7254682184620537,-0.0010572392797345816,0.7254689888295713,-11.523114040950407,-0.20211250135487374,0.722410496831068,-0.2201326688399946,0.7552054805298549
8.700037002563477,-11.514162132581015,-0.19998459796002444,0.7254682184401501,-0.0009671020018128139,0.7254688630485854,-11.515920837422923,-0.20426655231506305,0.7226461137554027,-0.2126085953966188,0.7532727398242349
8.710074186325073,-11.506880470959244,-0.1999935132490023,0.725468218394913,-0.0007959027186845966,0.7254686549825753,-11.508669693217193,-0.2063614891588565,0.7228998289250483,-0.20501452271908763,0.7514087550631809
8.720067501068115,-11.499630649412678,-0.20000028140207993,0.7254682183268163,-0.0005454623921087322,0.7254684233869221,-11.50143916105938,-0.20837390143542492,0.7231601619057606,-0.19745875788372774,0.7496336310709055
8.730089664459229,-11.492359944538713,-0.20000439464943115,0.7254682182542443,-0.00028285968615015443,0.7254682733976655,-11.49418719562824,-0.2103158862238986,0.7234196498468056,-0.18991429075720007,0.7479327694507609
8.74005651473999,-11.485129236179226,-0.20000609750851217,0.7254682181931391,-6.624469305746298e-05,0.7254682212176405,-11.486974979878216,-0.21217165807206018,0.7236676853100237,-0.18245395842139023,0.7463138520124104
8.750073432922363,-11.477862239174556,-0.20000585742475824,0.7254682181428473,0.00010670219875382523,0.7254682259897515,-11.479777047890272,-0.21394921407430695,0.7238978144078547,-0.1750547419112634,0.7447631894569495
8.760066032409668,-11.470612966084364,-0.20000411538617358,0.7254682181037855,0.00023452404200573548,0.7254682560113902,-11.472492014368479,-0.2156732692278487,0.7241067984243387,-0.1676138889142654,0.7432530331463906
8.770075559616089,-11.463351427503344,-0.2000013137868527,0.7254682180757793,0.0003178001185069303,0.7254682876838668,-11.46524312387832,-0.2173141687242679,0.724286050195883,-0.16025807998232705,0.7418038384289846
8.780072689056396,-11.456098691028442,-0.19999790717336974,0.7254682180589183,0.0003562568029713033,0.7254683055327034,-11.458002704438403,-0.21887951695094687,0.7244337947228966,-0.15295978040676203,0.7404059814444375
8.790092468261719,-11.448829749044597,-0.19999433167481753,0.7254682180531609,0.0003499581867449429,0.7254683024612179,-11.450742956158756,-0.2203758276133376,0.7245497607124306,-0.14569420918928444,0.7390528792581296
8.800090789794922,-11.441576255906456,-0.19999105054770605,0.7254682180585341,0.00029892469937945604,0.7254682796435697,-11.443495912594278,-0.22179696346699485,0.7246343274933881,-0.1384996304751908,0.7377513512177115
8.810065746307373,-11.434339830858974,-0.19998850792219858,0.7254682180749623,0.0002034682962283081,0.725468246607809,-11.436268033144572,-0.22314282152810344,0.724690012523736,-0.13139138307972253,0.7365047927877014
8.820098161697388,-11.427061554275241,-0.1999871357138974,0.7254682181026358,6.258258428605169e-05,0.7254682208019821,-11.42899797623883,-0.2244254214075673,0.724720513535074,-0.124321904666215,0.7353065746465054
8.83006763458252,-11.419828956797527,-0.19998739498677315,0.7254682181412134,-0.00012200274398779492,0.7254682283998775,-11.421774009677453,-0.2256299712284108,0.7247293238377502,-0.11739262046841357,0.7341754696057092
8.84006643295288,-11.4125751277665,-0.19998972631880008,0.7254682181909955,-0.00035176929994424407,0.7254683034749748,-11.414526234721524,-0.22676968167511477,0.7247210964669573,-0.11055370623520644,0.7331048967416662
8.85008430480957,-11.405307479290828,-0.1999945904785142,0.7254682182520117,-0.0006268062180484824,0.725468489032972,-11.407266740904829,-0.2278433726907761,0.724700586304272,-0.10383710493327238,0.7321018263538748
8.860064268112183,-11.398067350725885,-0.2000023942908811,0.7254682183227315,-0.0009403305951204501,0.7254688277369239,-11.40003334960204,-0.22884701404036595,0.7246727206076178,-0.09729812444236183,0.7311754078282774
8.87005615234375,-11.390818650753276,-0.20001313983276223,0.7254682183809197,-0.0011941155023924576,0.7254692011330451,-11.392793442353199,-0.2297871073436074,0.7246418769550719,-0.09092705794840503,0.7303242976268297
8.88007140159607,-11.383552857298035,-0.20002596025550978,0.7254682184178411,-0.0013495343970351065,0.7254694736358279,-11.385535132840664,-0.23066672487877365,0.7246119824551243,-0.08473382251417182,0.7295494128538577
8.89006233215332,-11.376304707229597,-0.20003980689311188,0.7254682184333215,-0.0014058554706940724,0.7254695806072244,-11.37829560221904,-0.23148330838452455,0.7245865709281633,-0.07876728827829146,0.7288552561875024
8.90006947517395,-11.369044846653132,-0.20005374568581513,0.7254682184274501,-0.001363428040631327,0.7254694996237405,-11.371044321571295,-0.23224261419198097,0.724568213594367,-0.07301447767136714,0.7282377428429228
8.910062551498413,-11.361795170199684,-0.20006674779447214,0.7254682184002375,-0.0012223488962016793,0.7254692481736484,-11.36380510900585,-0.23294436829442797,0.7245589206392979,-0.06750159396277519,0.7276964302959716
8.920080423355103,-11.354527674796238,-0.20007787134228797,0.7254682183515448,-0.0009819170715706384,0.7254688828608021,-11.356546820424091,-0.23359387193506934,0.7245598586873396,-0.062205949107542284,0.7272252532230902
8.930067300796509,-11.347282366387898,-0.20008607014933588,0.7254682182816597,-0.0006435452955510523,0.7254685037183305,-11.349308224673768,-0.2341898784850765,0.7245715124666552,-0.05715052142575983,0.7268218893081388
8.940080881118774,-11.340017846856483,-0.20009040308689208,0.7254682181901959,-0.00020536100062819372,0.7254682472563484,-11.342083090616752,-0.23473545465044685,0.7245936332456531,-0.0523175779551362,0.7264799118373665
8.950124025344849,-11.332731862172455,-0.20008984249176626,0.7254682180769451,0.00033360374459670853,0.7254682947801346,-11.334778727826816,-0.2352391379896342,0.7246258467228925,-0.0476297383970263,0.7261895136385805
8.960063219070435,-11.325521392927412,-0.20008346950929712,0.7254682179436533,0.0009650712635333194,0.7254688598478116,-11.327573781740226,-0.23569039230625644,0.7246661383061257,-0.04317964199955306,0.7259514401740123
8.970078945159912,-11.318255325975993,-0.2000702053578005,0.7254682177879849,0.0017001172191498264,0.7254702098770381,-11.320315357394874,-0.23610106806842468,0.724713639037684,-0.03884426237408026,0.7257539082406852
8.980063915252686,-11.311011426433096,-0.2000491603871717,0.7254682176114585,0.0025315561804514085,0.7254726345914375,-11.313079614269192,-0.23646780622239288,0.7247660768261244,-0.03464197555315843,0.7255935036838169
8.990031957626343,-11.303779960691848,-0.2000193810043803,0.7254682174139895,0.003459799399845407,0.7254764673576385,-11.305857224868802,-0.2367924572408188,0.7248215174212272,-0.03053688992275267,0.7254644951773759
9.000038862228394,-11.296520316316165,-0.19997955470903012,0.725468217205409,0.004572120934840904,0.7254826245093933,-11.298604231933492,-0.2370776593237369,0.7248784023623319,-0.026474648384087616,0.7253617064736929
9.010031938552856,-11.289270704442275,-0.19992542858147627,0.7254682170584352,0.006395382353600378,0.7254964058335462,-11.291358642974044,-0.23732213761095175,0.7249348574610853,-0.022448226451149567,0.7252823384261651
9.020029783248901,-11.28201745797372,-0.1998489989763178,0.7254682169856845,0.009028406201217972,0.7255243937835051,-11.28411089973814,-0.2375264510001769,0.7249895744085781,-0.018423376329096873,0.7252236233028366
9.030036211013794,-11.274758124101712,-0.19974209523542416,0.7254682169872815,0.012473709698491426,0.7255754456239183,-11.276855313230238,-0.23769055690055416,0.7250416508355821,-0.014363512221794796,0.7251839117973674
9.040030241012573,-11.26750775846741,-0.19959686849547742,0.7254682170631784,0.016723665311067882,0.7256609504102199,-11.269608761246387,-0.23781355884968328,0.7250904790785363,-0.010235492448228014,0.7251627183991184
9.050032138824463,-11.260251779884383,-0.19940495930525662,0.7254682172134765,0.021786258566763715,0.7257952708920319,-11.262356222656829,-0.23789476723855976,0.7251360621868532,-0.005975991676508412,0.7251606864415455
9.060030221939087,-11.25299848553189,-0.19915846844111285,0.7254682174380491,0.02765619042773928,0.725995178621536,-11.255105108494769,-0.23793244369343158,0.7251785537994839,-0.0015206345249982457,0.7251801481149837
9.070046663284302,-11.245731915108394,-0.1988486165002728,0.725468217737553,0.034348150699028815,0.7262808894661519,-11.247843224764768,-0.2379242166553311,0.7252184502893332,0.003220960669488677,0.7252256029868888
9.080033779144287,-11.238486463061353,-0.19846888649254035,0.7254682181104499,0.041829152230018,0.7266731132115962,-11.240600981339547,-0.2378669110860552,0.7252561617718067,0.008323762760674562,0.7253039260988934
9.090047121047974,-11.231222096602819,-0.19800910326186397,0.7254682185587666,0.050140160233234476,0.727198853001739,-11.23333426182508,-0.2377559276138489,0.7252925699201759,0.01392471056541693,0.7254262261220943
9.100042819976807,-11.223970676845267,-0.19746309337327342,0.7254682190806283,0.05924572163745975,0.727883364577294,-11.226092876835331,-0.23758660142818036,0.7253279958879604,0.02009918821080113,0.7256064215437859
9.110028266906738,-11.216726395689404,-0.19682270790240713,0.7254682196761444,0.06914976901112721,0.728756357306313,-11.218844868306793,-0.23735196771122824,0.725362889469213,0.026988710273628803,0.7258648027707085
9.120031356811523,-11.209469571907164,-0.19607801359540317,0.7254682203470156,0.07988011349363189,0.7298527051845609,-11.211588905133116,-0.23704410317013833,0.7253974960489852,0.034715052857623024,0.7262276930612361
9.130008697509766,-11.202231225793435,-0.1952242618137485,0.7254682210902835,0.09138989464770608,0.7312019233123087,-11.204348649215484,-0.23665522687892812,0.725431930127887,0.043368647098178524,0.7267271322857004
9.14004921913147,-11.194947147606342,-0.19424555969395416,0.7254682218279811,0.10359290131534758,0.7328271488456088,-11.197065391431552,-0.23617181904995707,0.7254665655209066,0.05313461589450469,0.727409805470724
9.150035858154297,-11.187702246148032,-0.19315017645214455,0.7254682223021832,0.1157818618641071,0.7346492912315434,-11.189819288869229,-0.23558777238768255,0.7255007149430476,0.0640097134130726,0.7283189759947881
9.160037994384766,-11.180445988932274,-0.19193099382513018,0.7254682225012166,0.1280041024530424,0.7366744139060917,-11.182565487703096,-0.23488823997497554,0.7255339266530318,0.07613424694515586,0.7295175818871489
9.170032262802124,-11.173195488306252,-0.19059060408238976,0.7254682224242922,0.1402308159253099,0.7388970317185883,-11.17531026808714,-0.23406092001103415,0.7255653154768312,0.0895542171210004,0.731071121592933
9.180026054382324,-11.165945288026219,-0.18912801002618013,0.7254682220716978,0.1524711855432343,0.7413174783160247,-11.168068707711026,-0.2330947831153839,0.7255939207964311,0.10425760828746536,0.7330458285691013
9.190031051635742,-11.158686995878547,-0.18754117969991688,0.7254682214425807,0.16473940255805913,0.743937639240177,-11.160803278294676,-0.2319716494573471,0.725619126496301,0.12030062855319286,0.7355238663480256
9.200052261352539,-11.151417013543647,-0.18582868246276005,0.7254682205354994,0.17704160701587088,0.746758240410982,-11.153533043406442,-0.2306808033317129,0.7256405202116493,0.13758673347823572,0.7385690717883088
9.210037231445312,-11.14417317419197,-0.18399965528703283,0.7254682193559995,0.18931373555132178,0.7497625142429837,-11.146285489093694,-0.22921578749306676,0.7256580604645098,0.15594453570565553,0.7422252481110883
9.220050573348999,-11.136908731556066,-0.1820422937268277,0.7254682178967857,0.2016349669645595,0.7529679907413974,-11.139017122501054,-0.22755750024791907,0.7256719009056479,0.17534470118052883,0.7465557393765756
9.230032682418823,-11.12966701640443,-0.17996818555721028,0.725468216166683,0.21393180165881948,0.7563537191215877,-11.131774012825455,-0.2257072931272388,0.725681923001421,0.1954992097544916,0.7515545185717872
9.240033388137817,-11.122411930892252,-0.1777670884507995,0.7254682141576013,0.22626550835469705,0.7599343458641864,-11.124518448537193,-0.22364898487900603,0.7256880826114606,0.21632373692009157,0.7572444469254106
9.250035762786865,-11.11515540679808,-0.17544210333604104,0.725468211872,0.23861584632917707,0.7637025916913903,-11.11726054858997,-0.22137936923963203,0.7256902373752984,0.23759422255188087,0.7635950073251196
9.260030269622803,-11.107904835920278,-0.17299557203406885,0.725468209312465,0.25097022178205963,0.7676523789739539,-11.110008606239218,-0.21889774737529177,0.7256884828336856,0.2590857272884178,0.7705512236068572
9.270029067993164,-11.100650958385348,-0.17042429590011843,0.7254682064758785,0.2633444050214885,0.771786495258533,-11.102748123854365,-0.21619772188079517,0.7256830888802664,0.280646346835679,0.7780606129852718
9.280032396316528,-11.09339393524839,-0.16773030410850348,0.7254682039032619,0.27498733862233526,0.7758364204374655,-11.09548954430981,-0.2132832836076416,0.7256743192898119,0.3020625552358447,0.7860311730156377
9.290028810501099,-11.086141766965271,-0.16493067333734487,0.7254682023564277,0.2848336431797825,0.7793807265498258,-11.088234839318936,-0.21015771921790813,0.7256620536956682,0.323150482800474,0.7943624177338667
9.300037145614624,-11.078881048324247,-0.16203813616454485,0.7254682018385602,0.2928928554104402,0.7823620240204371,-11.080975876287328,-0.20682160003602496,0.7256459140349255,0.34375749989223875,0.8029515622300918
9.310038089752197,-11.0716256785603,-0.15907615173664466,0.7254682023513322,0.29914835790540656,0.7847253358088897,-11.073719583437663,-0.20328375453785433,0.7256256708972764,0.3636932048606752,0.8116682582970406
9.320031881332397,-11.064375593096473,-0.15606280421841762,0.7254682038924845,0.3036041570071519,0.7864347391939212,-11.06646623657861,-0.19955202056431579,0.7256013568986233,0.38278262901024224,0.820377882567001
9.330054998397827,-11.057104155631851,-0.1530048796414261,0.7254682064711017,0.30627065024882233,0.7874679865265848,-11.059192315253192,-0.19562303043219445,0.7255731952694571,0.4008983507199747,0.8289607646345667
9.340049028396606,-11.049853697951368,-0.14993815673914024,0.7254682100722514,0.30713217591673536,0.7878034636308632,-11.051944006480555,-0.1915328693554153,0.7255418919219372,0.4177254431176918,0.837201040826835
9.350033521652222,-11.042610374484177,-0.14687480292961413,0.7254682146968248,0.30620082428445405,0.7874408392557992,-11.04469816343695,-0.18728285927077298,0.7255080870811114,0.4331146063028781,0.8449557660688461
9.360029220581055,-11.03535872259052,-0.1438262058624209,0.7254682203549478,0.30347416391320464,0.7863845795206019,-11.037446420543477,-0.18288339281089078,0.7254728062100413,0.44686620730296,0.8520564533994236
9.370026111602783,-11.02810626971824,-0.1408135065612511,0.7254682270426893,0.29895163617563375,0.7846503866184936,-11.030193764835058,-0.17835484100186744,0.7254372995678212,0.45874954638091203,0.8583183686190954
9.380093574523926,-11.02080268722371,-0.13783437178148436,0.7254682348175375,0.29258252570577964,0.7822459294094454,-11.022889531892957,-0.17368433709963352,0.7254025322491848,0.46861414279936375,0.8636017882248231
9.390046834945679,-11.01358192772768,-0.13496099769624453,0.7254682435301448,0.2844954275037238,0.7792572236695916,-11.015670495287827,-0.1689815084354354,0.7253701278596351,0.47607742775938255,0.8676471285108327
9.400031328201294,-11.006338395691388,-0.13216835480020472,0.7254682532951364,0.2745943898674618,0.7756972769616893,-11.008430099367706,-0.16420215688088416,0.7253400905041898,0.48109840817219124,0.8703872271802031
9.410068273544312,-10.99905696001209,-0.12946977183484967,0.7254682641046515,0.26285150526904405,0.7716185042138496,-11.001146522720504,-0.1593567939466695,0.7253127888962132,0.48348649293684287,0.8716867732097181
9.420026302337646,-10.991832822440138,-0.12691368750221033,0.7254682728485946,0.2505291754182476,0.767508359984222,-10.993926480475599,-0.15454369824020922,0.725288941879484,0.4830513448010469,0.87142564279849
9.430035591125488,-10.98457128110662,-0.12446795883077252,0.7254682777977315,0.23815686676467,0.7635593724642317,-10.986663628661793,-0.1497208825711056,0.7252681675847014,0.47967008290816615,0.8695385577125361
9.440030813217163,-10.977320120468434,-0.1221492319391364,0.7254682788980508,0.22581607220429284,0.7598007121298811,-10.979416501284888,-0.14495733516807116,0.72525035945367,0.47324649655816664,0.8659967265482338
9.450033187866211,-10.970063727761229,-0.11995224437385345,0.7254682761560132,0.21348020548566,0.7562261684463035,-10.972164096989832,-0.14026990099368777,0.7252345603044856,0.4637277592691141,0.8608185651905946
9.460031747817993,-10.962810009902189,-0.11787931702697876,0.7254682695725747,0.20116271561380994,0.7528417153092332,-10.964911174770645,-0.13569259134304637,0.725219573329761,0.4511486098871689,0.8540951338953556
9.470029354095459,-10.955557090143266,-0.11592968681578245,0.7254682591487916,0.18886040569949492,0.7496482160809537,-10.957659851329037,-0.13125681149013013,0.7252045910249798,0.4356296583703802,0.8459875283333688
9.480054140090942,-10.948284478397714,-0.11409818828981562,0.7254682448401932,0.17653857472230583,0.7466391649495047,-10.950390751450202,-0.12697968469227117,0.7251895467148292,0.4173228293614508,0.8366948204517021
9.490028619766235,-10.941048328848034,-0.11239839870923765,0.7254682267705834,0.16429231550008977,0.7438387681386576,-10.943156221859219,-0.122917769960077,0.7251754127598607,0.3966422452125721,0.826561824643931
9.500035762786865,-10.933788470471253,-0.11081572144018949,0.7254682047998421,0.15201975971717324,0.7412247456203637,-10.935899048105737,-0.11906111143089888,0.7251640944157395,0.3737763911495914,0.8158258113167368
9.510045528411865,-10.926526671706213,-0.10935541413501637,0.7254681789734739,0.13975777947782272,0.7388073602960789,-10.928641669913315,-0.11544216744755387,0.7251589464290819,0.3491729199663678,0.80484608815846
9.520047426223755,-10.919270556536441,-0.10801877651265417,0.725468149321569,0.12751923755845507,0.7365902467637975,-10.921390071622,-0.11207903814331507,0.7251645146853648,0.32326934172568905,0.7939563216314994
9.530054092407227,-10.912011105254606,-0.1068039490711384,0.7254681158091338,0.11528891407051461,0.7345716580179318,-10.91413145123493,-0.10897689793167116,0.7251864789910732,0.29644467437136623,0.7834378560387644
9.540096759796143,-10.904725377873572,-0.10570770350490272,0.7254680783067002,0.1030282457481631,0.7327473999025588,-10.906848730881277,-0.10613698171365163,0.7252311414197593,0.26904784198443593,0.7735288939409367
9.550055265426636,-10.897500923192334,-0.10474213664078985,0.7254680383716265,0.09093174675242313,0.7311446213070453,-10.899628004072097,-0.10359437114063513,0.7253034222974745,0.24179274364822786,0.7645448222814449
9.56002926826477,-10.890265108764456,-0.10389309957519315,0.7254680087658238,0.07945282790644484,0.7298058533644278,-10.892391128982803,-0.10131745040145548,0.7254081052160964,0.21473782986137693,0.7565244574280338
9.570032119750977,-10.883008388024086,-0.1031525492072218,0.7254679934031041,0.06875079798888417,0.7287183829686436,-10.885133820093062,-0.09930270249390463,0.7255481165438308,0.18818570977531426,0.7495558223267558
9.580033779144287,-10.87575246900775,-0.10251505702467532,0.7254679923889968,0.05886103958444038,0.7278519285966636,-10.877906648733271,-0.09755688484532782,0.7257226553243903,0.16259302469617282,0.7437135632291064
9.590047121047974,-10.86848801407326,-0.10197183772408369,0.7254680057451448,0.04977212307536299,0.7271733573194679,-10.870622477131542,-0.09604994265970772,0.7259315375062803,0.13787932261493183,0.7389095375964397
9.600082159042358,-10.861207962821247,-0.10151466790383395,0.7254680335562054,0.04147926719883557,0.7266528726422679,-10.863370639328384,-0.09479053498547718,0.7261678696891221,0.11453556883688068,0.7351450003214506
9.610029935836792,-10.85399123007133,-0.10113959059581389,0.7254680753792186,0.034064366550286225,0.7262673815220534,-10.856100917952883,-0.09375539030813072,0.7264265533877373,0.09253348550401712,0.7322963767535037
9.620053768157959,-10.846719271298728,-0.10083219595025784,0.7254681318771792,0.027404264546692973,0.7259855398592381,-10.848816911930696,-0.09293182210376412,0.7266991509525508,0.07199830091510467,0.7302570857785772
9.630030393600464,-10.83948145749947,-0.10058849338034026,0.7254682024181357,0.02158434038875834,0.7257892231700737,-10.841564511149635,-0.09230898431310315,0.726974485334128,0.053127359249714276,0.7289131763301226
9.64002799987793,-10.832228477736162,-0.10039848279856127,0.7254682874264016,0.016561761650451274,0.7256573075566471,-10.834296916842671,-0.09186576534253688,0.7272444873649428,0.035833989280502104,0.7281267878539105
9.650048971176147,-10.824958605970862,-0.10025434780053537,0.7254683870172445,0.012340706152141369,0.7255733412893116,-10.827006995823726,-0.09158660919575859,0.727499669071377,0.02013122305131414,0.7277781493288356
9.660025119781494,-10.817721334964366,-0.10014883415656912,0.725468500466078,0.008947277393638216,0.7255236722128773,-10.819748108028572,-0.09145703573226992,0.7277291530222538,0.006129922966016706,0.7277549698312312
9.670055389404297,-10.81044454865512,-0.10007280250613,0.7254686289238795,0.006348821300665917,0.7254964087330835,-10.812449074638979,-0.09145929958344116,0.7279272962416311,-0.0063300717646584855,0.7279548189429047
9.68003225326538,-10.80320678032289,-0.10001898936182824,0.7254687710057579,0.00457346414368343,0.7254831867651231,-10.80518615526862,-0.09157777152135241,0.7280855899871175,-0.017150769963785825,0.7282875635744713
9.690030574798584,-10.795953233748818,-0.0999789919356328,0.7254689171603982,0.0034922834045981958,0.7254773227394904,-10.797905278904114,-0.0917971131812075,0.7282008941086386,-0.026470626532378812,0.7286818484425404
9.700084209442139,-10.78865958997731,-0.09994859761649161,0.7254690168396948,0.00256987262345839,0.7254735685327579,-10.790612293313892,-0.09210274340366613,0.72827029755775,-0.03433134246204128,0.7290790542733344
9.710036516189575,-10.781439619760759,-0.09992717895441118,0.7254690622305461,0.0017499014828434144,0.7254711726932143,-10.783335965237118,-0.09247906124277681,0.7282929328771806,-0.04076949262770099,0.7294331687056502
9.720033407211304,-10.774187027189281,-0.099913413817057,0.7254690544555653,0.001019503834480068,0.7254697708111073,-10.776051636157247,-0.09291350597611092,0.7282701171238016,-0.04588809963395279,0.7297143832922107
9.730067014694214,-10.766907954619196,-0.09990646931006678,0.7254689928676588,0.0003804406697277819,0.7254690926204358,-10.76874533221289,-0.09339438414902594,0.7282044474534373,-0.04977959835671881,0.7299039153912809
9.740026950836182,-10.75968235579743,-0.09990545248116857,0.7254688784419232,-0.00016079045532971215,0.7254688962604479,-10.761494421467521,-0.09390459909683338,0.728101030442388,-0.052510824042540385,0.7299921213087809
9.75009536743164,-10.752378087827374,-0.099909430453297,0.7254687088062914,-0.0006135993443542922,0.7254689682965242,-10.754164746693549,-0.09444279213098883,0.7279632757305673,-0.05424712193978382,0.7299816991206888
9.760073184967041,-10.745139428129999,-0.09991740235456709,0.7254684871668721,-0.0009687892019141168,0.7254691340261884,-10.746900934846492,-0.09498894788096544,0.7277998108802693,-0.055071346985612876,0.7298804134761842
9.770069122314453,-10.737887696521845,-0.09992847587291487,0.7254682116967093,-0.0012312382254878722,0.7254692565022927,-10.73963381681936,-0.09553980464530779,0.7276161720938362,-0.055135315990753775,0.7297021289278848
9.780045747756958,-10.730650113832814,-0.09994167837001824,0.7254678834416532,-0.0013999819692840144,0.7254692342579571,-10.732373481035758,-0.09608768303353311,0.7274195285184459,-0.05457136565292633,0.7294636416019811
9.79003643989563,-10.723402135107682,-0.09995612106639744,0.7254675013298699,-0.0014756650787821682,0.7254690021449776,-10.725107340727337,-0.09662792267278894,0.7272164931129386,-0.05350941109465758,0.7291824771147327
9.800034999847412,-10.71614852866618,-0.09997086479379849,0.7254670654355079,-0.0014579280571618673,0.7254685303897249,-10.71783296122575,-0.09715633067101785,0.7270138488457951,-0.05207271157055873,0.7288763294989673
9.810060977935791,-10.708875016420313,-0.09998500062314522,0.7254665746177081,-0.0013462417198726265,0.7254678237208864,-10.710544484245919,-0.09767010962139942,0.7268176914411763,-0.05037457788868258,0.728561290962774
9.820061683654785,-10.701619859302856,-0.09999751646369977,0.7254660314410055,-0.0011411633565625236,0.7254669289695902,-10.703276690324387,-0.09816474162670005,0.7266342831619242,-0.04852650227227741,0.7282528426920315
9.830079555511475,-10.69435217454519,-0.10000762147708059,0.7254655104083509,-0.0008779071527540084,0.7254660415987905,-10.695999561468804,-0.09864121335787052,0.7264670981505805,-0.046609495343785216,0.7279607748715088
9.840061664581299,-10.687110494008357,-0.10001516544228396,0.7254651843397623,-0.0006377686799445951,0.7254654646763099,-10.688748507716973,-0.0990969350018131,0.7263200277660102,-0.044703886691708855,0.7276944552622089
9.8500394821167,-10.679871940310989,-0.10002043566993123,0.7254650573168159,-0.0004227972010911955,0.7254651805187925,-10.681502434430334,-0.09953367283530157,0.7261944551893876,-0.0428575238011707,0.7274580084748394
9.86003303527832,-10.672621959362212,-0.10002368963082901,0.7254651294265348,-0.00023260368879372774,0.7254651667160422,-10.674243213099803,-0.09995325646261809,0.7260909829057486,-0.04110291214560284,0.7272534392107646
9.87006163597107,-10.665346644895099,-0.10002517083506005,0.7254654023253873,-6.701468358267688e-05,0.7254654054206195,-10.666961794397086,-0.1003571427290424,0.7260096954377409,-0.039460814226916746,0.7270813116351241
9.880066156387329,-10.658088701591645,-0.1000251201101316,0.72546587474035,7.295634798000841e-05,0.7254658784087711,-10.659700995805297,-0.1007441462432519,0.7259501347198933,-0.03795021348434307,0.7269414122220157
9.890065908432007,-10.650834226095629,-0.10002379595831075,0.7254665467142631,0.0001876861137382266,0.7254665709924858,-10.65244524999886,-0.10111643957229081,0.7259101284076933,-0.03656518863460731,0.7268304668523178
9.900043725967407,-10.643595524699588,-0.10002145640576969,0.7254674163122421,0.00027708010643739164,0.7254674692252888,-10.645204027951705,-0.10147477381431487,0.72588706862838,-0.035296393207578165,0.72674470880452
9.910060167312622,-10.636328908489194,-0.10001833676312628,0.7254684892830707,0.0003416147562597215,0.7254685697142934,-10.637928605858159,-0.10182257526693536,0.7258780083976564,-0.03411838430426812,0.7266793978247091
9.920074224472046,-10.629064004243919,-0.1000146980870989,0.7254697623334373,0.00038089063993751134,0.725469862322215,-10.630659908946132,-0.10215866099288555,0.7258800841711712,-0.033017048525468065,0.7266305953437963
9.930060386657715,-10.62181944297007,-0.10001080356086293,0.7254712312858059,0.0003949219955430968,0.7254713387768851,-10.623408026390198,-0.10248324991271017,0.725889899838193,-0.031970181229229434,0.7265935859715056
9.940063238143921,-10.614562589580252,-0.10000688774260467,0.7254729024233179,0.0003838140823089164,0.7254730039524301,-10.616145861134157,-0.10279797767416614,0.7259039429284335,-0.030950298350553827,0.7265634558158253
9.950032711029053,-10.60733007628993,-0.10000322066569588,0.7254747668114438,0.00034768576030224366,0.7254748501261135,-10.60891501194155,-0.10310124474583096,0.7259186211980578,-0.029941417904259693,0.7265358443381902
9.960060834884644,-10.600054939796058,-0.10000002164545958,0.7254768424649238,0.0002861075870399655,0.7254768988812995,-10.601633033766838,-0.10339646333879289,0.7259308554955589,-0.028913131233855124,0.7265064184976345
9.970059156417847,-10.592801357317178,-0.09999752037519839,0.7254786466196111,0.00021541684774123153,0.725478678601543,-10.594374155054853,-0.1036803423873706,0.7259378495580497,-0.027860833506525726,0.726472289536665
9.980082511901855,-10.585529519788691,-0.09999568642920939,0.7254797073029221,0.0001517074343265558,0.7254797231649408,-10.58709751936857,-0.10395417744144361,0.7259374242730572,-0.026768234900913398,0.726430782910465
9.990063905715942,-10.578288247835609,-0.09999445916005029,0.7254800192687019,9.53897355802695e-05,0.7254800255398612,-10.579850091987668,-0.10421580545821474,0.7259278404571373,-0.025636768314427672,0.7263803916959561
10.000110626220703,-10.570999522855496,-0.09999375552884664,0.7254795832720219,4.5881865563079696e-05,0.7254795847228867,-10.57255750591932,-0.10446745889900409,0.7259077867113932,-0.024453581574235012,0.7263195525800207
10.010064125061035,-10.56377846850427,-0.09999351346175646,0.7254784093118547,3.935942338883576e-06,0.7254784093225315,-10.565332529714498,-0.1047048293392404,0.7258769840997698,-0.02323980942911827,0.7262489137947671
10.020063638687134,-10.556524038007154,-0.09999365514896022,0.7254764862415952,-3.1085601468642454e-05,0.7254764869075814,-10.55807451538426,-0.10493096274580553,0.7258351222075985,-0.021985135184337593,0.7261680045273222
10.030059337615967,-10.549272461265474,-0.09999411113273823,0.7254738189610355,-5.8962888579729994e-05,0.72547382135714,-10.550820013157775,-0.1051443212491409,0.7257829171764022,-0.020704428860530255,0.7260781750194183
10.040062189102173,-10.542015746656206,-0.09999481070487973,0.7254704041676852,-7.972322163266693e-05,0.7254704085481479,-10.543560587385498,-0.10534493962051161,0.725721412114368,-0.019406931755333482,0.725980851676839
10.050032615661621,-10.534782404556621,-0.0999956792288544,0.7254662580714321,-9.331183181512809e-05,0.7254662640724678,-10.536328191554741,-0.10553188085533001,0.7256524475038172,-0.018110209115744562,0.7258784018294636
10.060031175613403,-10.527528879451365,-0.09999665065893192,0.7254613561807045,-9.981513555023256e-05,0.7254613630474115,-10.529071364603341,-0.10570652260869458,0.7255774294494012,-0.016817230736647308,0.7257722958173937
10.07004714012146,-10.520262672433692,-0.09999765319230242,0.7254556984811994,-9.917780677707794e-05,0.7254557052605501,-10.521803745217039,-0.1058685768788249,0.725498647324002,-0.01554240802905883,0.7256651112712381
10.080034494400024,-10.513017299069706,-0.09999861087603307,0.7254493123026265,-9.141464546241846e-05,0.7254493180622552,-10.51459571465414,-0.10601682771604318,0.7254194882229724,-0.014308839674051837,0.7255605948413247
10.090165138244629,-10.50566814035592,-0.09999946642123615,0.7254420749331663,-7.626899431143327e-05,0.7254420789424177,-10.507208778210101,-0.10615632741992252,0.7253401580293585,-0.013086043748913158,0.7254581927244693
10.100070238113403,-10.498482503452154,-0.10000011941345394,0.7254343359807159,-5.46096149293562e-05,0.7254343380361811,-10.500028222805065,-0.10628016726640677,0.725267284715869,-0.011945851975504188,0.7253656578985181
10.110029697418213,-10.491257665038521,-0.1000005526204529,0.7254282241278844,-3.294269963436785e-05,0.7254282248758712,-10.49280390133487,-0.10639366138873335,0.7252001704171454,-0.010852258553137062,0.7252813651878565
10.120060920715332,-10.483980746173414,-0.10000078774133818,0.7254248576787065,-1.4500627904452843e-05,0.7254248578236341,-10.48552870615855,-0.10649725951672863,0.7251404616948222,-0.009808815298028,0.7252067995024114
10.130114316940308,-10.476687786868185,-0.10000085487270306,0.72542429260291,5.775769733200848e-07,0.7254242926031399,-10.47823625629588,-0.10659091084707907,0.725089935926971,-0.008822832328165758,0.7251436116748667
10.140061855316162,-10.469471606231938,-0.10000078884069957,0.7254265011225316,1.2142343310051586e-05,0.7254265012241522,-10.471025158334204,-0.10667404257569124,0.7250501977114778,-0.007906791089500759,0.7250933088553404
10.150034427642822,-10.462237103257129,-0.10000062385133707,0.725431478710693,2.038679354942963e-05,0.725431478997158,-10.463830227724285,-0.10674819040828744,0.7250210033750902,-0.007049149449623823,0.7250552708883549
10.160059928894043,-10.454964327234485,-0.1000003920340626,0.725439271516193,2.5294308833772685e-05,0.7254392719571687,-10.456527843767601,-0.10681504744727997,0.7250017761178514,-0.0062326795548454696,0.7250285661051381
10.170086860656738,-10.447690313583655,-0.10000012796460686,0.7254498624833702,2.6812414721682065e-05,0.7254498629788597,-10.449254506961069,-0.10687371257064118,0.7249925958459758,-0.005469418289672958,0.7250132264779131
10.180052995681763,-10.44046033358103,-0.09999986718970208,0.7254631609024718,2.4961663735965312e-05,0.725463161331911,-10.442030461088281,-0.10692461557793109,0.724992579364089,-0.004755753277337394,0.7250081774174894
10.190064668655396,-10.433197195792276,-0.09999964065142403,0.7254793022933904,1.9730074082643333e-05,0.7254793025616791,-10.434773735184349,-0.10696879617737404,0.7250004375588597,-0.004077904440418754,0.7250119059471805
10.200093746185303,-10.425921204361028,-0.09999948321566282,0.7254982677553963,1.1100428154466263e-05,0.7254982678403169,-10.427503244793247,-0.10700643221496031,0.725014677818464,-0.0034325129110389417,0.725022803225592
10.210062265396118,-10.418688968671034,-0.09999942928285083,0.7255198916635578,-8.382850164826046e-07,0.7255198916640421,-10.420276106024373,-0.10703756571531563,0.7250337025926619,-0.0028192856470607573,0.7250391839526911
10.220069169998169,-10.411428615170554,-0.09999951168461894,0.7255443795876697,-1.6193459450418648e-05,0.725544379768381,-10.413017344781876,-0.10706280958906053,0.7250563492845269,-0.002226965618004426,0.7250597692698648
10.230036973953247,-10.404196465403935,-0.09999976327246667,0.7255715411426437,-3.4845521492943205e-05,0.7255715419793706,-10.405794444415319,-0.1070821351345496,0.7250809933592341,-0.0016569148178075736,0.7250828865016242
10.240037679672241,-10.396939966742677,-0.1000002181480028,0.72560040033548,-5.6061997811845435e-05,0.7256004025012366,-10.398543006739471,-0.10709591140552421,0.7251063922246949,-0.0011005489069147779,0.7251072274174417
10.250041007995605,-10.389681461242303,-0.1000008667381667,0.7256210802913338,-7.255372258104229e-05,0.7256210839186006,-10.391292671274845,-0.10710419092512578,0.7251311802249023,-0.0005576381401013161,0.7251313946414506
10.260188579559326,-10.382318173499435,-0.10000166043089093,0.725631442743579,-8.278737817122564e-05,0.7256314474661899,-10.383926362523063,-0.10710712442980198,0.7251548761568489,-1.793531216841835e-05,0.7251548763786467
10.270029067993164,-10.375177556461612,-0.10000249823459603,0.7256312804099456,-8.646306706442658e-05,0.725631285561227,-10.376790832248522,-0.10710475318154647,0.7251756804559512,0.0004942654662866368,0.7251758488967369
10.280031681060791,-10.36791937749706,-0.1000033555427744,0.7256208110786861,-8.3893981509758e-05,0.7256208159284644,-10.369536924097643,-0.10709724782450462,0.7251941170803765,0.001004711781016288,0.7251948130631863
10.290060997009277,-10.360641992575687,-0.10000415736095364,0.7255998837156992,-7.493575982305286e-05,0.7255998875851651,-10.362262945080726,-0.10708465097118097,0.7252095306279533,0.001505922748528866,0.7252110941766825
10.300080299377441,-10.353372115441891,-0.10000483669156143,0.725568548787008,-5.960521496282006e-05,0.7255685512352823,-10.355014199972842,-0.10706714859523059,0.7252214176591719,0.0019941627209470745,0.7252241593580131
10.310028553009033,-10.346154137208611,-0.10000532777041271,0.7255271233610003,-3.807294732676963e-05,0.7255271243599632,-10.347783838693466,-0.1070448858656488,0.7252293403968697,0.002469128837987162,0.7252335436048841
10.32007622718811,-10.33886456365859,-0.10000557436549676,0.7254748539765083,-9.943257643414513e-06,0.7254748540446488,-10.340496905607099,-0.10701773146108759,0.7252329770794272,0.0029346666120967212,0.7252389146423496
10.330085039138794,-10.33160384597214,-0.10000550705655686,0.7254123661366765,2.44541601342915e-05,0.72541236654886,-10.333237466938295,-0.10698609462557891,0.7252316841904002,0.0033842657868218802,0.7252395804205395
10.340059280395508,-10.324368650812037,-0.10000506585741203,0.7253397444932874,6.506569260820694e-05,0.7253397474116057,-10.326006284507177,-0.10695017686458402,0.7252247306654674,0.003817102891042641,0.7252347759472656
10.350116968154907,-10.317073909048242,-0.10000417872614778,0.7252560577876063,0.00011241613895300027,0.7252560664999693,-10.318712784577993,-0.10690966493051834,0.7252111197216021,0.004237764243517805,0.7252235012833241
10.360065937042236,-10.309858721602389,-0.10000280103937645,0.7251629400374306,0.0001655791466095299,0.7251629589410811,-10.31149866437432,-0.10686550184407452,0.7251904200555966,0.004637541582221254,0.7252052482796436
10.370062112808228,-10.302610417257423,-0.10000085255542038,0.7250590316128971,0.00022532703566496894,0.7250590666254062,-10.304253525658085,-0.10681723096069966,0.725161914127001,0.005022544471618239,0.725179307242909
10.380081415176392,-10.295346415997221,-0.0999982808685015,0.72495459363297,0.0002857340913729855,0.7249546499426812,-10.296985622045106,-0.10676502706375945,0.7251251648366329,0.005392231257516777,0.7251452136208917
10.390060186386108,-10.288112531891215,-0.09999521170436641,0.7248860691166646,0.00032573778652710624,0.724886142304097,-10.289745966601046,-0.10670941691792968,0.7250801185915774,0.005744388338032144,0.7251028729595229
10.40007472038269,-10.28085334940294,-0.0999918406272613,0.7248560936175457,0.0003438177752994451,0.7248561751583211,-10.282483150869282,-0.10665017274247313,0.7250262999131731,0.006082130499939624,0.7250518104778477
10.410065174102783,-10.27361181134285,-0.09998840739850964,0.7248649121825933,0.00033982852632930406,0.7248649918411745,-10.27524294204986,-0.10658781354393476,0.7249640405349986,0.006403842133036899,0.724992323588944
10.42009449005127,-10.266341638492287,-0.09998511163895119,0.7249126674993475,0.0003136953839781807,0.7249127353728955,-10.26797003794723,-0.10652200942392291,0.7248933964573095,0.006712248713613207,0.7249244722798421
10.430063486099243,-10.259114507939529,-0.099982205176441,0.7249987631170424,0.00026574740139826856,0.7249988118217316,-10.260743168267911,-0.10645361952055411,0.724816495946343,0.007003857358976961,0.7248503340785876
10.440062284469604,-10.251864907704736,-0.09997988011982953,0.7251237961226776,0.00019565417942049508,0.7251238225185547,-10.253499071500816,-0.10638221934705562,0.7247350901978754,0.007280653185953882,0.7247716598177227
10.450074911117554,-10.244603613146554,-0.09997836460226898,0.725287827543073,0.00010337942131956966,0.7252878349107029,-10.246240722358612,-0.10630797974138545,0.7246526309499287,0.007541165344390487,0.7246918688086716
10.460219860076904,-10.23724462748116,-0.09997788520504514,0.7254936448571292,-1.2650312015327782e-05,0.72549364496742,-10.238887785484422,-0.10623020514841104,0.7245727585472891,0.0077860957752712455,0.7246145911560502
10.470085382461548,-10.230086143847636,-0.09997865626806188,0.7257320416963868,-0.00014724057890782595,0.7257320566328831,-10.231742333290198,-0.10615232158879291,0.7245040676270599,0.008003345401887501,0.7245482713703604
10.480087041854858,-10.222826225172813,-0.09998090241824392,0.7260122294017805,-0.00030558822833378436,0.7260122937148576,-10.22449610170046,-0.10607126614047763,0.7244494098443528,0.008200274877471887,0.7244958191265821
10.490091800689697,-10.215561094987645,-0.09998484405990538,0.7263312833958648,-0.00048604339746169276,0.726331446020113,-10.217247253913623,-0.10598833623690312,0.7244165866882978,0.008370673285101342,0.7244649468679419
10.500069618225098,-10.208312200042448,-0.099990682890584,0.7266881062023961,-0.0006879849113272939,0.7266884318738417,-10.21002136414421,-0.10590411412196798,0.7244128362895429,0.008510884840060504,0.7244628303383278
10.51017451286316,-10.200967102620824,-0.09999876225148124,0.7270887944032336,-0.0009148647682896459,0.727089369970633,-10.202698068789308,-0.10581749988944299,0.724445641057523,0.008619711987523017,0.7244969194427214
10.520066499710083,-10.193772817000548,-0.10000889202914467,0.727452156611822,-0.0011206988195747553,0.7274530198748475,-10.19553328678221,-0.10573187256327558,0.7245203310208992,0.008690512105108145,0.7245724498373385
10.530064344406128,-10.186498535905068,-0.1000208028344804,0.7276772573753996,-0.0012483190550923754,0.7276783281106061,-10.188289531001617,-0.1056447921294721,0.7246442869796111,0.008723818168676074,0.7246967970507591
10.540061712265015,-10.179223309109519,-0.10003357973063086,0.7277577996549085,-0.0012941590896400788,0.7277589503443452,-10.181046262820008,-0.10555760365060989,0.7248213815014449,0.008716747328357269,0.7248737936811135
10.550067901611328,-10.17194130189492,-0.10004641775989219,0.7276936817347233,-0.0012581616558010999,0.7276947693967498,-10.173791393315208,-0.10547057417418353,0.7250533758590314,0.008669211497317182,0.7251052013829187
10.560192108154297,-10.164575032333786,-0.10005861984111837,0.7274814436853241,-0.0011383723774056483,0.7274823343546928,-10.166449053866605,-0.10538320664806648,0.725340740737456,0.008582515140615355,0.7253915147971475
10.570061683654785,-10.157396570066265,-0.10006894620339418,0.7271318472250852,-0.0009408691689731594,0.7271324559416652,-10.159287384863795,-0.10529904332524966,0.7256644729483352,0.008465492185820779,0.7257138498453322
10.580063343048096,-10.150126438996562,-0.10007701719605203,0.7266338698330272,-0.0006594269636019022,0.7266341690510026,-10.152026838212697,-0.1052150619280604,0.7260228650461491,0.008322559146466492,0.7260705651385169
10.59006142616272,-10.142864689403938,-0.10008186295084862,0.7259914921303987,-0.00029629396023430244,0.7259915525926136,-10.144765482039766,-0.10513262166760996,0.7263936840705316,0.008165882575087031,0.7264395817243092
10.600073337554932,-10.135599963954654,-0.10008266723238503,0.725203357648192,0.00014929674200672455,0.725203373015962,-10.137497643969779,-0.10505173178005225,0.7267546656166289,0.008008559731504288,0.7267987899167907
10.610033512115479,-10.128381268654877,-0.10007863467015701,0.7242754484442339,0.0006739627576238507,0.7242757620167161,-10.130256849120864,-0.10497268748278682,0.7270783653029169,0.00786632135863853,0.7271209172505487
10.620064735412598,-10.121121242869513,-0.10006888118194746,0.7231959275142479,0.0012843971859758903,0.7231970680591319,-10.122957491199024,-0.10489432621866139,0.7273402498689595,0.007753924296202305,0.7273815796550197
10.63007378578186,-10.113888697443976,-0.100052635015111,0.7219737399928556,0.0019755421119026654,0.7219764428330798,-10.115676888900058,-0.10481708776833824,0.7275073603416228,0.007689828797140674,0.7275480003533548
10.640026330947876,-10.106709903130856,-0.10002921639285331,0.7206148113967654,0.0027440462811735506,0.7206200359373787,-10.108436934974026,-0.10474062142415694,0.7275508272860091,0.007690371124897081,0.727591470601872
10.650030136108398,-10.09950834888678,-0.09999756046986902,0.7191016414995612,0.0036003714357534,0.7191106545461824,-10.101158781942138,-0.10466335425599267,0.7274430350328662,0.007771336097354356,0.7274845447723037
10.660028219223022,-10.092329363167142,-0.09995508232620384,0.7167529008559853,0.005066059809160266,0.7167708042655336,-10.09388557988815,-0.10458484376999537,0.7271569135563722,0.007947737444899081,0.7272003461655684
10.670045614242554,-10.085166935797815,-0.09989273211229727,0.7130288233756449,0.007552205398718175,0.7130688176963293,-10.08660487250495,-0.10450390715920573,0.7266671156284176,0.008233908168090043,0.7267137635819515
10.680032730102539,-10.078069906701943,-0.09980070680110999,0.7079499164686931,0.011044953902747734,0.7080360691622591,-10.079352506456486,-0.10441974897285242,0.7259473900472507,0.008645770647627598,0.7259988722212359
10.690035104751587,-10.071020014972508,-0.09966851149013711,0.7014965072949385,0.015557664355270052,0.7016690036386023,-10.072093954159708,-0.10433055034830092,0.724951093302843,0.009213987066956343,0.7250096449280227
10.700036525726318,-10.064041871242752,-0.09948611149892958,0.6936755598395304,0.021085593394120385,0.6939959542875362,-10.064850400485167,-0.10423474654104838,0.7236131152253779,0.009984398050663996,0.7236819942009128
10.710028171539307,-10.0571556829414,-0.09924362338468662,0.6844967153745354,0.027621849285024855,0.6850538080446326,-10.057631027199777,-0.10413008399122352,0.7218414026553057,0.01102328743613302,0.7219255664216906
10.720062971115112,-10.05033890221447,-0.09892924452748608,0.6739042196253161,0.0352063405461188,0.6748232239953331,-10.050396213288252,-0.10401273741284218,0.7194995092339557,0.012427891191897215,0.7196068345057464
10.730090618133545,-10.043640114533384,-0.09853394543048657,0.6619439363803439,0.04380642222708108,0.6633918732838398,-10.043194194185569,-0.10387913340024069,0.716443515151689,0.014304389263407838,0.7165863004238272
10.740090131759644,-10.037086233236097,-0.09804877999719745,0.6486476971241668,0.0533990375997829,0.6508419871221185,-10.036050084043922,-0.10372431803414192,0.7125048244314655,0.016776632083232244,0.712702308276162
10.75006628036499,-10.030687091542926,-0.09746412513470293,0.6340203351993324,0.06398047900436798,0.6372403684167397,-10.028967237950036,-0.10354162681204802,0.7074858611347487,0.01998802843170041,0.7077681576520403
10.760051965713501,-10.024434717706818,-0.09676814272177278,0.618016043212966,0.07558382933864331,0.6226208677245759,-10.021934180556576,-0.1033223193840369,0.7011537521539897,0.02410526373847358,0.7015679923567777
10.770060777664185,-10.018335126795654,-0.0959492062644727,0.600606615814153,0.08822965396958106,0.6070525338052066,-10.014953171016757,-0.10305594848703521,0.6932568894756046,0.0293073330413343,0.6938760945409391
10.780067205429077,-10.012417965246788,-0.09499884454065237,0.581831842352098,0.10188911883664742,0.5906857754442246,-10.008064025528975,-0.1027316018558765,0.6835719357037551,0.0357535597293117,0.6845063245252714
10.790071487426758,-10.006696722222358,-0.09390697253382084,0.5617441754976221,0.11656265361013789,0.5737101802496973,-10.001282408468239,-0.10233584590606075,0.6718498058842319,0.04361799214151793,0.6732642058695365
10.800072431564331,-10.001181323871528,-0.09266359734237627,0.5412235871421205,0.1322652096391124,0.5571508386064431,-9.994629942797415,-0.10185367438557569,0.6578503740524502,0.05306630024036334,0.6599872323478303
10.810065269470215,-9.995875830395866,-0.0912591437405931,0.5205943351158697,0.1489944936512095,0.5414959103198423,-9.988134429103882,-0.10126886950591037,0.6413672598976801,0.06424142599476641,0.6445765454020952
10.820078611373901,-9.990766991944232,-0.08967894904907056,0.4997983119833395,0.16679938080397783,0.5268969406800404,-9.981806151170431,-0.10056188826488394,0.6221864357876602,0.07730059376820679,0.62696996951614
10.830096244812012,-9.985864967973797,-0.0879144543812312,0.4788682111772634,0.1856553145583289,0.5135977604116515,-9.975680834677293,-0.09971391423094604,0.600210882796183,0.09234164258930029,0.6072726593409778
10.840091228485107,-9.981183508773581,-0.08596045209701225,0.4578601728725857,0.20550919023973238,0.5018664814230022,-9.969804358559543,-0.09870765207598932,0.5754795913275773,0.10939834171432386,0.5857855897889597
10.85008192062378,-9.976714642771677,-0.08380384836322244,0.43673714684920883,0.2263922888313153,0.4919276408988105,-9.964283427083105,-0.09754158265468756,0.5484758607047777,0.12822828131542965,0.5632657116361298
10.860143661499023,-9.972427808218434,-0.08141571357808483,0.4153374741831799,0.2484736246674923,0.48398797466080234,-9.958827143401946,-0.09612155087794791,0.5176873011882949,0.1500283756120306,0.538988548394495
10.870061874389648,-9.968413526094213,-0.07883909666429131,0.394119695466865,0.2712701708862847,0.47845359228201906,-9.953850455909022,-0.09451885529651595,0.4854079319951463,0.1733611350128214,0.5154366533112854
10.88017463684082,-9.964537813845183,-0.07597385107832816,0.37235934777238555,0.29556723244791694,0.4754066393840092,-9.949115848381325,-0.09263668004439579,0.4503673848484372,0.19935274035840014,0.4925162905159829
10.890088558197021,-9.960952570903068,-0.07292131352015357,0.3509032105325918,0.3204187232003694,0.47518545994110073,-9.944829947489906,-0.09052469832097039,0.4142518935092495,0.2270065319652273,0.472373365920305
10.900035858154297,-9.957569608117964,-0.06960572511556942,0.3292512496843349,0.3463816057659398,0.47789810862953536,-9.940895625298069,-0.08811916975770961,0.37662694001869895,0.2569065328013468,0.45590439627608126
10.910062074661255,-9.954378348143258,-0.06599724366786085,0.30730233716128025,0.37359211813736987,0.48374145693660753,-9.937313732604242,-0.08538345796273905,0.3376976172599181,0.28920464473196983,0.4446110741283566
10.920085668563843,-9.951408600885557,-0.0621118488490464,0.28523430167700736,0.40183991532934976,0.4927818223159911,-9.934126621663536,-0.08231415779901093,0.2981616893053539,0.3236518242883901,0.4400578329431546
10.93006420135498,-9.948671683601573,-0.05795803673524341,0.2636320085472368,0.4306517733277424,0.5049383980259171,-9.931352062787724,-0.07890827223992616,0.25860481846559186,0.36003898005671586,0.44328830268111286
10.940061807632446,-9.946130952725893,-0.05351364443435207,0.24526129586717807,0.4581566782461831,0.5196735947419534,-9.928961346878182,-0.07511292077939345,0.21911125667341555,0.3985777202219694,0.45483397175051243
10.95006775856018,-9.943753190985664,-0.04879869027199726,0.2306313366081975,0.4839833138487596,0.5361256023635792,-9.926963607808638,-0.07092660693046235,0.18053456247338046,0.4387025626296244,0.47439716135876536
10.960139751434326,-9.941488551562113,-0.043800375860320165,0.21970008899422958,0.5082608929399655,0.5537122577622816,-9.925333753099839,-0.06629941841443733,0.14323078712661924,0.4802624917211068,0.5011657603379116
10.970061302185059,-9.939346756984179,-0.03864589526989866,0.2126544843807039,0.5304903431584473,0.5715259695863263,-9.924087428836344,-0.06132789887752903,0.10852662005931807,0.5219152921061762,0.5330793556270724
10.980049848556519,-9.93724257924475,-0.033242407997613334,0.20929360142829315,0.5511787259035654,0.5895776450031861,-9.923168110510467,-0.05590409259256665,0.07602638012553788,0.5642195589001842,0.569318646384001
10.99006199836731,-9.93514827433136,-0.02762716225993894,0.20968269262601824,0.5702142318291912,0.6075451438102784,-9.922558172764994,-0.050041847803822086,0.046275656663998,0.6066600464404732,0.6084224259072322
11.000066995620728,-9.93303276429981,-0.021834052978238046,0.21382995287361106,0.5875337382181266,0.6252352695509882,-9.922232334071754,-0.0437983987095207,0.019855311649686694,0.6485439934436366,0.6488478595422241
11.010074377059937,-9.930856470949681,-0.015874828788363483,0.22173650020772495,0.6031547103821567,0.6426217240185347,-9.922152110356587,-0.037067107448782374,-0.00333767887097023,0.6902053668649656,0.6902134369522571
11.020113468170166,-9.928574833925927,-0.00974820314882543,0.2334448291019347,0.6171145552553956,0.6597930452365319,-9.922285643085235,-0.02992994964927176,-0.022612927213255515,0.7306668374671735,0.7310166700229435
11.030062913894653,-9.926178976380264,-0.0035464453441056477,0.24878077474882898,0.6292592248322588,0.6766528252517112,-9.922588640201775,-0.02246732961036246,-0.03755144405048734,0.7691540041142549,0.7700701221286722
11.040085554122925,-9.923592452093231,0.0028145756268462877,0.26798598714859173,0.6397916402909968,0.6936496466475344,-9.923022076915512,-0.014569150847467238,-0.048143111281781115,0.8058837007849373,0.8073204434143336
11.050037145614624,-9.92081518287179,0.009226588428372443,0.2907855890004125,0.6485598093882726,0.7107644371548631,-9.923533643354157,-0.006383759685871826,-0.053920008141892746,0.8398203177957408,0.8415494836672178
11.060030460357666,-9.917779356935181,0.01574468449497934,0.3174206027856685,0.6556702957905961,0.7284637093602844,-9.924081093564213,0.0021725190999517044,-0.05471711775641225,0.8711029451042633,0.8728197430998512
11.070030689239502,-9.914457735953484,0.022329465576265473,0.34715502608831905,0.6608158589609852,0.7464544270032338,-9.924610078587207,0.011028425998081483,-0.05013999163631998,0.8993903867331678,0.9007869262535549
11.080034255981445,-9.910830950810206,0.028954411181230637,0.3781358831774046,0.6632484789143129,0.7634692468780295,-9.925064932190713,0.02015398560779415,-0.03980323873657257,0.9243655569180962,0.9252221250221065
11.090003490447998,-9.906902661432003,0.035567157351808536,0.41013590811906714,0.6629292637245643,0.7795426042436967,-9.92538529149182,0.02947571602240285,-0.023488906587976817,0.9455065455128422,0.9457982640818956
11.100032806396484,-9.902623082699709,0.04220276915046959,0.44346271768475554,0.6598444983093845,0.7950182035183299,-9.925512836417196,0.03904672300758838,-0.000881600371382402,0.9626119175839734,0.9626123212871884
11.110032558441162,-9.898017712440536,0.048774166931907476,0.4778231246591629,0.6540091772116388,0.8099647784540329,-9.92538309275587,0.048742040326459284,0.0278405058628306,0.9751574058541702,0.9755547447267802
11.120063066482544,-9.893047238183872,0.05529337060888419,0.513425277306278,0.645387464974378,0.8247002457396763,-9.924934511616138,0.058567489997736415,0.06261062290062025,0.9829585908277652,0.9849505984475108
11.130062103271484,-9.887731322084463,0.06169216272589577,0.5500473229874101,0.634033346642713,0.8393749711425609,-9.924111636898553,0.06841611572055384,0.10284024368921063,0.9858238718504911,0.9911734570862709
11.140076637268066,-9.88203452076295,0.06797319267005761,0.5878585718186558,0.6199001798960256,0.854314891299335,-9.922858845363773,0.07828288554151448,0.14816345920143562,0.9837539199443902,0.9948488255250086
11.150070428848267,-9.875966376943213,0.07408634773507305,0.6267217264401096,0.6030411519618375,0.86973487532209,-9.921133597580464,0.08808223806621902,0.19781943118514622,0.9768157026153899,0.9966450944194792
11.160061120986938,-9.869506255189691,0.08001547119441428,0.6667014025462351,0.583436321218109,0.8859394454891584,-9.918892824773497,0.09778800124738024,0.25124683603103615,0.9651277634627858,0.9972946266887661
11.170066595077515,-9.862630561853305,0.08574332283164693,0.7078713389729153,0.561045641122333,0.9032463916128742,-9.916098695851874,0.10736528741745605,0.307826330085707,0.9488137204039848,0.9974991355990669
11.180093050003052,-9.8553215608747,0.09124457253069476,0.7502627240846382,0.5358406418620661,0.921964938933175,-9.912717025042163,0.11678022898284725,0.3669849006487232,0.9279677952967337,0.9978988658236033
11.190083742141724,-9.847610175342423,0.09646107718204694,0.7936334548675334,0.5079698892192038,0.9422778088432028,-9.908750866077206,0.12592929482968418,0.4270912079628788,0.9031053543779259,0.9990025931023754
11.200084686279297,-9.839451178242772,0.10139032984402456,0.8381791733013252,0.4773153878924741,0.9645591252354808,-9.904177441030711,0.13482073084705518,0.4875914604029289,0.8744573084589305,1.0012097765079495
11.210060358047485,-9.83086900554908,0.10599168554202153,0.8819697798728674,0.44519794208916946,0.9879635115981894,-9.899011247598908,0.1433856383825576,0.5481768734683118,0.8422268471693838,1.0049099196934888
11.220060110092163,-9.82184216392097,0.110282563755081,0.9229594733577458,0.4130007356011959,1.0111497401809173,-9.893229259094847,0.15162782654087914,0.6087509810627184,0.8065690096733535,1.0105104276108567
11.230074882507324,-9.81240556781887,0.11425722372154593,0.9610860025437261,0.38075839632781333,1.033761704001269,-9.886826127515373,0.15952072440063214,0.6688529704739942,0.7678972527902621,1.0183469384029773
11.240068912506104,-9.802622600313816,0.11790172280206776,0.9962151584727879,0.3485865777834517,1.0554417294108378,-9.879848989260914,0.16698914338782206,0.7277376252241768,0.7269222122506556,1.0285999970009292
11.250065326690674,-9.792500338807274,0.1212255721949409,1.0284377975324916,0.31640935066734965,1.0760107715925598,-9.872285363918406,0.1740420403635717,0.7853684390345054,0.6839583141457127,1.0414425382710948
11.260077714920044,-9.782053969544489,0.12423222650699461,1.0577876464638645,0.2841850146831874,1.0952971412279158,-9.864142304327968,0.18066586889165195,0.8415746567923524,0.6394112609145702,1.0569269906382022
11.270065069198608,-9.771355281585908,0.12691000736372696,1.0841500768967924,0.2520438141270704,1.1130622055730048,-9.85546333438917,0.1868254102050419,0.8959861430526485,0.5938490613847985,1.0749176137034722
11.280061721801758,-9.760397737741357,0.12926880048850584,1.1076214997085376,0.21987656858416144,1.1292347373460203,-9.846236518005414,0.1925319059224802,0.9490069440144113,0.5471706886102354,1.0954496530018034
11.290064811706543,-9.749212828523763,0.1313072634686107,1.1281888919573633,0.1876917808303324,1.1436950557413652,-9.836484786783753,0.1977681165614783,1.0005397874434603,0.49969698171979654,1.1183813928161
11.300068616867065,-9.737836056763896,0.13302389576093598,1.145837130516833,0.15550824455293502,1.1563414477545053,-9.82622405165123,0.20252885761508962,1.050286035446228,0.45197409237118097,1.1434077734684631
11.310141801834106,-9.72621668886361,0.13442715305193156,1.1606569076834474,0.12310447036855936,1.1671671551144789,-9.815399864889947,0.2068418571726425,1.09834280522227,0.40415149894375113,1.1703398446101057
11.320093870162964,-9.714604803620702,0.13549302022200158,1.1723905486142552,0.09109317809127518,1.1759241325760788,-9.804242740005233,0.21063019188715457,1.1436404018816853,0.35748575522784837,1.1982109305155448
11.330065965652466,-9.702867178103515,0.13624148784384935,1.1812483059013978,0.05902158861460588,1.182721906501065,-9.792621969740585,0.21396448928274472,1.1867523519278456,0.31149170656297526,1.2269507846950454
11.340060234069824,-9.691029192598197,0.13667077032318214,1.1872247760914632,0.026911166021731468,1.1875297385000825,-9.78055343068656,0.21685113657507754,1.227557085311917,0.26623415237386433,1.2560959444205364
11.3500657081604,-9.679130339983423,0.13678542705857136,1.1908936565235524,-0.0035543940712428144,1.1908989608129024,-9.768079717389085,0.2192914317299285,1.2658299936321802,0.22176953684021303,1.285109839760465
11.360095500946045,-9.667175772695503,0.1366076503211073,1.1925904849622986,-0.0314550894751139,1.1930052336333223,-9.75520156977233,0.22129583678111459,1.3014448728753059,0.17793335569875107,1.3135520683260482
11.370075702667236,-9.65527321395679,0.1361660914122414,1.1923102780363757,-0.056595698927464626,1.1936527435767355,-9.742051907515869,0.222855755737374,1.3339726297318686,0.13486404020399836,1.340772645236284
11.380067586898804,-9.643369492882657,0.13548576154511072,1.19006255586186,-0.07914513489079812,1.1926914266654831,-9.728573179631708,0.22398874281257747,1.3634859395026682,0.09196512593238809,1.3665838765363922
11.390092372894287,-9.631458978918987,0.13458995434373253,1.1858293395910513,-0.09913415480187299,1.189965883243394,-9.71476605987907,0.22469598022924253,1.3896463522375915,0.04905755136098347,1.3905120019736543
11.40006685256958,-9.619659965714852,0.13351282770700362,1.179650791020598,-0.11640384470554802,1.185380041934972,-9.700791398367516,0.22497296802171246,1.4118110926838097,0.006573543646156654,1.4118263961624746
11.410184860229492,-9.607764539408647,0.13225768349951672,1.1713794676294322,-0.13125220365899817,1.1787098871856276,-9.686410655482522,0.22482386953866845,1.4300518800896582,-0.036211949495539505,1.4305102883356813
11.420081853866577,-9.596219400813153,0.13089754425426903,1.1613359050309646,-0.14317549516874672,1.170128329172021,-9.672188656198815,0.22425933482363478,1.4435051910697687,-0.07758187397419293,1.4455885250702278
11.430067777633667,-9.584681114478144,0.12941857455882985,1.149244908705462,-0.15259872603820987,1.159331803830944,-9.657722309038025,0.22327863412168752,1.4526057861712434,-0.11864083222690125,1.4574426977036412
11.440059900283813,-9.573266272357948,0.12785758173715978,1.135178453671151,-0.15940666383432953,1.1463161021960813,-9.643182844214998,0.22189200067268625,1.4571716956548337,-0.15872976592089538,1.4657914207713476
11.450070142745972,-9.561981713525753,0.12623872342010423,1.1191129047586437,-0.16359773943002923,1.131007477404082,-9.62859785735937,0.22010827517955295,1.4572320896774267,-0.19754612945057132,1.470561061787827
11.46003532409668,-9.550917476477549,0.12459852424947754,1.1011574159568247,-0.16515622624841564,1.1134739484089107,-9.614090222264307,0.21795312796487054,1.4528756204578395,-0.23448868702495718,1.4716767691526018
11.470061779022217,-9.539975552332193,0.12294571464858542,1.0811153599087018,-0.1640923395733972,1.0934974702015514,-9.599569151170973,0.21542592542300393,1.4441637680816717,-0.2694666991136493,1.4690885919409553
11.480077981948853,-9.529255020364355,0.12131832502224237,1.059322590322825,-0.16048458589134554,1.0714101234713886,-9.58516111056523,0.21256178268914927,1.4312098880485675,-0.30181967074797117,1.4626882296984574
11.49006175994873,-9.518786103744791,0.11974072653827167,1.0380853957525509,-0.15534107151357074,1.049643814526487,-9.570951612491163,0.20939943210669454,1.414165526746711,-0.3310050225143626,1.4523871598057234
11.500092029571533,-9.508476094662782,0.11821388026618197,1.0178538129620167,-0.14888831914696116,1.0286856255142887,-9.556868940582868,0.20594696274952168,1.3930067355352362,-0.35676586199681176,1.4379671920919697
11.510065078735352,-9.49842073586211,0.1167663133160643,0.99883616458004,-0.14119535167820946,1.0087664799191625,-9.54310054360527,0.2022783714894397,1.368116955839135,-0.3783594711135242,1.4194716954683695
11.52006220817566,-9.488525965077496,0.11539863559862168,0.9808716955159472,-0.1322057533142192,0.9897412006548526,-9.529561127474254,0.19840535112664778,1.3395655064781917,-0.39557955375159676,1.396752995161452
11.530066728591919,-9.478798098188127,0.11412631487587566,0.9639954710765348,-0.1219284166292452,0.9716757725896973,-9.516318068824825,0.19438201219262694,1.3077646367739812,-0.40804003644805403,1.3699434355261213
11.540128469467163,-9.469179367711613,0.11295691918361905,0.9481343564186149,-0.11029985731926209,0.954528583304864,-9.503331291060068,0.19023415472491467,1.2729847156970144,-0.41556940640310447,1.3390997042552273
11.550034999847412,-9.459859497503725,0.1119261766233989,0.9336069190826408,-0.09758430703263657,0.9386930149617715,-9.490902629765742,0.186102034673701,1.2365698716699203,-0.4179887366619606,1.3053044210060827
11.560091257095337,-9.450540514225441,0.11101512973937938,0.9199652101197586,-0.08339155885712986,0.9237370512864111,-9.478659383549589,0.18190700291491285,1.1980452375970059,-0.4154850250206405,1.2680458183146495
11.570061206817627,-9.441431282239073,0.11025917255141462,0.9075395337032195,-0.06804220320846141,0.9100866698571728,-9.466906396809069,0.17779590641112875,1.1589603902605146,-0.408228087625644,1.2287552065888856
11.580062866210938,-9.432412105350885,0.10966096616325734,0.8961740763386888,-0.05136536058938011,0.8976449049429174,-9.45551317416168,0.17376857092147513,1.1195772498832042,-0.39647170364239326,1.1877049424184192
11.590062141418457,-9.423503323197242,0.10923604543895192,0.8859124827086473,-0.03341242443091999,0.8865423380331879,-9.444512812481586,0.16988013109749578,1.080679754263956,-0.38057473640026396,1.1457337654368638
11.60009217262268,-9.414664617439508,0.10899660324980572,0.8767252153402116,-0.014118086586494896,0.8768388811989374,-9.433864367868,0.16615867265041454,1.0427814126632382,-0.36085064994539423,1.1034519772794609
11.610061883926392,-9.405964865785755,0.1089567570308591,0.8686908598329149,0.006336743949396591,0.8687139715010512,-9.423649612025145,0.1626732582436041,1.0067971047964928,-0.33786803559043477,1.0619770335088887
11.620069742202759,-9.397307054288841,0.10912747058171815,0.8615924804028401,0.02774432379281632,0.8620390651179557,-9.4137505266422,0.15942168305884022,0.9728856377321029,-0.31179320454593884,1.0216268724472874
11.630035161972046,-9.388754610299523,0.10950661904335145,0.8549043533152745,0.048166139441062926,0.8562601417245016,-9.40420960136066,0.15645429032866612,0.9417472894701332,-0.28315880217949085,0.9833955788369536
11.640028953552246,-9.380243127397918,0.11008571836016769,0.848509264751509,0.06754184983905882,0.8511932059461168,-9.39493930870402,0.1537769151536407,0.9136157048328779,-0.2521971389957531,0.9477853412217977
11.650032758712769,-9.371785460583137,0.11085379647891921,0.8424207466565032,0.08582953641543559,0.8467818040785885,-9.385940780920185,0.15142046914717142,0.8889030405105247,-0.21941513192994977,0.9155826645086138
11.660051107406616,-9.363375007104064,0.1118007725986185,0.8366372972850625,0.10303309146265202,0.8429577600003486,-9.377132473111242,0.14939040941677056,0.8676287010925992,-0.18501984942353344,0.8871369159494704
11.670064926147461,-9.355024819086093,0.11291397429065464,0.8311704539327776,0.11911793611911135,0.8396626740519649,-9.368535995549934,0.14771421612447747,0.8499255973666516,-0.14959398369275112,0.862990081644121
11.680083274841309,-9.346723914978872,0.11418331614229371,0.826015087226489,0.13409916182980564,0.836829438732434,-9.360115216576602,0.14639896396712596,0.8356194272517062,-0.11350362141186106,0.8432928905629862
11.690033674240112,-9.338528925121661,0.11558711982686268,0.8212056409812754,0.14787855432440086,0.8344140288900601,-9.351836842838962,0.1454481770156488,0.8244329431531338,-0.07710685569069402,0.8280308840560501
11.700044870376587,-9.330330480220745,0.1171323659380043,0.8166794628828209,0.16063583967833236,0.8323275906058477,-9.343635309369967,0.1448595311353009,0.8159887977136762,-0.0406292235944926,0.8169996645067255
11.710041046142578,-9.32218817977283,0.11879714421267387,0.8124731464259523,0.172266336004074,0.8305349506092777,-9.335506415518827,0.14463408197489364,0.8099363621980568,-0.004553721823626754,0.8099491633387054
11.720037937164307,-9.314085756524845,0.12057278853125092,0.8085792715081468,0.18279108688417106,0.8289831239277081,-9.327442647640872,0.14476524951451297,0.8058706066873119,0.030633215651350305,0.8064526201976892
11.730102777481079,-9.305965807484045,0.12246122337744833,0.8049748134978534,0.19226961692942085,0.8276183033017637,-9.319332884928645,0.145247391565392,0.8033359757145475,0.06490168439984467,0.8059534220506673
11.740063667297363,-9.29796406405909,0.12441851692908945,0.8017198090276679,0.20054558619290183,0.8264219166556602,-9.311349780646507,0.14605477326593336,0.8019746599253013,0.09704878441966351,0.80782536585554
11.75006651878357,-9.289959565252211,0.12646152050519174,0.7987635379810817,0.2077508569997854,0.8253384809835297,-9.303315595451881,0.14718118440968295,0.8013475007203575,0.12738476271154478,0.8114090797383524
11.760063409805298,-9.28198877027963,0.1285672229740105,0.7958400344598949,0.21290341071211794,0.823825966295054,-9.295310248932235,0.1485952594829071,0.8011101671699487,0.15523597401254272,0.8160120756279811
11.770063877105713,-9.274046835678867,0.13070552442393568,0.7923611116076421,0.21405529094939232,0.8207653737649556,-9.287296053254778,0.15027678469267491,0.8009478142729904,0.18044576466812304,0.8210225789680479
11.780049085617065,-9.266154601450168,0.13283179974570739,0.7883164162416787,0.21115118552526166,0.8161051373841774,-9.279303329821762,0.15219142258428475,0.8006013303000348,0.2026963195839203,0.8258621483341225
11.790060997009277,-9.258284802906765,0.13491427036838236,0.7836880403030205,0.20417206841214405,0.8098476264296154,-9.271290181601866,0.1543199563009123,0.7998587556460026,0.22194148962092175,0.8300795466693089
11.800074577331543,-9.250462909193525,0.13690680358317497,0.7784850551854674,0.19311806821508137,0.8020807748713623,-9.26328485298751,0.15662583198893482,0.7985559598729719,0.23796345061174107,0.83325759815059
11.810065269470215,-9.242713475429612,0.13876422135964245,0.7727218905191984,0.1780287945867198,0.7929649246905972,-9.25531837350308,0.15906847228252416,0.796575919395047,0.2505874194914031,0.8350612254005241
11.820066213607788,-9.235016852887833,0.14045220426285443,0.766380844849893,0.15886278168204876,0.7826729730587316,-9.247363784259129,0.16162362692884952,0.793825099574442,0.2597226100542721,0.8352329752157636
11.83003282546997,-9.227412463606061,0.1419235542009023,0.7594919698372481,0.13571932974036047,0.7715230318742508,-9.239471227236175,0.16424168057784888,0.7902590746075431,0.26514140068856057,0.8335522583249728
11.840037822723389,-9.219850747540047,0.14314828609855412,0.7520048003753255,0.10842756906955205,0.7597813879806913,-9.231557679740058,0.16691501406368453,0.7857924020752846,0.26664509810955805,0.8298007637409727
11.85003662109375,-9.212371447050193,0.1440791383283258,0.7439499310285432,0.07708951675466082,0.7479333482810092,-9.223757307375228,0.16956055837630868,0.780454830251113,0.2638727022898845,0.8238559006744198
11.860028266906738,-9.204980724509747,0.14467604849881677,0.7353291502978887,0.041715788834297524,0.736511484171077,-9.215986581748208,0.17216521359020223,0.7741726154050694,0.2564738556597602,0.8155501683404333
11.870029211044312,-9.19767220186434,0.14489927190590587,0.7261281144824293,0.002246934985584835,0.726131590938335,-9.208280242953409,0.1746724318452813,0.7669669699771595,0.24413119504112998,0.8048840745276026
11.880101919174194,-9.190407188053635,0.14470447137172754,0.7162824702866122,-0.04161269207492153,0.7174902043802506,-9.200595707448946,0.17704705933412684,0.758802477625806,0.22645485229147438,0.7918730960055502
11.890029430389404,-9.183346956707828,0.14406010131659278,0.7060109833637606,-0.0888722975705285,0.7115825980908532,-9.193107534086163,0.17918579422318487,0.7498933564190865,0.20365739005578518,0.777056226103245
11.900036096572876,-9.17633143570484,0.14292158618208226,0.6965099029166895,-0.1387682460374267,0.710199036164736,-9.185670741644406,0.18108117740204874,0.7401111085384686,0.17521757778723704,0.7605692950334423
11.910032749176025,-9.169406845207623,0.14128291283432515,0.689230885954181,-0.18916581794241225,0.7147187704482142,-9.178304696310105,0.18267107874010408,0.7295188755845837,0.14105136695268,0.7430297961410531
11.920042037963867,-9.162535412965138,0.13913466924349116,0.6841583015647918,-0.24017902958134002,0.7250920961165243,-9.171065797186364,0.1838880223953722,0.7182806169002093,0.10145804466525635,0.7254107660090539
11.930031061172485,-9.155717510811005,0.13647898629358712,0.6813061928672131,-0.29163988040901845,0.7411018474435229,-9.163940927295574,0.18468255945992879,0.706515690997695,0.056581584879400695,0.7087777489265695
11.940002202987671,-9.148929155172262,0.13331261626437477,0.680661195007527,-0.3435585019019685,0.7624513798388718,-9.156956584810322,0.18500267904859452,0.6944624626848672,0.006912030505120657,0.6944968597798225
11.950069427490234,-9.142070589489563,0.1295876758233877,0.6822420153354445,-0.39653506830664015,0.7891097692247389,-9.150024826262861,0.1848013039486334,0.6822257004884681,-0.04779408075103728,0.6838977851710134
11.960027933120728,-9.135259545047163,0.12537557454854803,0.6860122328588709,-0.44948880939759195,0.8201542375710063,-9.143291622045934,0.18403880216918247,0.6703807717027596,-0.1058703757741323,0.6786891155273844
11.970030546188354,-9.128369492477637,0.12061120845233042,0.6920082634748974,-0.5032281918040735,0.8556366341759453,-9.136641123810756,0.18267301622868606,0.659082246730881,-0.16766838789888666,0.6800750666334103
11.980030059814453,-9.121410518398049,0.11530824040690502,0.7002154548740079,-0.5575032170304626,0.8950483340265647,-9.130103060257065,0.18067548065197359,0.6487815276856835,-0.23228046010099843,0.6891093402435501
11.990028381347656,-9.114359414482955,0.10946064903912323,0.7106336679761548,-0.6123223586923874,0.9380505748710208,-9.12366252962233,0.17802045204461336,0.6398673375734274,-0.29916825890898124,0.7063510860980804
12.000035762786865,-9.107186351555388,0.10305598858681342,0.7232767033627008,-0.6677450758733976,0.9843844147386658,-9.117295251146396,0.17468343183731377,0.6327280859621133,-0.36789292298136705,0.7319084871382852
12.010029077529907,-9.099886066809425,0.09610410954703924,0.7381134238354286,-0.7236414096636617,1.033667410836808,-9.111001428647217,0.17066018808853836,0.6277801411702604,-0.43775777403310573,0.7653363798841472
12.020066261291504,-9.09239339960542,0.08855671581299238,0.7552396209181622,-0.7803375088641786,1.0859620217783683,-9.104713054548979,0.16590964234164599,0.6253849573167397,-0.5088365647760205,0.8062387949553914
12.030030727386475,-9.084774187673828,0.08049864592776186,0.7743748139182645,-0.8370244657346323,1.1402922031958709,-9.098481338559441,0.16048520640407077,0.6259474220270054,-0.5798829341109839,0.8532727538222568
12.04003095626831,-9.0769324122996,0.07185668250937863,0.7938293191646064,-0.8904437640687795,1.1929187252006395,-9.092205719109455,0.15432938278325478,0.6298096548056823,-0.6513252395921066,0.9060269140683227
12.050023317337036,-9.068905444430804,0.06271390736194281,0.8126861964888421,-0.9386358430157035,1.2415700140375898,-9.08587866486119,0.14746629165214892,0.6372705925253681,-0.7222732024329288,0.9632198020443477
12.060031414031982,-9.060679957891983,0.05310011307847751,0.8309892602066291,-0.9817083945920559,1.286193812219322,-9.079448924531562,0.13988822646283672,0.6485210080647568,-0.7921751337095215,1.0237777788021318
12.070038080215454,-9.052275453664077,0.043082750957412944,0.8487059876744418,-1.019576755454783,1.3265890900268071,-9.072888238995496,0.131619989261609,0.663568626897117,-0.8602971452531539,1.0864780258858675
12.080032110214233,-9.043707480029838,0.032725700352471236,0.8658179136780381,-1.0522097694591999,1.3626393721712187,-9.066167868319246,0.12269377055255173,0.6822475097422739,-0.9260468493623133,1.1502279912101778
12.090047597885132,-9.034952294501437,0.022045045460248804,0.8823828610381377,-1.0797121551785651,1.3944094992125489,-9.059224674293356,0.11309720275942427,0.7043495663345049,-0.9892528679471482,1.214384431857253
12.100043535232544,-9.026051994317962,0.011136927744064103,0.8983319740838392,-1.1019684762205748,1.4217365642921558,-9.052060331904034,0.102904110283395,0.7295685440376127,-1.0497183873860632,1.278350090259143
12.11002802848816,-9.017005542169043,4.495110915672326e-05,0.9136816217062209,-1.1190220761517335,1.4446537691636172,-9.044638414626931,0.0921328755731325,0.7574774020767568,-1.1072820396957206,1.3415832177280946
12.120039939880371,-9.007783072968955,-0.011222718803848373,0.9284903010266896,-1.1309268427833035,1.4632463096924058,-9.036903034436742,0.08076791520014556,0.7874390899101248,-1.16153360957432,1.4032892241050077
12.13002610206604,-8.998439651508264,-0.02255410117594604,0.9426787150196398,-1.1376177786970396,1.4774360798893014,-9.028888824518265,0.06892025827351882,0.8185174625375203,-1.2117151472709249,1.4622668821404183
12.140026092529297,-8.988944351242012,-0.033942050336977815,0.9563041382452712,-1.1391308739310912,1.4873253688309236,-9.020544595653641,0.056567611216949865,0.8501825400193079,-1.2578342807674723,1.5182086250668931
12.150030612945557,-8.979311288241618,-0.04532435993109466,0.9693525391510562,-1.1354505385734217,1.4929475110348902,-9.011879943410621,0.04377006729068131,0.8818556645765298,-1.2996924003668398,1.570627183235102
12.160026788711548,-8.969558634411046,-0.05663464397281604,0.9818076099795024,-1.126584278527903,1.494368870004959,-9.002906162917881,0.030584206661272217,0.9130155546688129,-1.3370620314021393,1.6190528956412806
12.17003846168518,-8.95966962521466,-0.06784781963512966,0.9934198768193632,-1.112816339352098,1.4917249266499513,-8.993614480372917,0.017032579140225875,0.9433125126229452,-1.3697897928766887,1.663178454989174
12.180047273635864,-8.949680590676762,-0.07890603751304637,1.0020468141457646,-1.096529992423125,1.4854210992251102,-8.984025404535574,0.0031777732409033616,0.9723361391188658,-1.3975209683457757,1.7024988764761921
12.190027475357056,-8.939651146563593,-0.08976025882933039,1.0072405793590877,-1.0782700416468454,1.475533756787936,-8.974187337124516,-0.010880092930923506,0.999649761732821,-1.4198201830302128,1.7364299577790152
12.200029611587524,-8.929564842952434,-0.10044525103727707,1.0090308832596917,-1.0579463175028998,1.4619828090951617,-8.964058749176793,-0.025170827948153247,1.0251196655201507,-1.4364836359080393,1.7647536839082463
12.210026502609253,-8.91948295927194,-0.11091145439873389,1.007404379336906,-1.035608645352468,1.4447660190618932,-8.953727792561834,-0.039540398334069304,1.0484066006343638,-1.4471561665485781,1.7870135339815638
12.220038175582886,-8.909419684585192,-0.12115908474104035,1.002352965391754,-1.0112097234011386,1.423817604867509,-8.94309214582579,-0.05409978188526745,1.0696398100735751,-1.4517083517566118,1.8032155893997068
12.230042457580566,-8.899431345045182,-0.1311451305558627,0.9938839085273969,-0.9848007842354789,1.3991561057510735,-8.932288755984095,-0.06862883848840375,1.0882036439244045,-1.4497839568060802,1.8127494840883684
12.240028142929077,-8.889563122327132,-0.14083902868096382,0.982020086652214,-0.9564196643444611,1.3708034231549004,-8.921343227135157,-0.08306565390090553,1.104034733040005,-1.4412280540689784,1.815497451277244
12.250035524368286,-8.879809228429401,-0.15025969937529057,0.9667117136463576,-0.925950272886569,1.3386244600931916,-8.910230509369221,-0.09741357740578518,1.116904730588013,-1.4258177698563854,1.8111964250318404
12.260033130645752,-8.870235219162609,-0.15935628551764694,0.9480016418110637,-0.8934863495112383,1.3026991094030083,-8.89900869867911,-0.1115693606760309,1.1263076931856721,-1.4035302482084224,1.7995738877204308
12.270029306411743,-8.860866470580591,-0.16811714309525522,0.9258790872587576,-0.8590025599204668,1.262987522572185,-8.887725906674904,-0.1254520847119184,1.1316895224000212,-1.3745999034663432,1.7805184833973693
12.280030488967896,-8.85173153053096,-0.17652719706394693,0.9003286442020257,-0.8224767037221944,1.2194505302538452,-8.876393609226291,-0.13903565211661906,1.1325100248013855,-1.3393743142059056,1.7539961544513645
12.290026903152466,-8.842873328727737,-0.18455812051947845,0.8713747725826696,-0.7839438198877758,1.172118555024933,-8.86508678738855,-0.15222831670596584,1.1282473436678344,-1.2986270660388617,1.7202832107366004
12.300031185150146,-8.834315152649873,-0.19219947607741347,0.8389799031396559,-0.7433550449977315,1.1209210502063942,-8.853848047059603,-0.1649912544934464,1.118471856973888,-1.2531589329140147,1.6796983675603216
12.310029745101929,-8.826100336047496,-0.19942241989439735,0.8042696753261228,-0.7015615393484832,1.0672573748361733,-8.84273790954007,-0.17727747780805156,1.1028860503158908,-1.2038700443027162,1.632685126884792
12.32002878189087,-8.818226641436192,-0.2062343758811902,0.7708527763121215,-0.6612089973291061,1.0155842362389578,-8.831813254332902,-0.18905549150694034,1.0813988539189567,-1.151701799937456,1.579822938571411
12.330028772354126,-8.810678656213677,-0.21265154843859566,0.7390225240541911,-0.6225135808905543,0.966269863678159,-8.821126422300777,-0.20030819504611247,1.054211908463346,-1.0977524202058009,1.5219800011871454
12.340024948120117,-8.803443682674255,-0.21868787512665255,0.7087922306722425,-0.5854915989738567,0.9193404367971079,-8.810748787628281,-0.2110060516467919,1.0218701022440393,-1.043206038292645,1.4603072773188794
12.350032806396484,-8.796495070236562,-0.22436879577406565,0.6801173498216877,-0.5500881602490788,0.8747322982345468,-8.800702331627601,-0.2211745981426231,0.9849977856309816,-0.9888435007714877,1.395719207690411
12.360028266906738,-8.789833457993971,-0.22969740667467609,0.6530660346975343,-0.5163874388978387,0.8325570447284859,-8.791055179847783,-0.2307922132584425,0.9445737254460816,-0.9355588637517949,1.329469785421105
12.370030164718628,-8.783430220654402,-0.23470060055736147,0.6275861911973621,-0.48432481058373955,0.7927388911417095,-8.781825432800009,-0.23988493158555538,0.9012602692344787,-0.8834980477973845,1.2620772057851273
12.380030870437622,-8.777274802153663,-0.23939071711592771,0.6036994558974837,-0.4539272478557086,0.7553164763175605,-8.773040172606084,-0.24846379699911975,0.8557760060874665,-0.8327956846700648,1.1941110605802534
12.390031099319458,-8.771350440499974,-0.24378505311596368,0.5814022890972768,-0.42519034034580205,0.7202884472840949,-8.764714577122836,-0.2565460356071019,0.8090174054046662,-0.7837731212735964,1.126414429896321
12.400037288665771,-8.765637757119599,-0.24790269352852348,0.5606822539148623,-0.39809772329898374,0.6876382676603189,-8.756852702147318,-0.2641538700859629,0.7617524593923435,-0.7365740701422179,1.0596264295477706
12.410029649734497,-8.760132082769001,-0.2517522963545134,0.5415790090557324,-0.3727017615731486,0.6574301682532657,-8.74948023868222,-0.27128246521486055,0.7144384926614955,-0.6910134980952729,0.9939426614982856
12.420031785964966,-8.754804061370567,-0.2553599499580598,0.5240452913401862,-0.3489398935623265,0.6295891650077123,-8.74257160839661,-0.27797006330959856,0.6673364041820831,-0.6466568891902755,0.9292486258714171
12.430030584335327,-8.749645302498847,-0.25873705489304966,0.5081067253063417,-0.32684636420762525,0.6041531180895103,-8.736128545280584,-0.2842211346226538,0.6213229384943578,-0.6035709868226047,0.8662217556915067
12.440026760101318,-8.744639231746937,-0.26190076470965645,0.49376016579986687,-0.3064173163040617,0.5811115840023287,-8.730141138015671,-0.2900434115936163,0.5771030566801901,-0.5616412362093839,0.8052880330915291
12.450033903121948,-8.739762730375098,-0.26487079496022625,0.4811839774914966,-0.287301626281189,0.5604286258377181,-8.72457699243761,-0.29545880886345083,0.5351031496155922,-0.5205581535054946,0.7465361156096716
12.460028171539307,-8.73500762527272,-0.2676501964487442,0.4707205806165542,-0.2690251478140896,0.5421737684288854,-8.719427488241655,-0.30045946461963724,0.49581279997229305,-0.4801992894633027,0.6902330694898832
12.47002911567688,-8.730343625687523,-0.27025259078584285,0.46235190439805335,-0.251545052613343,0.5263498807777542,-8.7146538164889,-0.30506162108208923,0.45941690155776543,-0.4402889126554558,0.6363318442795874
12.48003339767456,-8.725751235222038,-0.27268502211802437,0.45608357164369473,-0.23486777123367697,0.5130059398170201,-8.710227108382803,-0.3092679673052885,0.42613747276553227,-0.4007270150176506,0.5849575080806735
12.490025997161865,-8.721216328523735,-0.2749520892873592,0.4519224790194509,-0.21901758634066087,0.5021977998454143,-8.70612112398831,-0.3130764145190735,0.3961885330025048,-0.36155334655047455,0.5363638467351471
12.500032663345337,-8.716706188557207,-0.27706767386663633,0.44985862918511055,-0.20395388241038287,0.4939331659269046,-8.702293258716617,-0.31649903822854747,0.36963804662172156,-0.32275392709502604,0.49071619391006793
12.51002812385559,-8.712211144079971,-0.27903447400036385,0.4498981525202985,-0.18971483951716986,0.48826229423763956,-8.698715860124768,-0.3195341145430722,0.3466350120108743,-0.2845392266787655,0.4484622649351101
12.52003002166748,-8.707702371630115,-0.28086408946418606,0.4520396116300375,-0.1762751884923117,0.48519352073233124,-8.695350024793292,-0.3221911050236653,0.32721964585108965,-0.24706980866567216,0.4100197397504227
12.530030965805054,-8.703162121186494,-0.2825631638770866,0.45628311320119286,-0.16364534634167419,0.4847412492989008,-8.692157381793708,-0.32448013025414957,0.31141362536966005,-0.21054991419653943,0.37591184130597044
12.54002571105957,-8.698571709614138,-0.28413905617365287,0.46262430729950554,-0.1518308146877763,0.4869022961468771,-8.689109277580082,-0.326406848164739,0.2992511881709104,-0.17530738903768564,0.3468197720328414
12.550030708312988,-8.693902642060847,-0.2856023295983482,0.4710747636023934,-0.14081296219678982,0.49167033998979986,-8.686166509348105,-0.3279876779777384,0.29068838804053737,-0.14156851107890778,0.3233285979784418
12.560027122497559,-8.689142585407826,-0.28695831004992134,0.48161927464785564,-0.1306125107710904,0.4990157850030947,-8.683283780693746,-0.3292431466335967,0.28566321649755555,-0.1094754382384779,0.3059221221769293
12.570029020309448,-8.684263994011868,-0.2882170034635763,0.4942713948881996,-0.12121500206257163,0.5089177620497793,-8.68043678056559,-0.330186047811378,0.2841533200650772,-0.07939089442155488,0.2950356307652699
12.580033540725708,-8.679247000945676,-0.2893860454821029,0.5090195555763067,-0.11262192185367996,0.5213296512199525,-8.677587342739503,-0.3308387360657643,0.28609656567994685,-0.05146775801660369,0.2906891380996473
12.590024948120117,-8.674084372474123,-0.29047075933390437,0.5242989458615331,-0.1045589540566972,0.534623193945928,-8.674705067191903,-0.3312231847188791,0.2914429276933666,-0.025898805089347478,0.29259140145865004
12.60003399848938,-8.668762337966639,-0.2914781841888352,0.5390579722818611,-0.0967971436027479,0.5476798193199041,-8.671746733096887,-0.3313644190880057,0.3001828705446661,-0.0027255433671743157,0.30019524372494993
12.610029458999634,-8.66330273151904,-0.29240830361050535,0.5532506383965606,-0.08936069736347127,0.5604209160260596,-8.668688313979683,-0.33128656273966856,0.31224944691466644,0.01786712721998783,0.31276021379582525
12.620077848434448,-8.657674185255452,-0.2932699868664805,0.5669673913175862,-0.08220239256010148,0.5728955019548276,-8.665476122076958,-0.3310142143809945,0.3276345299508069,0.035935607526628166,0.3295993827427382
12.630029916763306,-8.651966298338735,-0.29405409873005867,0.5800089138955676,-0.07542605217652161,0.5848926649781576,-8.66212741751002,-0.3305783359298019,0.34591362346621457,0.051213150188685094,0.34968417415115444
12.64002799987793,-8.646104062871068,-0.2947754951889283,0.5925654434394443,-0.06893259691483337,0.5965614031061749,-8.658564898881036,-0.33000008816472,0.36705718755537586,0.06402554484885739,0.37259931471925095
12.650030612945557,-8.640116298182267,-0.2954338257798037,0.6045807340766478,-0.0627513579652113,0.6078285917453509,-8.65479131698121,-0.32930832437394403,0.3905491338668737,0.07439584137266195,0.3975718390149276
12.660032033920288,-8.634011849822144,-0.2960318334932844,0.6160476238092496,-0.05688603630160986,0.6186684862890066,-8.650745576864168,-0.32851886469187025,0.4162073201224051,0.0826263068145582,0.42432963589795103
12.670033693313599,-8.62779526951557,-0.2965727705719466,0.626967947206756,-0.05133568848537639,0.6290661012460623,-8.646447098398472,-0.3276594776348758,0.44332125075640927,0.0888723090424431,0.4521415914144181
12.68002963066101,-8.62147585452892,-0.2970595066693131,0.637335577452619,-0.04610339819703155,0.6390009089290699,-8.641877352476897,-0.32674731378202887,0.4714214449458052,0.09344003558247051,0.48059257069210315
12.6900315284729,-8.615051709475106,-0.2974957578169738,0.6471625745021841,-0.04118308013914674,0.6484716215271431,-8.637018813315542,-0.32579564296787233,0.5000570956748143,0.0966357012457198,0.5093089020329238
12.700036764144897,-8.608529770156771,-0.29788449757100316,0.656445719140283,-0.03657640393617983,0.6574639271492437,-8.631871269125476,-0.32481727560569185,0.528713088570108,0.09874641687692746,0.5378553568306026
12.71002721786499,-8.601927651982168,-0.2982282403031577,0.6651688942358847,-0.03229129170301078,0.6659522395628972,-8.62644612030108,-0.3238233687279055,0.5568727383456614,0.10004585761818756,0.5657883176057581
12.720046997070312,-8.595221218989224,-0.2985315767040321,0.6733825808300985,-0.02830604525303904,0.673977249143672,-8.620729884605227,-0.322817063738036,0.5842149296202332,0.100789657978764,0.5928453754113717
12.73003077507019,-8.588458870385752,-0.29879546027372356,0.6812269522558264,-0.024596666305423096,0.6816708564058628,-8.614765750961375,-0.3218085231795422,0.6102156152973538,0.10119243925630601,0.6185491143921954
12.740028381347656,-8.581610202216293,-0.29902381680951556,0.6888075346352767,-0.02112702500427919,0.6891314613017311,-8.608540504874183,-0.3207954149507519,0.6346971787466996,0.10144042412644226,0.6427524160638936
12.75003957748413,-8.57467755570717,-0.2992189561411009,0.6961233050384426,-0.017898078746629503,0.6963533564509221,-8.60208305350446,-0.319780568463379,0.657367419589192,0.10167828099655944,0.6651844835560794
12.760030746459961,-8.56768702406925,-0.2993827028485732,0.7031499512377665,-0.014920444230159393,0.703308235115798,-8.59539984956259,-0.31876157849822284,0.6780997039942543,0.10201516613720431,0.6857304883692257
12.770033359527588,-8.560619745405663,-0.29951805705666834,0.709909649454249,-0.012184555497382541,0.7100142067458393,-8.588520567052422,-0.3177385670112453,0.6967636298012273,0.10252356395895534,0.7042660271379187
12.780035257339478,-8.55348666289042,-0.29962726603408313,0.7163940233409402,-0.009694014313777057,0.7164596084861555,-8.581466078525354,-0.3167095913617539,0.7133363060069136,0.1032419686934891,0.7207687490223867
12.790027856826782,-8.546296730590427,-0.29971272267209004,0.7225979200905102,-0.007450595026265105,0.722636330034255,-8.574264728106643,-0.3156735755818674,0.7278497714142859,0.10417647288277324,0.7352673168651817
12.800031185150146,-8.539038468523891,-0.2997770418985904,0.728533547294351,-0.005449913832788149,0.7285539314931155,-8.566920350856927,-0.31462610672609986,0.740447087922226,0.1053087894294398,0.74789827593303
12.810030698776245,-8.531724913086705,-0.2998225607558528,0.7341921559089973,-0.003695077299552442,0.7342014542307521,-8.559465468447412,-0.31356742044753,0.7512648781772778,0.10659345077057596,0.7587892203569443
12.820050477981567,-8.52434118675461,-0.29985180141039164,0.7395865972379431,-0.00218249696859478,0.7395898174711557,-8.551883264114622,-0.3124915186724125,0.7605507886992275,0.1079746063605435,0.7681770745145493
12.830032110214233,-8.516933380176035,-0.2998670837509194,0.7446860607681022,-0.0009203542398242088,0.7446866294987713,-8.544251817154189,-0.31140687221355934,0.7684594616919864,0.10936578489358921,0.7762028208975592
12.84002947807312,-8.50946392263421,-0.2998709851133273,0.749519335419896,9.906651038039482e-05,0.7495193419668742,-8.536534615853908,-0.31030682597100934,0.7752969689669915,0.11069318735353532,0.7831592250723279
12.850059747695923,-8.501922928547575,-0.299865890731281,0.7540923579067161,0.0008756480154980682,0.7540928663054425,-8.528724200253933,-0.3091900104209166,0.781318824749032,0.11187322583062018,0.7892874790372375
12.860029220581055,-8.494383286436673,-0.2998542328064905,0.7584695268393096,0.0014584960102638532,0.7584709291426127,-8.520914296121562,-0.30807074924923544,0.7866974211508592,0.11280945772289706,0.7947444911398546
12.870037078857422,-8.486769096058262,-0.29983626454139767,0.763279080961174,0.00215947214255076,0.7632821357485506,-8.513053463908513,-0.30694373851719914,0.7916938735188025,0.11343411112616654,0.7997790238148217
12.880032777786255,-8.47911352529879,-0.2998105044304622,0.7685870699894386,0.0030218172897797375,0.768593010334262,-8.505072992116679,-0.3058022018086424,0.7965383373879168,0.1136811651795218,0.8046096757094587
12.890026569366455,-8.471403725909282,-0.29977532143450664,0.7743979371843648,0.004046086914208653,0.7744085071425266,-8.497089770329376,-0.3046668234634782,0.8013211571971908,0.11349084202610364,0.8093180883902441
12.900037288665771,-8.46362014580906,-0.29972900376282785,0.7807236637792017,0.005234559686951737,0.7807412117980812,-8.48904677639768,-0.3035340423067337,0.806213955342375,0.11283145539371817,0.8140711757058235
12.910032272338867,-8.455783280976473,-0.2996700797139351,0.7875435583325687,0.006583357561575538,0.7875710741691239,-8.480959804197578,-0.3024110921218813,0.8113201343306098,0.11169202941571044,0.8189722033165953
12.920031547546387,-8.447872111466081,-0.2995968277257425,0.7948707595780395,0.008094972096663185,0.7949119781494145,-8.472821887760833,-0.30130211585123545,0.8167359792534916,0.11008393666581383,0.8241214309305412
12.930034875869751,-8.439882056972804,-0.29950761168982476,0.8027053904386287,0.009769502114861751,0.8027648391719729,-8.464619930742925,-0.3002103692605263,0.8225447217386502,0.10803856214112503,0.8296096372208047
12.940030813217163,-8.431816958877551,-0.29940091657933565,0.811038524327349,0.01160501226091024,0.8111215471510171,-8.456370323167535,-0.2991426815584725,0.8287935251416364,0.10561530883728697,0.8354958412688215
12.950034856796265,-8.423659503468546,-0.2992749548096001,0.8198828843806987,0.013604310856181575,0.8199957447293771,-8.448045095941918,-0.29809948521473034,0.8355496501390959,0.1028794835339721,0.8418594930151838
12.960031032562256,-8.41541746067162,-0.29912830176167465,0.8292245953362387,0.01576426307825962,0.8293744278074586,-8.439657643006287,-0.297085818056154,0.8428395450588534,0.0999226289832854,0.8487420282382311
12.970059871673584,-8.407052367907381,-0.2989586615519648,0.8391029891042385,0.018094131778249724,0.8392980542861258,-8.431171092805217,-0.2960997402716944,0.8507256161092395,0.09682913432852676,0.8562184038896017
12.980130910873413,-8.398549459522267,-0.2987639600431724,0.8495338663330725,0.020598132128342543,0.8497835448477425,-8.42255112766156,-0.2951392336047046,0.8592695998055845,0.09368949468560821,0.8643621732610086
12.990030288696289,-8.390086878441865,-0.29854720840058774,0.8602851949657363,0.023219764361664903,0.8605984976365263,-8.41400377488606,-0.29422716532634047,0.8682780671632252,0.09068187831206644,0.8730005755845243
13.000035762786865,-8.381422692434874,-0.29830050876642866,0.8716929427887075,0.026211621629905396,0.8720869426932765,-8.405266983836794,-0.2933342822001485,0.8780304907159044,0.08781157333662809,0.8824105705614965
13.010029315948486,-8.37265192432154,-0.29802031190187483,0.8837282515727691,0.030002286248142454,0.884237388831743,-8.396440935933814,-0.29247000767539494,0.8884336562864333,0.08520704647572627,0.8925102813926554
13.020030975341797,-8.363750233549567,-0.2976978251570932,0.896420296987005,0.0346219945490227,0.897088641861451,-8.387501216479418,-0.2916295166127377,0.899522767242004,0.0829456363488148,0.9033389105845171
13.030088424682617,-8.354667555033267,-0.2973227630644483,0.9098356764114377,0.0401006773162461,0.9107189590605217,-8.378457679828367,-0.29081053290513764,0.9112938095892242,0.08110994529329585,0.9148962950089604
13.04006028175354,-8.345525882335378,-0.2968923752024307,0.923782610106682,0.04635749128093794,0.9249450403853064,-8.36924591904694,-0.29000335575446784,0.9238437209450097,0.07976903481652538,0.9272811437989457
13.05006718635559,-8.336208772711608,-0.2963936124814294,0.9384255519492324,0.05346215581528438,0.939947189290781,-8.359934258812277,-0.2892092988794412,0.9370968122222436,0.07901602019911279,0.9404222280046328
13.060068130493164,-8.326747918116977,-0.29582000215569726,0.9537063655748343,0.061388690492461685,0.9556800735907068,-8.35049748544438,-0.28842047002904825,0.9511035677035206,0.07892713177034334,0.954372824753439
13.070031881332397,-8.317166748296101,-0.2951655743112087,0.9695742043636064,0.0701075461195089,0.9721055528028937,-8.340947242756766,-0.287631383480235,0.9658667757978785,0.07958291615285296,0.9691398604605949
13.080030679702759,-8.307389911342131,-0.29441741125536885,0.9861430671323763,0.07968121931334109,0.9893569859077719,-8.33120916385813,-0.28682867447770855,0.9815280299739035,0.08107579248867769,0.9848708330294481
13.090030431747437,-8.297443348624263,-0.29356932096066063,1.0033600292529261,0.09008154611678246,1.00739566866908,-8.32133021755641,-0.286008151774611,0.9980429481762563,0.08349117950126239,1.0015290826825076
13.100033521652222,-8.287317833850807,-0.2926127496330073,1.0212300882328098,0.10131182640267863,1.0262431384818311,-8.311248517769187,-0.2851556880163867,1.0155483057247865,0.08693491015507766,1.0192624980171476
13.110031127929688,-8.277015965156469,-0.2915403222040437,1.039737147339239,0.11336182218838319,1.0458987705734284,-8.301059398907364,-0.28426962081258333,1.0339073766358513,0.09145928937989191,1.0379447312241163
13.120062589645386,-8.266489925350161,-0.29033901431294973,1.0589567921990983,0.1262824794172742,1.0664599159613917,-8.290526116537626,-0.2833184096005121,1.0535811710782523,0.09726308953132826,1.0580611478718045
13.130077123641968,-8.255786256801553,-0.2890063163055389,1.078792933967792,0.14001018950293423,1.0878405432523115,-8.279875078318167,-0.2823103807514449,1.0741807992929508,0.1043187183292068,1.0792343510857552
13.140059232711792,-8.244919281835733,-0.2875373403517434,1.0982629330370213,0.1544097313521002,1.1090643963356268,-8.269044829300217,-0.28122822041078627,1.095833029981876,0.11271904053579647,1.1016150015765804
13.150069236755371,-8.2338337496365,-0.2859169460377031,1.1163601946046038,0.16943939284638138,1.12914560263315,-8.257960104761112,-0.2800516010892154,1.1186723940511982,0.12257208089149246,1.1253674245446728
13.160062789916992,-8.222593146470413,-0.28414623857822874,1.1329995447585879,0.18503280044536086,1.1480091923254885,-8.246663693367738,-0.278771613006858,1.14254625175457,0.1338673698216431,1.1503618605036336
13.170068979263306,-8.211178780468895,-0.2822141999179057,1.1482308231093334,0.20123550993235795,1.1657314242980985,-8.235109778029418,-0.2773696705689481,1.1674347552125732,0.14665384237012757,1.1766100701422553
13.18005919456482,-8.199637647407354,-0.2801205514223777,1.1620111347817368,0.21800088329132203,1.1822834949674872,-8.223319374257239,-0.27583464409824504,1.193114693926308,0.16089669734460804,1.2039146232516946
13.190029621124268,-8.187989325821537,-0.2778611568522361,1.1743426459363955,0.2353190748823564,1.1976876542189046,-8.211292543379125,-0.27415336098441556,1.2193407630065067,0.17656399152974142,1.2320579286032798
13.200066089630127,-8.176146732467135,-0.27540942089801407,1.1853218579407168,0.2533436133279823,1.2120935992431074,-8.198919752010841,-0.2722960927620044,1.2460446943112504,0.19376812186852901,1.2610208028711005
13.210059881210327,-8.164252030021814,-0.2727853791505831,1.194824793965747,0.27188134269803094,1.2253675990422521,-8.186333403708208,-0.2702680414132755,1.2725824298677508,0.21229180745534448,1.2901681488553212
13.220033168792725,-8.152294308996819,-0.2699791375140297,1.2028858527282482,0.2909673587067774,1.2375768172224961,-8.173510387621093,-0.2680527851852002,1.298619643792167,0.23211976485887756,1.3192014874464915
13.230064392089844,-8.140193162780939,-0.2669616128905463,1.2095605696811795,0.3107553872681191,1.248841736347572,-8.160352223358633,-0.26561829718395324,1.3239452194836456,0.25337361443463496,1.347972229938462
13.240058422088623,-8.128077633806523,-0.2637549802676402,1.2147811068126388,0.3310592369702096,1.2590843323035346,-8.147003299150738,-0.2629756879208905,1.3478681252203164,0.2757985919935773,1.3757955321669606
13.250064373016357,-8.11590251647473,-0.2603382917208435,1.2185786550922297,0.3519767744645709,1.2683933098250206,-8.133403602588482,-0.2600986104439134,1.3701133037190558,0.2994756433209679,1.4024607395469055
13.26006817817688,-8.103698912412849,-0.2567100754173291,1.2209458083614317,0.37347989876596827,1.2767912522168954,-8.119602140326698,-0.25698110209927455,1.3902332225714558,0.32431731656697615,1.4275609041181463
13.270035028457642,-8.091524255521495,-0.2528785220871011,1.221847355669748,0.39546679112079186,1.2842526789680182,-8.105652868778122,-0.2536195610078313,1.40783776805316,0.35023350891357585,1.4507483213579186
13.280033111572266,-8.079315466483289,-0.24881572284572745,1.219711236368902,0.4170779246044617,1.2890498420607794,-8.091505286534762,-0.24998459154171346,1.4227083325265504,0.37732559662579,1.471894563244761
13.290031909942627,-8.06714680414428,-0.24454154406024203,1.213680235931889,0.4377012157607927,1.290194585855235,-8.077210428830341,-0.2460698168020992,1.434517264570259,0.4054618182479588,1.4907176353713267
13.300036191940308,-8.055051137738237,-0.24006352813947598,1.2037476779126846,0.45734616979531745,1.2877010488100984,-8.062815549726043,-0.24186952581865806,1.443019782649738,0.43448257974339644,1.5070106851708032
13.310031652450562,-8.043084953232981,-0.23539817371637484,1.1899299229125757,0.47598471096397776,1.2815984810049479,-8.048370217637135,-0.23738056192610404,1.448045908716706,0.46421575473971866,1.5206357948896763
13.320035219192505,-8.03126681892477,-0.23054745089190087,1.172203888271172,0.49364872075377597,1.2719084146195017,-8.033862353985423,-0.2325812758335758,1.449469440881904,0.4946036919456554,1.531533372844605
13.330031156539917,-8.019654288512843,-0.22552887128195054,1.1505971974036973,0.5103103158655682,1.2586860327945404,-8.019382200776088,-0.22748381995735772,1.4471310041623604,0.5253608572314865,1.5395428456262477
13.34000015258789,-8.008307451046822,-0.22036282892726045,1.1251716399648033,0.525942507854839,1.2420252577744635,-8.004989117475395,-0.2220944728037754,1.440874922297564,0.5562422296816006,1.5445147975293632
13.350032567977905,-7.997164043690561,-0.2150116397343913,1.095675981701032,0.5406812907986004,1.2218191826519016,-7.990586067125071,-0.21635985146358694,1.4304103769745729,0.5872610292247002,1.5462694988269652
13.360036611557007,-7.986366122234479,-0.20953318946360955,1.0623585030704348,0.5543871286243073,1.1983115944654625,-7.976389830789584,-0.21035026474628493,1.4156480519604422,0.6177176257274106,1.5445499254325528
13.370030403137207,-7.975931740294763,-0.2039285079573232,1.0251828634307714,0.5670899983159033,1.171576275648345,-7.962288924677427,-0.20400620470599024,1.3962844080650796,0.6476280925011314,1.539166103577617
13.380036115646362,-7.965876620659214,-0.19819493193264148,0.984065081701019,0.5788180972383915,1.141671789400923,-7.948439383754921,-0.197383681924809,1.3723281215323115,0.6764326319605025,1.5299822151676847
13.389999628067017,-7.956291937659989,-0.19237377019769264,0.9392445598075029,0.5895126395071725,1.108920869704734,-7.934901127235763,-0.19050447311534294,1.3437643689231225,0.7037805953823062,1.5169079753314079
13.400035381317139,-7.947108644116173,-0.1864075698932046,0.8901886908346046,0.599291984661797,1.0731201182391945,-7.921575084125235,-0.18330801929978316,1.3102064541524974,0.7296419241626101,1.4996727276304576
13.410030364990234,-7.938471125212905,-0.18037315763854966,0.837825378538396,0.6080039215060112,1.0351908681444666,-7.9086688067814,-0.17589596015807088,1.2719738247956427,0.7533908776054246,1.478348817236422
13.420060157775879,-7.930330650261246,-0.17423703334312746,0.7856946050149408,0.6153431857907078,0.9979795832824645,-7.896127320929766,-0.16823217021591919,1.2288094974807657,0.7749053270622603,1.4527391531202016
13.430048942565918,-7.922735764172601,-0.16806007750856408,0.7351917058153313,0.6211608976641747,0.9624695865774773,-7.884113429995055,-0.160412994247518,1.1813321830361834,0.7936603169315624,1.4231803910077396
13.440030097961426,-7.9156437911995345,-0.16183745880569805,0.6861413400060238,0.6254869565526635,0.9284524065792362,-7.872553409680003,-0.15239251827095013,1.1294852186396358,0.8095776887954507,1.3896592723832735
13.450032234191895,-7.909020739685206,-0.155565689913255,0.6384022058798726,0.6283311013305224,0.8957440200032118,-7.861528248384469,-0.14422589970786806,1.0738659854515902,0.8224257065130984,1.3526167962299906
13.460029602050781,-7.902871017017929,-0.14927604092161065,0.592103007464623,0.6296822072323714,0.8643411673371126,-7.851081056409087,-0.13595040434833933,1.0150598283948244,0.8321397723397213,1.312555924877311
13.470033407211304,-7.897173622945397,-0.14297635508058842,0.5471919190346584,0.6295414817384755,0.8341111877239792,-7.841234621919827,-0.12759231990391642,0.9535920867496988,0.8387761187501076,1.2699934036431604
13.480034589767456,-7.8919197014689715,-0.13668715112259,0.5037096308589057,0.6279082057934361,0.804979569382197,-7.832008130138002,-0.11917741996660096,0.8900005954005928,0.8424597988386123,1.2254956435959308
13.490029335021973,-7.887096504970575,-0.1304257225940486,0.4616708112865694,0.624784998845989,0.7768501997019642,-7.823437390698323,-0.11075132672366722,0.8250406280618718,0.8433609236266839,1.179809173321339
13.500055313110352,-7.88267325078798,-0.12418358261380408,0.4209225600821179,0.6201545368326296,0.7495114749889941,-7.815503287587924,-0.10231047834714656,0.7591026372806768,0.8416928646024352,1.1334388789207523
13.510030508041382,-7.8786707773435545,-0.1180265599984596,0.38179404188997434,0.6140590654100883,0.7230734583947848,-7.808255109144009,-0.09392661880169703,0.6931722315278346,0.8376910242903765,1.0872966452343804
13.520034551620483,-7.875041717629314,-0.11192034482860194,0.3439688735937546,0.6064549705592934,0.697210310679231,-7.80165213667928,-0.08557833592627319,0.6274706459408317,0.8315607935137453,1.0417354581786176
13.530030965805054,-7.87178621489482,-0.10590203751450748,0.30758773145360907,0.5973648386678336,0.6719039834808426,-7.795702641893718,-0.0773017204645574,0.5626528189064773,0.8235037101072072,0.9973648054667562
13.54003095626831,-7.868886444817715,-0.09998016174830689,0.27261140253687716,0.586780004077489,0.6470144897746118,-7.790397851841506,-0.06911933899042699,0.4992348541312715,0.8136901227358126,0.9546345140509501
13.550033569335938,-7.8663276026211975,-0.09416976247281668,0.2395831257758399,0.5748157450276906,0.6227465093344651,-7.785711636558556,-0.06103148651957453,0.43751444677428614,0.8022237313003985,0.9137733888649546
13.560029983520508,-7.864080415087113,-0.08848718581561095,0.21074838761769973,0.5619599478534448,0.6001781951011772,-7.781637018893739,-0.053075686221854754,0.3781060486110307,0.7892342818475802,0.875131381930572
13.57003378868103,-7.862098059276493,-0.08293333856641623,0.18630861862268525,0.5482466092054201,0.5790382076152953,-7.778142685131549,-0.045251483635969786,0.32077633408619344,0.7746384174959628,0.8384283716397167
13.580036640167236,-7.860338251567798,-0.07752141683821827,0.16628823040923074,0.5336862355579499,0.5589926418090394,-7.7752113868230595,-0.03758387617643572,0.2658840985323385,0.7584705126575538,0.8037237538006244
13.590028524398804,-7.858758257117847,-0.07226503350057456,0.15069934731842174,0.5182948469343586,0.539759058878041,-7.772815599807552,-0.030089752841825385,0.21407142490125555,0.740890824513986,0.7711976327818103
13.600034713745117,-7.857310053952039,-0.06715963893380895,0.13950516741279717,0.5020336858953124,0.521056151972612,-7.77091937790249,-0.022771537054683023,0.16560736748943533,0.7219968480015766,0.740746413215071
13.610039710998535,-7.85595186850245,-0.062221639833887274,0.13273104417590348,0.4849253195719828,0.5027624644402318,-7.76949028338376,-0.01564836544762303,0.1206899112155602,0.7018820627007571,0.7121829010937355
13.620009422302246,-7.854643950887022,-0.057475525086918694,0.1303763028423217,0.4670330945520085,0.48488956655063026,-7.768496272127778,-0.008760796216879412,0.07952492002356992,0.6806609965109651,0.6852908908456724
13.63003396987915,-7.853330386260433,-0.052887448627740294,0.13243258739559843,0.4481929766661653,0.4673492639741402,-7.767891061455392,-0.002042839442099525,0.041639365469779546,0.6580529829920019,0.6593690659876287
13.64003324508667,-7.851977485229256,-0.04850333923487031,0.13890299401428888,0.42855163780606725,0.4505003307572551,-7.767648536289941,0.004418203342408855,0.007479460192983067,0.6342082314757403,0.6342523340093946
13.650035381317139,-7.850537409799989,-0.04431875533131517,0.14979069530763106,0.40805694121271885,0.43468117013809543,-7.767729404148477,0.010637013154543993,-0.023028352524771478,0.6089314209197809,0.6093667043770841
13.660078763961792,-7.8489594946737835,-0.040327346997196686,0.1651672594292027,0.386623761061871,0.42042616022909457,-7.768097996461293,0.01661742598576145,-0.04977661029040184,0.5820268992062321,0.5841515405540108
13.670034170150757,-7.847221085493413,-0.03658762834616988,0.18480325172998804,0.36453477949849494,0.4087026392305213,-7.768709072064858,0.02227366242873711,-0.0721968890769359,0.5537066513062953,0.5583936304196339
13.680030107498169,-7.845256923983886,-0.033058109161648516,0.20892130796344005,0.341510206194818,0.4003465172277407,-7.769524794328186,0.027658660723657812,-0.09024527113504445,0.5235232254765331,0.531244554396175
13.690023422241211,-7.8430345719822165,-0.029762306842681996,0.23585908493426047,0.3182056781849596,0.39608630571527814,-7.7704968222561375,0.03273282417797975,-0.10338221270152492,0.4914391591844136,0.5021955088239507
13.700035095214844,-7.840539209749826,-0.026690074074810475,0.26257781527728086,0.2956702975748219,0.39543398177669753,-7.771574710034624,0.03748201451177043,-0.11106018695131466,0.45728030316400153,0.4705737357603186
13.710032224655151,-7.837782281925578,-0.02384321128869049,0.2889092408053421,0.27400681133816684,0.39818121764145137,-7.77269811074906,0.04187434286531487,-0.11261330870657023,0.42111632940116883,0.43591366138967824
13.720057249069214,-7.8347550207494,-0.021201624885128306,0.3149646807468703,0.25312476145863894,0.4040728832543342,-7.773807183063528,0.04590726825587701,-0.10742541206541918,0.38294445133309274,0.39772688111847376
13.73003625869751,-7.831484073998041,-0.01877594938191967,0.34055184239093594,0.2331767291881236,0.4127310799912364,-7.774823595299158,0.04953183378928998,-0.09509687303670769,0.3433552099624524,0.35628109053066437
13.740031242370605,-7.827953612768548,-0.016541701944345368,0.36583246953341286,0.21403405359727753,0.4238442778476521,-7.775681411593367,0.05275906326190653,-0.07539531574906738,0.3025123726110637,0.31176624130857494
13.750033378601074,-7.824169450284359,-0.014493213877432545,0.3907823160894488,0.19571709723468866,0.43705377325702893,-7.776306375592605,0.05557691736843783,-0.048390008057640245,0.26091978676886673,0.2653690411621698
13.76003122329712,-7.820139232184749,-0.012624486859274173,0.4153730931110239,0.17824687767163094,0.45200304852987955,-7.776626219035558,0.05797680419833061,-0.014490249450595991,0.21917243557455193,0.21965091359887765
13.770033836364746,-7.815862848446432,-0.010925477673171997,0.43962662560227006,0.161607929617811,0.46838946706111345,-7.776575140666412,0.05996240507948415,0.02568577515035687,0.1777831298708232,0.17962906310433366
13.780014753341675,-7.811355609120717,-0.009391846679771592,0.46348018160645454,0.14584176955545178,0.48588445178768336,-7.776095971251872,0.06153421586005429,0.07110624002050811,0.137429605871252,0.15473523819667506
13.790030241012573,-7.806595279337268,-0.00800690627948256,0.4870667919564241,0.13086163924293384,0.5043399929135803,-7.7751373517712565,0.06271350249251786,0.12101619907080194,0.09834247258661696,0.15593640483220547
13.800036191940308,-7.80160527507436,-0.006768880691248253,0.5102820309016197,0.11673617409781879,0.5234645025253172,-7.773663405458816,0.06350935485122615,0.1741249163768544,0.06108993091812118,0.18453039360177867
13.810031175613403,-7.796390550954548,-0.005669120672354986,0.5331234521480516,0.10346494863675676,0.5430705394575023,-7.771647632317352,0.06394263397899065,0.22936406084546965,0.025952126485473088,0.23082760943319217
13.820028066635132,-7.790948244978228,-0.004697649822619672,0.5556201232880001,0.0910298608251577,0.5630276698035542,-7.769074705845114,0.06403601618413472,0.2856944703693711,-0.006848788422750267,0.2857765496021237
13.830051898956299,-7.785269359470396,-0.0038441994582318288,0.5772079170281201,0.07939198866211238,0.5826423150987802,-7.765926185311107,0.0638128961750844,0.34236935087206927,-0.03726671336794762,0.34439160898867854
13.840029239654541,-7.779409352311494,-0.0031064635648282704,0.5971890801070698,0.06862402646885585,0.6011190018689532,-7.762231624037502,0.0633008280131767,0.3979757955765039,-0.06490474653640553,0.4032336295346735
13.850032329559326,-7.773341784749103,-0.0024706070359077023,0.6157121590917924,0.0586459089186636,0.6184988322433381,-7.757978638163076,0.06252443640915649,0.45203467666816566,-0.0898697178631222,0.46088167147250525
13.860031366348267,-7.767098881925605,-0.0019306552454941377,0.6327180186095952,0.04948950574534964,0.6346505355328798,-7.753197289827318,0.06151237897872711,0.5036507840522224,-0.11205567888860676,0.5159656843701962
13.87006139755249,-7.760673465141473,-0.0014769010544651126,0.648259465620488,0.04112640382743774,0.6495627112591502,-7.747897200304295,0.060288093925089166,0.5523885043449347,-0.131571800002899,0.5678417017870709
13.880095958709717,-7.754096870378364,-0.0011027549195404482,0.6622874617931768,0.033583019428632135,0.663138372620973,-7.742125242724215,0.05888130405073744,0.5976229937876536,-0.14844951574858756,0.6157844602047927
13.890033960342407,-7.747452236024139,-0.0008027651536599928,0.6746818429446357,0.02692388869819249,0.6752188422887818,-7.735981566599419,0.05733378950539351,0.638611548021651,-0.1627008209505507,0.6590115829062435
13.900034189224243,-7.740649221081876,-0.0005636310450679693,0.6856482166613442,0.021038511149777603,0.6859709148078226,-7.729403136939194,0.0556439318368564,0.6758833327857892,-0.17477553720817757,0.6981151537848415
13.910032272338867,-7.733745550944773,-0.000379295364109706,0.6951025413985339,0.015972056712877034,0.6952860200337267,-7.722477761278889,0.05384526576289395,0.7089861720475998,-0.18475418898555307,0.732663294087003
13.920034170150757,-7.726752129582987,-0.0002414809345391844,0.7030501135708928,0.01172168949499086,0.7031478224361235,-7.715234836549672,0.051954448470149926,0.7379483511765118,-0.19286411049261254,0.7627347731159496
13.930033206939697,-7.719688879181234,-0.00014211124911515168,0.7094852186963969,0.008290467106548313,0.7095336548702387,-7.707755747618202,0.04999961238862547,0.7626733445790416,-0.19927599405972066,0.7882775858413528
13.940028667449951,-7.712571465246201,-7.29829738224516e-05,0.7144089039711339,0.005677818513882955,0.7144314660597708,-7.699997595927771,0.04797457543237702,0.7835387543135701,-0.20425879019779142,0.8097250353572666
13.950032234191895,-7.705406357315434,-2.585257732668109e-05,0.7178260509758503,0.0038811651015402933,0.7178365433036475,-7.692072465243069,0.04591209080598999,0.8004722092251192,-0.2079371488314935,0.8270390653445058
13.960026502609253,-7.6982214188282585,7.352414951194773e-06,0.7197726511714303,0.0028807670615289727,0.7197784160373332,-7.684003405510382,0.043820359788878424,0.8137371635179323,-0.2104908019095776,0.8405204036659356
13.970025062561035,-7.69101749299956,3.250520940300089e-05,0.7211921955455045,0.0021623314891078367,0.7211954371688813,-7.6758148500289325,0.04170703371043274,0.8235989755811424,-0.21206592524604895,0.8504629499447757
13.98002552986145,-7.683798781754436,5.083224306018857e-05,0.722471830740594,0.0015147709508294472,0.7224734187115115,-7.667547528978414,0.03958336177418794,0.8303224351772931,-0.2127793282615429,0.8571524887055882
13.99002742767334,-7.67656676903972,6.304005141336748e-05,0.7236114683747814,0.0009381302107336128,0.723612076496654,-7.659219172714321,0.037454337630755494,0.8342195815455279,-0.2127308305484679,0.8609162075950462
14.000029802322388,-7.669323869024449,6.983562651321313e-05,0.7246109079335418,0.0004325107503713009,0.7246110370135284,-7.650892975614715,0.03533645423384291,0.8356111992111521,-0.21200747313866014,0.862086564628947
14.010028600692749,-7.662074273701925,7.192911575943913e-05,0.7254698349725304,-1.928399074696465e-06,0.7254698349750933,-7.642506825682784,0.03321442166419052,0.8348618621477363,-0.21067544168726268,0.8610333736847307
14.020035982131958,-7.654810483085134,7.003047971009606e-05,0.7261891962312158,-0.0003656660074051032,0.7261892882951169,-7.63416508040987,0.031115449996024145,0.8323363028361462,-0.20881166363275938,0.8581293794574485
14.030026197433472,-7.647552654162412,6.48588654574944e-05,0.7267673128831086,-0.0006578533601020572,0.7267676106200507,-7.625869649804096,0.029040973307748765,0.8284204016815043,-0.20647855481780383,0.8537644613836967
14.040050506591797,-7.640265043832777,5.709233036488836e-05,0.72720678868705,-0.0008798060165663766,0.7272073209004146,-7.61759113986226,0.026985081797087737,0.8234591768289169,-0.20371873394853435,0.8482843500061469
14.050029516220093,-7.633006660170679,4.75051227906889e-05,0.727504387307228,-0.0010298898642688056,0.7275051162874374,-7.6093987873762865,0.024966784603639425,0.817830935963405,-0.20060048299986394,0.8420736271838453
14.060024738311768,-7.625734082626201,3.6754847455940533e-05,0.7276625541384971,-0.0011093395288644828,0.7276633997457558,-7.601254735342092,0.022978843665842737,0.8118186064207932,-0.19715113721553612,0.8354148793482061
14.070029735565186,-7.618453668098209,2.5554287508372995e-05,0.7276806361872498,-0.0011178246783534052,0.72768149475845,-7.59316368833506,0.021024977216933145,0.8056888156391666,-0.1934057444752271,0.82857724422172
14.080040454864502,-7.611169509574262,1.4618195842953462e-05,0.7275583024294129,-0.0010551778725771054,0.7275590675912931,-7.585133047444734,0.01910979049672047,0.7996659220565838,-0.1893969436505192,0.8217887740549663
14.090050220489502,-7.6038880235527895,4.666363799658295e-06,0.7272955352091397,-0.0009213906319236535,0.7272961188510809,-7.577152720172419,0.017233888673275768,0.7939127640500241,-0.18514540259245835,0.8152154911571987
14.10003399848938,-7.596628770908013,-3.586546167246116e-06,0.7269126360246564,-0.0007267805020996872,0.7269129993487617,-7.5692528280170075,0.015407358950635632,0.7885704832676967,-0.18069072586000523,0.8090071356254309
14.110065460205078,-7.589338672036518,-9.911875287695614e-06,0.7265398276054525,-0.0005375316377563862,0.7265400264522405,-7.561367046020125,0.01361796613628283,0.7836667218573605,-0.17601648264488484,0.8031907202584818
14.120036125183105,-7.582096323251797,-1.4413101795480949e-05,0.7262064317679384,-0.0003685434594071984,0.7262065252842355,-7.553576902684877,0.011887185245045211,0.7792805976738193,-0.17119156019703646,0.7978626449418224
14.130062818527222,-7.574816434024507,-1.73366343394395e-05,0.7259085125843888,-0.00021782076067506238,0.7259085452647348,-7.545783087240165,0.010195619301672234,0.7753454058726393,-0.16617638141799596,0.7929533959502204
14.140082120895386,-7.567544586959979,-1.8844901932337895e-05,0.7256482227839611,-8.645497721810412e-05,0.7256482279341584,-7.538034404058883,0.008556734529883953,0.7718504275746749,-0.1610234085140843,0.7884678944869614
14.150030374526978,-7.560326791227951,-1.913515529850974e-05,0.7254267856009009,2.4940814996245257e-05,0.7254267860296446,-7.530369622729931,0.006980457542842321,0.7687478878441762,-0.15578467272784458,0.7843737497658905
14.160026550292969,-7.553076287523735,-1.8405940264967873e-05,0.725241420963064,0.00011776663600279883,0.725241430524694,-7.522701083264399,0.005450253081112161,0.7659250630614268,-0.15042782721661963,0.7805573223196127
14.170039892196655,-7.545814994307349,-1.6841259539923336e-05,0.7250930613418112,0.00019155055967680023,0.7250930866431264,-7.515043075026049,0.003970784897956715,0.7633077375976677,-0.14498995536238332,0.7769561052160255
14.180041313171387,-7.538563671871163,-1.463691868355229e-05,0.7249821676627068,0.0002460628536736525,0.7249822094202347,-7.507420433639533,0.002547834367552588,0.760821582591385,-0.139517934122623,0.7735080700798824
14.190046072006226,-7.5313107937017465,-1.1982292301372092e-05,0.7249085216100719,0.0002814119293200738,0.7249085762325992,-7.49982609402405,0.0011803691169740252,0.7583852977700087,-0.13403678283779408,0.7701390257785998
14.200047969818115,-7.5240604041036825,-9.070773755618032e-06,0.7248721721996052,0.00029757411620471154,0.724872233279582,-7.492246916884281,-0.00013394636927193255,0.7559247726359323,-0.12856633833404393,0.7667799979376808
14.21002984046936,-7.5168248602084615,-6.099454971629429e-06,0.7248730552713888,0.00029458687835467063,0.7248731151311288,-7.484713973450534,-0.0013902029683450765,0.753392482558899,-0.12315683548107943,0.7633923230567455
14.220035791397095,-7.509571759157398,-3.2467419016622426e-06,0.7249111954942493,0.0002724263118138147,0.7249112466840317,-7.477189439005356,-0.002595563684155625,0.7507324544274482,-0.11780671150180316,0.7599194953450856
14.230053186416626,-7.502309691630012,-7.090881538442308e-07,0.7249867443486383,0.00023101762463298227,0.7249867811556158,-7.469685674558145,-0.0037488563477529376,0.747920395964184,-0.11254794733310737,0.756341165842583
14.240025758743286,-7.495079135592917,1.3227329346583075e-06,0.7250884708016262,0.00017640739083367755,0.725088492260778,-7.4622389462729934,-0.00484597070726828,0.7449581987427382,-0.10742536909821716,0.7526638876682693
14.25006628036499,-7.487798448963367,2.835338127013054e-06,0.7251843424802321,0.0001258470298968548,0.725184353399852,-7.45477709080117,-0.005898974644022323,0.7418198788397959,-0.10240574940266063,0.7488549059414714
14.26006269454956,-7.480548654973528,3.865398408996552e-06,0.7252709215568288,8.117894002328698e-05,0.7252709260999727,-7.447377224156407,-0.006898359770469166,0.738553836477664,-0.09755433274033537,0.7449688699618852
14.270069360733032,-7.4732907884360555,4.4776377741035194e-06,0.7253487195520917,4.21336635898233e-05,0.7253487207758105,-7.440000799094811,-0.00785127477910491,0.7351721530504103,-0.09285417967813632,0.741012815884095
14.280091524124146,-7.4660207972888974,4.727675424178381e-06,0.7254177466360029,8.710787908416696e-06,0.7254177466883023,-7.432651082573368,-0.00875887649494887,0.7317131758452678,-0.08831337036739494,0.7370233531518635
14.29006290435791,-7.458787102435396,4.672209611758609e-06,0.7254775907487481,-1.8897419842261257e-05,0.7254775909948704,-7.42537102701165,-0.009617753829637648,0.7282403461960727,-0.08395981629104772,0.7330642895267796
14.300067663192749,-7.451528654042816,4.368160061160954e-06,0.7255287810464628,-4.0939228709802286e-05,0.7255287822014965,-7.418106379988646,-0.010436168535933515,0.724773782381493,-0.07975925664688809,0.7291492128833713
14.310065507888794,-7.444274684089622,3.87233384736595e-06,0.7255710767374479,-5.730360824645612e-05,0.7255710790002886,-7.410875254255414,-0.011213481196582447,0.7213681936884596,-0.07571904991157825,0.7253312659639477
14.320063352584839,-7.4370203790795255,3.241198987477853e-06,0.7256045155470866,-6.800745982749675e-05,0.7256045187340945,-7.403679259134185,-0.011951009136722014,0.7180683632448499,-0.07183403421673545,0.7216524806061355
14.330087900161743,-7.429746451816385,2.5293985239690774e-06,0.7256291514300762,-7.305677632587641e-05,0.7256291551077761,-7.396496620960868,-0.01265225447452114,0.7149045546531376,-0.06808500816448307,0.718139325340535
14.340063571929932,-7.422507657496228,1.7990307617303268e-06,0.725644828548066,-7.243234184683358e-05,0.7256448321630881,-7.389379089003834,-0.013313469222920824,0.711933300680478,-0.06448967676766809,0.7148481957922243
14.350064039230347,-7.4152508663542145,1.1013706729246687e-06,0.7256516941213571,-6.61499940302046e-05,0.7256516971364549,-7.382273009359918,-0.013940941616631697,0.7091581688421538,-0.06101037995949443,0.7117777566757467
14.360060930252075,-7.40799658337889,4.950437729692226e-07,0.7256497007411937,-5.420945368351648e-05,0.7256497027660446,-7.375199170618702,-0.014533733775749375,0.7066067935944428,-0.05764736768396995,0.7089544271352781
14.370028972625732,-7.400763301451123,3.743098833111356e-08,0.7256388964014607,-3.666845641545867e-05,0.7256388973279378,-7.368169126125957,-0.015091917102639433,0.7042930380834541,-0.054395385811098165,0.7063905021235491
14.380067110061646,-7.393479379394165,-2.292893380957217e-07,0.7256219641218042,-1.701149474359614e-05,0.7256219643212132,-7.361107211242575,-0.015622128000124873,0.7021961151070706,-0.05121005978932144,0.7040609734213992
14.390051364898682,-7.386234550233649,-3.1577889126690256e-07,0.7256032697803845,-8.923624387803982e-07,0.7256032697809333,-7.354105359105088,-0.016117971812674305,0.7003399671515307,-0.04812417196230143,0.7019914568688598
14.400033235549927,-7.378991859866493,-2.5870163644523584e-07,0.7255827722885844,1.175002411751071e-05,0.7255827723837238,-7.347125996496903,-0.01658303881641863,0.6987007185346663,-0.04511225041413625,0.7001555607279619
14.410029888153076,-7.371738644103094,-9.244960474059164e-08,0.7255604324577879,2.0931474138325366e-05,0.7255604327597108,-7.340146567987884,-0.017019325801706512,0.6972562506371883,-0.042157815799988986,0.698529570229962
14.420028448104858,-7.364484212553879,1.4823312515467754e-07,0.725536274335722,2.663145371314347e-05,0.7255362748244876,-7.333182184971056,-0.01742627780585929,0.6959888498131848,-0.03926206318555105,0.6970953942394584
14.430025339126587,-7.357231187357463,4.2844569203028253e-07,0.725510306484336,2.884770623010252e-05,0.7255103070578566,-7.326228835028578,-0.01780459554486323,0.6948732165249039,-0.03641945301370165,0.6958269638361847
14.440026044845581,-7.349975674716804,7.135114101372594e-07,0.7254825142971437,2.758027412533288e-05,0.7254825148213959,-7.319285567963499,-0.018154766393898798,0.6938831325945906,-0.03362733189814503,0.6946974875079586
14.450030326843262,-7.342717964417528,9.685527745682254e-07,0.7254528968471368,2.2825428578447836e-05,0.725452897206223,-7.312348909644485,-0.018477391455433256,0.6929918155949772,-0.030883591893259666,0.6936796470488754
14.460026025772095,-7.335466556559947,1.1584600520303426e-06,0.7254214900665089,1.4591257614807123e-05,0.7254214902132545,-7.305425645475763,-0.01877261590410767,0.6921747530161731,-0.028191602529206192,0.6927486233592709
14.4700288772583,-7.328210600721192,1.248676601029191e-06,0.7253882473048407,2.8662310573841084e-06,0.7253882473105034,-7.298506204824972,-0.01904133946629621,0.6914075178276394,-0.02554953023826532,0.6918794217231594
14.480041027069092,-7.3209480506502,1.2040569082932036e-06,0.7253531546685328,-1.2361499354289109e-05,0.7253531547738654,-7.291597792327805,-0.019283786550480086,0.6906708798044248,-0.022963371404211834,0.6910525165543252
14.490029573440552,-7.313702989383357,9.902206354497256e-07,0.7253163322680733,-3.103412775814189e-05,0.7253163329320023,-7.2846920125438555,-0.019500809451074526,0.6899473359624335,-0.0204339505130589,0.6902498625390876
14.500030755996704,-7.306449202001321,5.718400770216356e-07,0.7252776497908305,-5.321347932058199e-05,0.7252776517429618,-7.277794330743085,-0.01969281639900358,0.6892247070632948,-0.017967952484580905,0.6894588777751525
14.510026216506958,-7.299199850094196,-8.532251336982193e-08,0.7252372845719429,-7.879143756316086e-05,0.7252372888519839,-7.270909023944443,-0.019860373752641748,0.6884947311134371,-0.015571864298311026,0.6886708050503441
14.520026922225952,-7.2919471144611725,-9.900428940446005e-07,0.7252059214851776,-0.00010075984174511781,0.725205928484945,-7.264028917747584,-0.020004386665423958,0.6877519828145737,-0.013248305603592542,0.687879573375125
14.530035018920898,-7.2846892382083075,-2.073923579108631e-06,0.7251906740659984,-0.00011445833136030105,0.7251906830985949,-7.257149095593147,-0.020125676352125612,0.6869950828560422,-0.01100081959177388,0.6870831550111464
14.540024757385254,-7.277444822250303,-3.2512077000827236e-06,0.7251915550102639,-0.00011986521344017095,0.725191564916384,-7.250289661106793,-0.02022471109936724,0.6862290040625246,-0.008840589452160808,0.6862859477204135
14.550029039382935,-7.270189753760469,-4.442958272034279e-06,0.7252085578101914,-0.00011700320097493978,0.7252085672486824,-7.243428344696787,-0.020302696942269938,0.6854572493368273,-0.006764443667873586,0.6854906260238322
14.56002688407898,-7.262939073120325,-5.563967819613889e-06,0.7252416665876024,-0.00010586815158338447,0.725241674314727,-7.236579330630997,-0.020360326668477126,0.6846900908230913,-0.004779816607455655,0.6847067745525335
14.570060968399048,-7.255661759477133,-6.535422837780347e-06,0.725291094280124,-8.637569277871044e-05,0.7252910994234109,-7.229743906911846,-0.020398544728724276,0.6839385193302404,-0.0028887574146054013,0.683944619938663
14.580035209655762,-7.248427087376322,-7.265993656374447e-06,0.7253563126297783,-5.874089641686657e-05,0.7253563150082596,-7.222896552866881,-0.020418377204583005,0.6832123347309187,-0.0010850934663337373,0.6832131964155139
14.590030670166016,-7.241176570290192,-7.680336830358358e-06,0.7254377537582472,-2.2789065492925924e-05,0.7254377541161975,-7.216107708072439,-0.020420623757855232,0.6825319989876395,0.0006136386704715864,0.6825322748372278
14.60003399848938,-7.233919163601966,-7.693834899866696e-06,0.7255353855192425,2.1470668912341122e-05,0.7255353858369317,-7.209246900046145,-0.020406211099572906,0.6818977307885119,0.0022417813264379188,0.681901415776531
14.610061168670654,-7.2266435263580036,-7.221404038303505e-06,0.7256494355065399,7.41461259561426e-05,0.725649439294628,-7.202414403465676,-0.02037598096892129,0.6813323767831121,0.003777193331659996,0.6813428467683428
14.620105981826782,-7.219353942792744,-6.17669946602115e-06,0.7257799337549946,0.00013525632650378955,0.725779946358177,-7.195615382278826,-0.02033098211302678,0.6808470565957319,0.005223750997081093,0.6808670957312823
14.630072355270386,-7.212119819810368,-4.492234422909514e-06,0.7259254878938051,0.00020414260211857604,0.7259255165979915,-7.188808779274746,-0.020271821610579232,0.6804482552818287,0.006595593609953263,0.6804802201174935
14.640054941177368,-7.204872463320985,-2.075724043758327e-06,0.7260873267577983,0.0002813804840262014,0.726087381279459,-7.181995132775684,-0.020199186656008995,0.680144220781865,0.007897957558853443,0.6801900754910878
14.65003490447998,-7.1976253076129,1.1498131135969452e-06,0.7262609678690661,0.0003648160025917121,0.7262610594963966,-7.175209771967505,-0.02011417494653562,0.6799414810158618,0.009130432586305151,0.6800027811746483
14.660062551498413,-7.190341847651237,5.147327896828137e-06,0.7263904032840875,0.00042751119602301455,0.7263905290882048,-7.168392227978536,-0.02001666385085477,0.6798407035934823,0.01031047372744192,0.6799188834934394
14.670082330703735,-7.183063263080217,9.620493491253635e-06,0.7264568025202681,0.0004604088888158338,0.7264569484176724,-7.161580591944459,-0.019907675708156585,0.6798432154085408,0.011437444512524587,0.6799394183851976
14.680064678192139,-7.1758113134591,1.4257094591875032e-05,0.7264603981911637,0.000463614646052603,0.7264605461266318,-7.154791575178845,-0.019788048920045636,0.6799455073161252,0.012514719255100054,0.6800606672330175
14.690061569213867,-7.168549314534161,1.8784595172689194e-05,0.7264014243265889,0.0004372468392685922,0.7264015559237849,-7.147994560840753,-0.019657744957556737,0.6801412550527765,0.013552203159223116,0.6802762593500046
14.700034141540527,-7.161305685184495,2.2891383876658252e-05,0.7262801989580144,0.00038145002414846874,0.7262802991287964,-7.141209759609181,-0.019517567222420592,0.6804201914409914,0.014550319513349385,0.6805757479653062
14.710192918777466,-7.153928568384427,2.6349745219123818e-05,0.7260926414928405,0.0002943270460539701,0.7260927011466652,-7.1342985501192615,-0.019364839943621433,0.6807765596994376,0.015530687359045095,0.6809536889437096
14.720033168792725,-7.14678463758224,2.8710939278432486e-05,0.7258493012576457,0.00018078835791949033,0.7258493237722571,-7.127596737316537,-0.019207427001775364,0.681177112579261,0.016446216992472056,0.6813756208987688
14.730034351348877,-7.139526927101587,2.9819731652811823e-05,0.7255398220638883,3.60109674669245e-05,0.7255398229575607,-7.120780250663428,-0.019038398112358555,0.6816218713546071,0.017340990566183455,0.6818424198176386
14.74008297920227,-7.132237946186491,2.9325832399313182e-05,0.7251657405573844,-0.00013929578055553197,0.7251657539359221,-7.113928254523374,-0.018859793903408105,0.6820881922056083,0.01820042655067953,0.6823309735553132
14.750037431716919,-7.125021423482038,2.6952447468871285e-05,0.7247327868642832,-0.00034244479003558276,0.7247328677688799,-7.107135181317257,-0.018674524541486937,0.6825503337479114,0.01900856105971301,0.6828149701734328
14.760035037994385,-7.117778378181476,2.2386003261327757e-05,0.72423546972068,-0.0005760109780600304,0.724235698781951,-7.100308900392677,-0.018480622661329285,0.6829955804927184,0.019771485867561642,0.6832816949296948
14.770037412643433,-7.110536947362089,1.5332257464189815e-05,0.7236752246502975,-0.000839321515778326,0.7236757113744149,-7.09347911373757,-0.01827938524994185,0.6834037310606744,0.020479462186321344,0.6837105147641739
14.780033349990845,-7.103306296470509,5.504152081242971e-06,0.7230527279420039,-0.0011320585111847137,0.723053614153782,-7.086647377178349,-0.018071429144047076,0.6837578281307117,0.021125913740444768,0.684084111613036
14.790033340454102,-7.096079341639177,-7.479445537644603e-06,0.7222520654989472,-0.001496167565286278,0.7222536151760536,-7.079809806564933,-0.01785726334909511,0.6840431876403591,0.021704712267668753,0.6843874466205571
14.800034284591675,-7.088863151568399,-2.541786418156503e-05,0.720687560257653,-0.002143206331905646,0.7206907470222643,-7.072973637440057,-0.017637801533708954,0.6842467854159668,0.022208946321782178,0.684607114079899
14.810027599334717,-7.0816725438900905,-5.1365345430459986e-05,0.7182796155037761,-0.003101848064489997,0.7182863130463141,-7.066122929885821,-0.01741327256859528,0.6843560704189872,0.0226330306724256,0.6847302280436702
14.820037603378296,-7.07449808832473,-8.852576440645732e-05,0.7150210851662592,-0.004374905001605362,0.715034469117474,-7.059290596440434,-0.017185571901032048,0.6843522416191947,0.022966477862795476,0.6847375042413253
14.830034732818604,-7.067369748946204,-0.00013991886182769777,0.710921230452591,-0.005958748346904004,0.7109462023177898,-7.052434068324193,-0.016954194190253114,0.6842056116748998,0.023199182506917784,0.6845988030346044
14.840034008026123,-7.060285035095118,-0.0002087241562948527,0.7059751573905855,-0.007855291704121446,0.7060188584311461,-7.045602815080546,-0.016721845527722493,0.6838724035649021,0.023312401125566293,0.6842696342845236
14.850034475326538,-7.053253315675873,-0.0002980653255394277,0.7001830796242041,-0.01006444744441334,0.7002554091861025,-7.03875625342174,-0.016488372586778124,0.6832890647683723,0.023284755842835365,0.6836856923226471
14.86002802848816,-7.046288325608645,-0.0004109779218902878,0.6935501036861357,-0.012584276362438602,0.6936642634117861,-7.031931137003922,-0.01625647316958082,0.6823788471666754,0.023088545809150658,0.6827693402666103
14.87006163597107,-7.039366453731441,-0.0005512478317798345,0.6860411203905212,-0.015428072301736298,0.6862145759757871,-7.0250892849076045,-0.016026577251334242,0.6810395495333118,0.022689738228321286,0.6814174141078331
14.880064964294434,-7.032544730104869,-0.0007210662330535769,0.6777074633432522,-0.018576382990803515,0.6779620106437871,-7.018308431972515,-0.015803318506933565,0.6791768031190124,0.022056749116189028,0.6795348630324541
14.890066862106323,-7.025811581344165,-0.0009239096546126822,0.6685291419266822,-0.022036793916367006,0.6688922438564664,-7.01150579003732,-0.015586333724756589,0.6766474896303395,0.021143136629694033,0.6769777377798936
14.900070428848267,-7.019173334873739,-0.0011629708627447079,0.6585032091452696,-0.025810415917452458,0.6590088421443605,-7.00475220908557,-0.01538067166390605,0.6733429669401771,0.019915135100110008,0.6736374126589586
14.91003155708313,-7.012667112606707,-0.0014400766982130176,0.6476790941760258,-0.02987868003858344,0.6483679083310072,-6.9980656746172025,-0.015189871182651637,0.6691463418378041,0.018337795320061523,0.6693975661235375
14.920068264007568,-7.006224899497008,-0.0017618372922766023,0.6359244806096304,-0.034291291098986605,0.6368483631790723,-6.991373510245949,-0.01501537847432807,0.6638734871815409,0.01635170939814525,0.6640748341736953
14.930062294006348,-6.9999312530254585,-0.0021280736101408873,0.6234453618662172,-0.03910318592553579,0.6246704558261305,-6.9847702265247085,-0.014863640636149485,0.6574561563644226,0.013941918037734978,0.6576039648755556
14.940064430236816,-6.993760455184537,-0.002546036627501293,0.6103520825891307,-0.04458428257305638,0.6119782863578112,-6.978232864656758,-0.01473819822586705,0.6497509373585558,0.01106564066309672,0.649845157711902
14.950037002563477,-6.987741318257418,-0.003020696467230707,0.5967030175947446,-0.0507220038953815,0.5988549180609919,-6.971802083262033,-0.014644271329540387,0.6406899957968051,0.007706403677024732,0.6407363415413109
14.960062265396118,-6.981830490044702,-0.0035629546882048353,0.5823831636128636,-0.05756947772383908,0.5852216622999554,-6.965427993684398,-0.014586092537154215,0.6300913544633164,0.003799072443319623,0.6301028074218098
14.970062017440796,-6.976080631690978,-0.004175612634756987,0.5675017660748601,-0.06507607102207566,0.5712207537526587,-6.959184877318351,-0.014569899926887175,0.6179736353114414,-0.0006579712049178742,0.6179739855901257
14.980064392089844,-6.970481250368885,-0.004866888859352806,0.5520195593274734,-0.0732602982617615,0.5568596458547702,-6.95306869450745,-0.014601255836130922,0.6042631439434586,-0.005713743634938507,0.604290157122188
14.990061044692993,-6.965042658730434,-0.005642955153323035,0.5359490292890947,-0.08211539156274075,0.5422031902593576,-6.947130196048412,-0.014685810722469465,0.589032250017575,-0.011376929834769046,0.5891421102698671
15.000067234039307,-6.959762835433677,-0.006511777848346767,0.5192659255529655,-0.09165491496906705,0.5272928265000054,-6.941294686152846,-0.01483166211431293,0.5720483579121317,-0.017783992790940006,0.5723247279207447
15.010031461715698,-6.954674000539731,-0.007475165471875121,0.5020587480458125,-0.10182663184520181,0.5122808306410332,-6.9356868295647,-0.015043548467038158,0.5536475867546188,-0.024871800079333914,0.5542059696163508
15.020062685012817,-6.9497271300848205,-0.008550800182293579,0.48413708170327,-0.11274431514027648,0.4970915353097543,-6.930228440928496,-0.015332302557168883,0.5335829418682768,-0.0328103792311743,0.5345907564091418
15.030062913894653,-6.944977441469702,-0.00973551952345633,0.46567262997961567,-0.12430505356515222,0.4819779503815163,-6.924998501944989,-0.01570349791203897,0.5121400861981487,-0.04157379540321419,0.5138247253249647
15.040061950683594,-6.940416029311544,-0.011039032140031721,0.4466138719559982,-0.13653963910548308,0.467019296893163,-6.919991992150768,-0.016166637794981287,0.4893363531576003,-0.05124557259621621,0.49201237304796896
15.050065994262695,-6.936045893804233,-0.012469049468586534,0.42694757403272876,-0.14945673754297026,0.45235113282650313,-6.915215458116901,-0.01673182398178631,0.4652278788212796,-0.06189849417374366,0.46932760712909716
15.060068845748901,-6.931876033565935,-0.014031457351451771,0.4066864607976454,-0.1630481610886215,0.4381536034662911,-6.910689292136477,-0.01740820839972777,0.4399450395422174,-0.07357278339649503,0.4460544723175756
15.070066928863525,-6.9279092240275535,-0.01573248513675386,0.3872144135867491,-0.17735419772394942,0.4258984779729035,-6.90642150998786,-0.018206680770479423,0.41356319320959123,-0.08632864285220275,0.4224773950809876
15.080068826675415,-6.924124241944443,-0.017581154375292955,0.37001731364730134,-0.1924372736971846,0.4170670410219087,-6.9024209042723035,-0.019138590181208018,0.38621447203615256,-0.1001933523433275,0.39899915571835265
15.09002947807312,-6.920514469386211,-0.019575964708427422,0.3551606974816535,-0.20822507497450649,0.4116998941993955,-6.898712275427309,-0.02021027629049109,0.3582153133202057,-0.11509910992914173,0.3762525957433035
15.10006594657898,-6.917015448061943,-0.02174887933908321,0.34248197231096456,-0.22490696812746708,0.4097280142610434,-6.895261060150905,-0.0214451085900982,0.3294867215408348,-0.13120779245297096,0.3546505103226407
15.11006236076355,-6.913645480872448,-0.024083384288164936,0.33213978640524594,-0.242294359527994,0.4111245484915772,-6.892111449645361,-0.02284158613161487,0.30061698813442483,-0.14835399989504808,0.33523049210934386
15.12006163597107,-6.910366533495561,-0.026596324689759317,0.32407674472195697,-0.26045798868213965,0.4157692873913681,-6.889254537620286,-0.02441252751808291,0.2718765783554249,-0.16657737752471516,0.31884933206965477
15.130024433135986,-6.907168427467033,-0.029284538366497026,0.31831322271921736,-0.2793222227340159,0.4234905097767426,-6.886683036616499,-0.02617055986357968,0.24361327998813062,-0.18591867652492472,0.3064525811073467
15.140030860900879,-6.904002712560638,-0.03217755713120177,0.31480526803931275,-0.29903971277794933,0.4341970826751626,-6.884383188726613,-0.028133028034520776,0.21617449411063522,-0.20647184490218995,0.29893483343582267
15.150062561035156,-6.900852715250495,-0.035279840517582504,0.3135829260719512,-0.3195823700355302,0.4477355723654011,-6.882348571248001,-0.03031053182588341,0.1900631227928135,-0.22826655600170762,0.29703469702147056
15.160059690475464,-6.897714346875885,-0.03858029883535892,0.3146503262702064,-0.3408263457561938,0.4638614295061273,-6.880573966681604,-0.032702529434352194,0.16589775393251266,-0.2512370323511511,0.30106828325890767
15.170064926147461,-6.894551336340696,-0.04209991798689716,0.3180029275720435,-0.3628592633440375,0.48248596553575307,-6.879022562757925,-0.03534281421264683,0.14394250418713406,-0.275646490677856,0.3109669312558499
15.180059909820557,-6.891346639494367,-0.04583992396906351,0.3236339030473777,-0.3856407245872203,0.5034457981370346,-6.87768141194944,-0.038226257055595105,0.12483735087284857,-0.3013770024407074,0.3262092300550321
15.19006061553955,-6.888072448077216,-0.04981372294986527,0.33155045763350693,-0.40920583254742116,0.5266641428347063,-6.876515665489616,-0.04137374127241604,0.10895390533795521,-0.3285453670280561,0.3461401619055382
15.200032234191895,-6.884717490984443,-0.05401457171047015,0.3417097451461742,-0.43344034655487707,0.5519384784099359,-6.875493270564336,-0.044791938334424276,0.09671662175755279,-0.35713071683395553,0.3699952078480591
15.210059881210327,-6.881231302005805,-0.058481963941245295,0.353922121648552,-0.45742455637416873,0.578358100977515,-6.874568210912243,-0.048524864432147666,0.08839567341149795,-0.3874037165802564,0.39736058523470574
15.220058917999268,-6.877623809898246,-0.0631714087690496,0.36795125077783775,-0.48039365838339165,0.6051166746702276,-6.873708125864372,-0.052555001174942,0.0844036486295311,-0.4190683708753809,0.42748365509118963
15.230037689208984,-6.873874620335954,-0.06807555423936468,0.38379493285843214,-0.5023731792013219,0.6322004125818425,-6.872871780365876,-0.056875590833033805,0.08492645543343383,-0.4518836223151864,0.4597948574627397
15.24006462097168,-6.869938762039552,-0.07321959660172718,0.4015699163250176,-0.5235103909320646,0.6597890019628433,-6.871994625164331,-0.061597160550595706,0.09014748004291574,-0.48644166584793996,0.4947242286678577
15.250036239624023,-6.865838648441793,-0.07854074358796562,0.42109062316282764,-0.5435879304007563,0.6876082831038585,-6.8710512519014895,-0.06661730679820818,0.10004893519138473,-0.5216968462721087,0.5312037168951231
15.260037899017334,-6.861521423432203,-0.08407431063362199,0.4425171214466647,-0.562781228586809,0.715921863071048,-6.86997903508712,-0.07202663744062793,0.1147299723274466,-0.5579823723396415,0.5696554172410117
15.270042181015015,-6.856979425587399,-0.08979663499447937,0.46579973413837505,-0.5810330480197219,0.744693759349754,-6.868739341088319,-0.07778854242209086,0.13402481466315289,-0.594705851443961,0.6096209483664248
15.280069828033447,-6.852183821365191,-0.09571074176156057,0.4909936912005809,-0.598377372932845,0.774035067188034,-6.867278324009209,-0.0839421696029782,0.15793707626627715,-0.6317599691083116,0.6512025634372722
15.290040254592896,-6.847155803267647,-0.10175894021271889,0.5178878710512664,-0.6146801012101979,0.8037658078108276,-6.865567305652721,-0.09042219360674711,0.1860639081885212,-0.6683927793145977,0.6938073834792182
15.300034999847412,-6.841837286157771,-0.10798019526099714,0.5466920532895856,-0.630078599002227,0.8341889726258626,-6.863548004556071,-0.09728891445896928,0.21832446293229327,-0.7044070631482194,0.7374651732304204
15.310061931610107,-6.836203093912913,-0.11437134619355029,0.5774449456790925,-0.644577240070351,0.8654030758594754,-6.861182293984208,-0.10452559848471099,0.2542867447735437,-0.7392211715099951,0.7817350503694553
15.320033073425293,-6.830285076595739,-0.12086658615021925,0.6098713046061353,-0.6580526248474566,0.8972046952901088,-6.858454777390191,-0.11206218649252882,0.29328700180578643,-0.772242886208893,0.826060736706732
15.330030918121338,-6.824017421373528,-0.12750934616294027,0.6442300955163887,-0.6706197983221694,0.9299265185329013,-6.855314561925084,-0.11994224123855557,0.33519028563919673,-0.8034448327949028,0.8705608117367307
15.340028047561646,-6.817398055881629,-0.13427216626260194,0.6801476855448452,-0.6820938073563794,0.9632511802151769,-6.851744527113458,-0.12812074688688813,0.3794089626856192,-0.8324405091141036,0.9148269575063502
15.350033044815063,-6.810416978851794,-0.14114425007689468,0.7150766401462626,-0.6911597815460034,0.9945031145801339,-6.8477184198302785,-0.13658627869928056,0.4254981501302612,-0.8590057960417047,0.9586133909963479
15.360063791275024,-6.803075479156144,-0.1481111899161977,0.7484541620429639,-0.6975041476832923,1.0230814575168643,-6.843216403898902,-0.14531937089154714,0.4729072118825851,-0.882884732830434,1.0015621211465753
15.370063781738281,-6.795431391983708,-0.15510643999545487,0.7800942120664038,-0.7010934234523098,1.0488464940626838,-6.838244946502255,-0.15426041579445937,0.5208763662517244,-0.9037741509541373,1.04312986001383
15.380070924758911,-6.7874732308004875,-0.16212898376261958,0.8101225886210053,-0.7019508755829389,1.0719298672607518,-6.832792203372447,-0.16339548534812812,0.5689926912111429,-0.9215823596149961,1.083082050541529
15.390063762664795,-6.779234755163995,-0.169136399132485,0.8384764523346623,-0.7000775731058242,1.0923146842762217,-6.826865532989764,-0.17268298057985426,0.6167762251384756,-0.9362010613152488,1.12110897735406
15.400065183639526,-6.7707138335194275,-0.17611729893376366,0.8652216704397762,-0.6954716899622058,1.1100853167831215,-6.8204629977557225,-0.18210204794137064,0.6640186039254576,-0.9476139846948402,1.1571054274993038
15.410062551498413,-6.761936992918384,-0.18303584364384443,0.8903244863204208,-0.6881369762606803,1.125260053960378,-6.81358882052467,-0.19162067394715762,0.7109476024767973,-0.955860047068444,1.1912661008562253
15.420060873031616,-6.752916538912663,-0.1898680119122484,0.9137974253225409,-0.6780711851533834,1.1378955429482174,-6.8062476561205845,-0.20120623329143264,0.757236478113829,-0.9608087395993604,1.223339902838433
15.430031538009644,-6.743695472653385,-0.19656745873587445,0.935579939580017,-0.6653140705083095,1.1480211826272562,-6.798469463675021,-0.21079844598949252,0.8024642892717193,-0.9623532830456334,1.2530254494403035
15.44002628326416,-6.734242313618379,-0.2031418092313691,0.9557860106339752,-0.649800887994183,1.1557543390191698,-6.790228005533229,-0.22040925044931575,0.8466574042445852,-0.9604442570576737,1.2803444579788854
15.450031518936157,-6.724584984581984,-0.20955419451711432,0.9743800084857667,-0.6315382685828459,1.1611446876342937,-6.781540838408956,-0.22999432829684624,0.8897184450085547,-0.955013504160199,1.3052393284439383
15.460028886795044,-6.714757692166276,-0.21576531239507996,0.9913266974939654,-0.6105590826044144,1.1642641515201935,-6.772434276511482,-0.2395013263335839,0.9316039321061925,-0.9459912700009716,1.327699276656341
15.470025777816772,-6.704769644156544,-0.22175275047688367,1.0066408019354758,-0.5868511431606969,1.1652124134038027,-6.762916926491413,-0.24889745779762,0.972338157352409,-0.9332700371443556,1.347751629372009
15.480026483535767,-6.694632695734342,-0.22749288053975697,1.0203437268875117,-0.5609737276218193,1.16438517857306,-6.752993648676455,-0.2581514113095858,1.0119330013406653,-0.9166846877737671,1.3654007528931629
15.490025758743286,-6.684367819942035,-0.23297283730804857,1.0324871393518495,-0.5351170629600298,1.1629187263080485,-6.742685794773336,-0.2672148522506082,1.0502559524647672,-0.8960624263881731,1.380567071051724
15.500032663345337,-6.673981463149338,-0.23819920938580233,1.0430860078030961,-0.5094716102498887,1.160857330306018,-6.731987239207094,-0.27606322985939313,1.0871639603425411,-0.8711979106520576,1.3931659184003136
15.510026931762695,-6.663510309985038,-0.2431638969657946,1.0521200609260806,-0.484089237682904,1.1581446423670554,-6.720943860357657,-0.28462907157486184,1.1222403547974429,-0.8420875345899866,1.40304484242227
15.520027875900269,-6.652949235968678,-0.24787925640576694,1.0596085474627976,-0.4589194917581767,1.1547196082910358,-6.70955385837567,-0.29288688569860677,1.1552732889576118,-0.8086672291283389,1.4101769604007304
15.530029773712158,-6.642320161323072,-0.2523443979442265,1.0655450524338304,-0.4339781140264,1.1505317302100475,-6.6978418821384835,-0.3007910839422253,1.1860039203322439,-0.7709872685595525,1.414576497515907
15.540027141571045,-6.631644341170909,-0.256559369480853,1.0699272601318244,-0.4092783540880662,1.145536168393748,-6.685842897425043,-0.3082931026815811,1.2141305694084303,-0.7292647248514905,1.41631214020242
15.550031423568726,-6.620925186069442,-0.2605311706586909,1.0727596173759986,-0.3847922895755658,1.1396834221789423,-6.673569620434577,-0.31536331117754657,1.2393804099740917,-0.6838259540107061,1.415514654112136
15.560026168823242,-6.610195388700848,-0.26425583209771053,1.0740381587185694,-0.3605590559765074,1.1329434227843176,-6.661070781896833,-0.32195638487158645,1.261484728388936,-0.6351596543547229,1.412363801036588
15.570026159286499,-6.599455256503631,-0.26774109750967123,1.0737656987431108,-0.3365441268954937,1.1252709563234675,-6.64836993811314,-0.3280476340164558,1.280279886008491,-0.5837380827181285,1.4070773737550297
15.580026626586914,-6.5887247062385805,-0.2709876326824127,1.0719410032028673,-0.31275754356466107,1.116635480093737,-6.635473988069919,-0.3336242004591158,1.2956406261209372,-0.5300870272203728,1.3998845982731527
15.590025663375854,-6.578022072390634,-0.2739969220161064,1.0685647705334933,-0.289205519372514,1.1070097114573219,-6.622455139970012,-0.3386508716764807,1.3074355697923696,-0.4750226769376352,1.3910551077377542
15.600069522857666,-6.567313205609168,-0.2767838025818569,1.0636111890232327,-0.2657795999849203,1.0963154460206967,-6.609282683065745,-0.3431400735008356,1.3157011979217372,-0.41897498625405866,1.3808003770709518
15.610065698623657,-6.556712257846347,-0.27932501892215467,1.0571264969724474,-0.24269538841017774,1.0846278081244298,-6.596105049658149,-0.34704850436691176,1.3204296886867561,-0.3631150574695944,1.3694477382238983
15.620033979415894,-6.546211890564904,-0.2816315716514812,1.049524315364783,-0.22028040089962808,1.0723920661597686,-6.5829292881258965,-0.3503930478412136,1.321804768229184,-0.30794053269187627,1.3572012441005068
15.630063533782959,-6.5357255942045605,-0.2837331911403381,1.0414733646168284,-0.1990198443873961,1.0603186632641532,-6.5696771484767496,-0.35320838201695115,1.3200112943816702,-0.2535694329768332,1.3441455555985613
15.640062808990479,-6.525353452940301,-0.2856226892387426,1.033060254183525,-0.17912766326312093,1.0484751825960572,-6.556499613139333,-0.35547966916297097,1.3152720939764717,-0.2010543409009271,1.3305500851859575
15.65006709098816,-6.515062116499035,-0.2873206131930251,1.0242565178671499,-0.1605281271153334,1.0367597088952174,-6.543380271505612,-0.3572364128452169,1.3078407409522232,-0.15062474404966192,1.316485935061399
15.660030364990234,-6.504902375275854,-0.28883311089713376,1.0151047916427849,-0.14329993886224893,1.025169552071298,-6.530392995927813,-0.35849684404121496,1.2980309863853547,-0.10282660320208609,1.3020974433361798
15.670060873031616,-6.494768233394607,-0.29018894249356775,1.0055042770599973,-0.1272613026894739,1.0135256732555766,-6.517430640227733,-0.35929891727361374,1.2860334312649935,-0.0575154382724371,1.2873189239543101
15.680064916610718,-6.484758762481496,-0.29138748159299077,0.9955422736661974,-0.11256991092264806,1.0018864224559563,-6.504635888225071,-0.3596607903273576,1.2722340290534684,-0.015362290352244474,1.2723267758899395
15.690062999725342,-6.474856574744568,-0.2924449941892754,0.9851999752658607,-0.09918894649887135,0.9901805079738787,-6.4920278338181605,-0.3596172695571828,1.2569249275455872,0.02350533642877583,1.257144691086157
15.700035572052002,-6.465084620104468,-0.29337300249833875,0.9744996503567553,-0.08713876157861047,0.9783878230614342,-6.479547669915213,-0.3592010387441013,1.240270893695681,0.05923226133561349,1.2416844810706196
15.710035800933838,-6.455394727073211,-0.2941894018402531,0.963384181396758,-0.0763555589177681,0.9664053250800858,-6.46722648346829,-0.35844321685724484,1.2225101744317388,0.09171088962350266,1.2259453551707167
15.720032930374146,-6.445820761391279,-0.29490427847453743,0.9518861097667708,-0.06687708456736366,0.9542325242870037,-6.4550968609821755,-0.35737780083312765,1.2038684991205426,0.12087355445006318,1.2099213938682711
15.73003339767456,-6.436360439084281,-0.295531103827057,0.939998020610793,-0.05869733688792075,0.9418288889760936,-6.443153919483201,-0.3560367666643666,1.1844899308426262,0.14677978408527464,1.193549622463888
15.740029573440552,-6.427025206037867,-0.2960823996153577,0.9277295422705973,-0.051822667351143895,0.9291758135320782,-6.431413191113841,-0.35445352520021256,1.1645197947010573,0.16946332158073224,1.176785524049207
15.750034809112549,-6.417805956025203,-0.2965719120073896,0.9150648408983415,-0.04624293795199559,0.9162325427306864,-6.419865324328154,-0.35265777254528585,1.1440318460004948,0.18902916355354024,1.1595433969183953
15.760029554367065,-6.408722911063674,-0.2970096933585676,0.9026472963621778,-0.041407282781721066,0.9035965386705034,-6.40853393210989,-0.3506832409130224,1.1231285413500043,0.20554214792928446,1.1417816319114493
15.770035743713379,-6.399749985142599,-0.2974009707833648,0.8909530784798981,-0.036846698949837914,0.8917146781769982,-6.397406738931962,-0.34855704530992865,1.101828750545575,0.21914109566728973,1.1234097272763321
15.780032396316528,-6.390898794407751,-0.29774770783532567,0.8800071064695235,-0.0325709024917701,0.8806096587739608,-6.386495420372767,-0.3463091435596389,1.080187204459615,0.22994764743765891,1.1043913786517858
15.790026664733887,-6.382155273214307,-0.29805303901480457,0.8698000375504232,-0.028576257098020044,0.8702693306054453,-6.375806728632632,-0.3439674900655987,1.058255286305478,0.23812298400075585,1.0847150807944514
15.800068855285645,-6.373468915610125,-0.29832103554116685,0.8602857854808882,-0.024844671375442988,0.8606444622468807,-6.365292995750682,-0.3415458235581003,1.0359844908133682,0.24388822742873936,1.0643050937979046
15.810062170028687,-6.364916105826834,-0.29855192974395905,0.8515559969590216,-0.021412091589929877,0.8518251543733191,-6.355052419802687,-0.33908942883451765,1.0136556307952491,0.24740968913769368,1.04341233082714
15.82006049156189,-6.356442604748329,-0.29875001296283765,0.8435585848083387,-0.01825809891613765,0.8437561520841662,-6.345026834360467,-0.33660574662392084,0.9912488668051107,0.24896777320607077,1.0220368232297725
15.830064058303833,-6.348040849628134,-0.29891804671737277,0.836294403654235,-0.015383014313398795,0.8364358712494095,-6.335224620714574,-0.33411511677433486,0.9689114268398289,0.24881844482513213,1.0003499245494
15.840063571929932,-6.339711593704061,-0.29905866871562137,0.8297705979327736,-0.012789663482883356,0.8298691587748747,-6.325645272911913,-0.3316335164463144,0.9467972730710951,0.24722945966006976,0.9785435514164261
15.8500337600708,-6.3314681352202555,-0.29917445241467716,0.8239998786423591,-0.010483162768057714,0.8240665608458119,-6.316315912317,-0.32918197044523206,0.9251466555960338,0.24447715631949743,0.9569040779109442
15.860062599182129,-6.323230375095699,-0.299269127245533,0.8189344102822466,-0.008444330264467939,0.8189779454038714,-6.307152781585362,-0.32675014333572683,0.9039590325397314,0.24079313057202759,0.9354802318813823
15.870065212249756,-6.3150610032051,-0.29934459455086027,0.8146207340174562,-0.0066918189945481266,0.8146482190078089,-6.298205563875696,-0.32436078485959075,0.8835549283119188,0.23643082836750404,0.9146413766864171
15.880036354064941,-6.3069567904011805,-0.29940377009467123,0.8110548391891685,-0.005224164616587349,0.8110716639533829,-6.289494877185405,-0.3220274817907743,0.8641886899583977,0.23162367479617998,0.8946907949554965
15.890063047409058,-6.298839460807682,-0.29944991338276483,0.8082169087573468,-0.004015082999686822,0.8082268818177083,-6.280921560732968,-0.31973018241119006,0.8458455269623725,0.22650741026671126,0.8756484810630267
15.900034189224243,-6.290790830114929,-0.29948401600814945,0.8063032803407444,-0.0028068921579926876,0.8063081659835969,-6.272574153496767,-0.317497882932959,0.828912521010132,0.2212926033172986,0.8579431121993578
15.910062313079834,-6.282710710629839,-0.2995056119877661,0.8053559670821456,-0.0014818156000219209,0.8053573303151158,-6.264339691208091,-0.31530473981061025,0.813340030691665,0.2160371501790541,0.8415426642678349
15.920062780380249,-6.2746575283037895,-0.2995133654916229,0.8053872008988969,-5.054704934803495e-05,0.8053872024850931,-6.256277874050779,-0.3131704165647538,0.7994087398491495,0.2108754932257164,0.8267543812949493
15.930071592330933,-6.2665922917331685,-0.2995062445604292,0.806394280029154,0.0014917876386240335,0.8063956598928943,-6.248337463584709,-0.31108457363677794,0.7871603283033433,0.20584472042657123,0.8136297876688884
15.940067768096924,-6.258522334496646,-0.29948317648553524,0.8083744647914699,0.003141854614614658,0.8083805703858269,-6.240523779371453,-0.3090516161463621,0.7767089522721496,0.20099402147055767,0.8022938322127421
15.950064420700073,-6.2504273971399,-0.29944306423006495,0.8113285483434769,0.004901608600645546,0.8113433546434009,-6.232806067066902,-0.30706636870065107,0.7680846165443862,0.19633043779013232,0.7927796787096664
15.960070371627808,-6.242290438834376,-0.2993847491946881,0.815260601692126,0.0067727866600150845,0.8152887337076046,-6.225157744412456,-0.3051248800103244,0.7613050223985591,0.19184874974849253,0.7851059036265937
15.970035552978516,-6.234142637498898,-0.29930751793040544,0.8201463778165894,0.008745513387627945,0.8201930047556397,-6.217595150482252,-0.30323410860967615,0.7563964304007578,0.18755654219087256,0.7793029041660277
15.980032205581665,-6.225915425196609,-0.29920974557843727,0.826019841418569,0.010833900045489822,0.8260908859243961,-6.210050331028594,-0.30137995150077257,0.7533022762847933,0.18340511117369312,0.775307522380949
15.990025997161865,-6.217626896144216,-0.2990905839942952,0.8328651505220965,0.013031298132609297,0.8329670903974631,-6.202528101016867,-0.2995667905763897,0.752004429674957,0.17938331878548508,0.7731035100872665
16.00003957748413,-6.209248498819014,-0.29894861162099867,0.8407001757113479,0.015342925660223597,0.8408401695975914,-6.195000655591823,-0.29779108628230483,0.7524548854704225,0.17546056114974246,0.7726414195390312
16.010032415390015,-6.200804309707857,-0.29878330788483504,0.8494931658568893,0.01775943965505068,0.8496787843264193,-6.187470684136352,-0.29605662679365014,0.7545967650595463,0.1716237709782384,0.7738675575336667
16.02003288269043,-6.192261099043998,-0.29859316019931686,0.8592667986229412,0.0202873890623619,0.8595062590642873,-6.179904892956792,-0.2943588129114072,0.7583733283797746,0.16784505778730172,0.7767252207965439
16.03003478050232,-6.183613911374964,-0.29837699100816184,0.8699851632126925,0.02302166929338861,0.8702897112268243,-6.172295957797898,-0.29269910405263183,0.7637243274587363,0.1641155150383245,0.7811585950551869
16.040029525756836,-6.174861850301878,-0.29812991788300175,0.8814366001238964,0.02657259432106056,0.8818370500307442,-6.1646278272091415,-0.2910768907706489,0.7705965025771494,0.16042898322269303,0.7871190687831173
16.05003046989441,-6.165986466465529,-0.29784253658664156,0.8936001292310864,0.03105320039392636,0.8941395261459588,-6.156880652321386,-0.28949071362157885,0.778948907338648,0.15678820475220437,0.7945715457990505
16.060025215148926,-6.1569915254337095,-0.2975059315774181,0.9064609164700426,0.036458001745685975,0.9071937935077586,-6.149047016340404,-0.2879414709531692,0.7887354544212104,0.15321838320060888,0.803479613936559
16.070035219192505,-6.147850304614086,-0.29711001489017697,0.9200478012956051,0.04279999516482207,0.921042776560886,-6.141097508958438,-0.2864253151928839,0.7999442110699396,0.1497570647891961,0.8138414583188691
16.080026626586914,-6.13858719196471,-0.29664690730368104,0.934313799093732,0.05005694091727511,0.9356537674326749,-6.133046613235729,-0.28494618114481374,0.8125082739115278,0.1464865683737736,0.8256076609919596
16.090030431747437,-6.129165954564796,-0.29610592683850145,0.9493033906285966,0.05825093874274216,0.951088901903161,-6.124845786195028,-0.28349531353360913,0.8264592045391338,0.14348926899677988,0.8388229772035862
16.100035667419434,-6.119589989912235,-0.2954782433432981,0.9650009296215138,0.0673745743529614,0.9673500542407741,-6.116501844881067,-0.28207309093920385,0.8417486326488892,0.140895818853782,0.8534590747872756
16.110033988952637,-6.109860293176197,-0.29475517090061526,0.9813928313384883,0.07741950918502792,0.984441806205438,-6.108003654313085,-0.28067508414010356,0.8583570299794466,0.13885073884830842,0.8695149904365408
16.120035886764526,-6.099959530517184,-0.2939267073949935,0.9984961937553223,0.08839597318567328,1.002401365232165,-6.0993308815581955,-0.27929381788191476,0.8762866056402666,0.13751424987792205,0.8870109267331647
16.130087852478027,-6.089833481157743,-0.29297881297368433,1.0163957268265553,0.10036215171034818,1.0213387464535029,-6.090428126790046,-0.27791485840524704,0.8956224437767022,0.13706112297329187,0.9060492885198089
16.140032291412354,-6.079634975100536,-0.29191807208174786,1.034805463904431,0.11312294164977738,1.0409702916289032,-6.081418130263065,-0.27654933471016446,0.9160565995305077,0.13767551398552302,0.9263445583013779
16.150036573410034,-6.069186953589162,-0.2907182914615001,1.0540296228245725,0.12688608301700185,1.0616395451635683,-6.072146521344764,-0.2751639483723836,0.9378975171739856,0.13953751311789336,0.9482206864903617
16.160032987594604,-6.058551341807765,-0.289377266131213,1.0739441040292241,0.1415660236721235,1.0832344518327828,-6.0626589219302875,-0.27375427727656804,0.961009299098074,0.14282265947304043,0.9715642979298506
16.17003607749939,-6.04770728600157,-0.28788336693382693,1.0940792696992072,0.15739100206085116,1.1053421985590117,-6.052923892690978,-0.27230245368716816,0.9854335509476304,0.14770548196556868,0.9964417658528455
16.18003797531128,-6.036668649096051,-0.2862228014323519,1.11298229722527,0.17495073250042384,1.126648726417988,-6.042940063954315,-0.2707934594316575,1.0111141958037122,0.15433122706345026,1.0228245424327176
16.19005799293518,-6.025427171306458,-0.2843742288447948,1.1305948335608254,0.19432095265013127,1.147172746500406,-6.032669642541608,-0.26920525654082694,1.0380419024965082,0.16284443209189928,1.0507375030909973
16.20003366470337,-6.0140669847416275,-0.282332249479515,1.146812093683729,0.21537357259506812,1.1668606403472614,-6.022181489102194,-0.2675311658082591,1.065883273557509,0.17327967703028435,1.0798763814999341
16.21003222465515,-6.002524658781137,-0.28006593918338885,1.161748462837977,0.23824588495478047,1.1859260485394059,-6.01138051069483,-0.2657376861688766,1.0946895606762461,0.18581022475345332,1.1103470961264688
16.220030784606934,-5.990839728949016,-0.27756210527405667,1.1753645877810506,0.2628907390588587,1.2044058514025213,-6.000287491994021,-0.26380805074663405,1.1241621932600518,0.20051625469905804,1.141905164693543
16.230035543441772,-5.979017810745033,-0.2748011827032116,1.1876679507548138,0.2893255191116151,1.2224010869020627,-5.988893822086444,-0.2617193018103559,1.1540385445083605,0.2175240472082661,1.1743601122844896
16.240031480789185,-5.967089832796082,-0.27176966699920463,1.1986406299183874,0.31751004225744034,1.2399806396171957,-5.977204031028679,-0.25944901877980664,1.1839898880316357,0.2369699946917051,1.207471255701498
16.25003743171692,-5.955047104175696,-0.268444206437661,1.208302572930824,0.3474962878409081,1.2572783215400083,-5.965208593759376,-0.2569698330571399,1.2137041042318568,0.25905222265218214,1.241042185701312
16.260032892227173,-5.942926598680234,-0.26481365850722627,1.21663479866748,0.37922495438125003,1.2743672152696492,-5.952931848652619,-0.2542590413679408,1.2425961419872014,0.28378872859321425,1.2745906066490644
16.27003002166748,-5.93072778318298,-0.26085656139270896,1.2236485637902386,0.41272995461063455,1.2913798136484904,-5.94036741773891,-0.2512865804491457,1.2701777506042764,0.31117812681640195,1.307739784796312
16.280031204223633,-5.918460274476897,-0.25655377206525753,1.2293447979987846,0.4480224316784075,1.3084390439197793,-5.927540804668304,-0.2480284315604723,1.2960937461901585,0.34119853991961385,1.3402520071078108
16.290030479431152,-5.906144671361556,-0.25189003927904724,1.2337195876307656,0.48508167303604277,1.3256576671295168,-5.914454039449494,-0.24445438538275074,1.3200483409164816,0.37379326259258244,1.3719508101662985
16.300032138824463,-5.89378886565265,-0.2468455781906851,1.2367746942719482,0.5239238317880125,1.343170810398627,-5.901143436832674,-0.24054356012148798,1.341699682281287,0.40876101909248164,1.4025846171134313
16.31002688407898,-5.881421364081418,-0.24141056909342345,1.2373741723783693,0.5635909180241641,1.3596799496015135,-5.887633979153911,-0.23627362034949123,1.3607651246553878,0.44588573182880226,1.4319552403364078
16.320032358169556,-5.869054735715608,-0.23557470239067738,1.2339569998028186,0.6028880708615558,1.3733622622416644,-5.873934007509962,-0.23161812464903783,1.3769942695172734,0.48491399279579117,1.4598817755875186
16.330031156539917,-5.856750301163088,-0.22935186198043472,1.226516966013678,0.6417404060010337,1.3842595914833928,-5.860098624017938,-0.2265686002569677,1.3901212838774175,0.525416881583294,1.4861023125416746
16.340028285980225,-5.8445426540751555,-0.22274391174882724,1.2150556999508564,0.6801660229168784,1.392474837371803,-5.846147467788696,-0.2211077594913879,1.3999794926390685,0.5670812075995736,1.5104713422711913
16.35002875328064,-5.832465820522353,-0.2157515964200493,1.1995665362776895,0.7181844469967091,1.3981233045998562,-5.832111614402364,-0.21522455570086768,1.4064093791282812,0.6095924089076693,1.5328373190583051
16.360031366348267,-5.820561054516377,-0.2083792919023612,1.1800471372080954,0.7557925651089837,1.4013328111148469,-5.818030766075696,-0.20891389263465215,1.4092425754722395,0.6526530243896023,1.55303593222067
16.370028734207153,-5.808878012627405,-0.20063724445396788,1.1565148728063754,0.7929605579069501,1.4022528650063255,-5.80393945324673,-0.20217043072880297,1.4082811012794836,0.6960324396317628,1.570896819412624
16.380029916763306,-5.797445980811178,-0.19252251095375833,1.1289487425469455,0.8297232403275757,1.4010588563076218,-5.789879046374809,-0.1949930432089735,1.4032672284131906,0.7395353073890447,1.5862129066469755
16.390029191970825,-5.786311906530183,-0.18404388948546055,1.097363585172706,0.8660591609903078,1.3979503955428212,-5.775892084418972,-0.187381932968855,1.3938939666063699,0.7829232001934542,1.5987210912297365
16.400036096572876,-5.775505754857118,-0.1751972176306804,1.061726000028929,0.9020024918601655,1.3931513178615513,-5.762010251171882,-0.17933162885101936,1.3798564880282451,0.826032332783831,1.6082081153749785
16.41002869606018,-5.7650908603504645,-0.16600624734159497,1.0221173229740104,0.9374756364194383,1.3869334485848945,-5.748310436759414,-0.1708628883233595,1.3609438020527367,0.8686473226888244,1.6145328127852407
16.420030117034912,-5.755083251674386,-0.15645436422444017,0.978449879707893,0.9725603654209435,1.379578860191801,-5.734816912044612,-0.16196556326876052,1.3369415997973628,0.9107412167006584,1.617671908968604
16.430031538009644,-5.745532483880621,-0.1465536539773424,0.9307565497980433,1.0072254368747557,1.371426569554309,-5.7215902848193405,-0.1526510520208947,1.307726074566606,0.9521975773080392,1.6176611858892713
16.440027952194214,-5.7364833286308,-0.1363136814702051,0.8791095192325488,1.0414298315105568,1.362868167052628,-5.708680888881421,-0.1429244361358478,1.2732053111213952,0.9929549008258857,1.6146241665916787
16.450031518936157,-5.727952588805828,-0.12573232591746186,0.8266041487967907,1.073549263687881,1.3549104916461672,-5.696141428892969,-0.13279244448673533,1.2333533020488494,1.0329477044110413,1.6087701289254597
16.460031032562256,-5.719944633302626,-0.11484978461548204,0.7752373721683669,1.102524515440454,1.3477957153640616,-5.684026381257355,-0.12226486407110954,1.1883559454406716,1.0719917327411035,1.6004237339309442
16.470030307769775,-5.712444947444925,-0.10369347851169176,0.7249891854080643,1.1283684938526979,1.3412027351888507,-5.672389226617968,-0.1113539664189754,1.1382952837094142,1.1100989479852,1.5899798197565098
16.48001503944397,-5.705452116863514,-0.09231141982885116,0.6759299188577145,1.1510508020140562,1.3348405163255266,-5.661294459943882,-0.10008538046404823,1.0836554737436375,1.147133441782005,1.578044460409521
16.49002480506897,-5.69892757315995,-0.08068866741891839,0.6278636209078133,1.1706578523298266,1.3284022484477178,-5.650737847910444,-0.08842198128075225,1.025004938094261,1.1830831188899593,1.5653500532852112
16.50003433227539,-5.6928788819414,-0.06888598846578999,0.5809193018663992,1.1871270181532387,1.321642081847557,-5.640783682449135,-0.07640444964173768,0.9633403456328044,1.217778480471943,1.5527424284228486
16.510029792785645,-5.687301970838277,-0.05695097552370201,0.5351576925781385,1.2004429721728782,1.3143276172114817,-5.631471042076783,-0.06406359561314635,0.8996333767380168,1.2511200198223837,1.5409871889608324
16.520029067993164,-5.682175018279909,-0.04489388034425383,0.49049550003305764,1.210634242251387,1.3062239869426182,-5.6227988406629645,-0.051391113606831636,0.8346210029165265,1.2830857513016711,1.530653868025937
16.530030727386475,-5.677488031952425,-0.032747704429545416,0.44694041618435165,1.2176964274215374,1.2971277211493928,-5.614789909385447,-0.03842319934881855,0.7691902019647938,1.3134782008673558,1.522129610431512
16.540026664733887,-5.673233333347939,-0.0205533737496945,0.40452630237315107,1.2216254790725445,1.2868606530743405,-5.607417824131649,-0.025129928887142966,0.7037780663598132,1.3421941331454348,1.5155159707964752
16.55003261566162,-5.669393359508151,-0.00832306201505159,0.3631874005151297,1.2224254377721033,1.2752368559625524,-5.600701087298201,-0.011566769049770427,0.6391054962218227,1.3688813879671455,1.5107256831151712
16.560028791427612,-5.665964664716212,0.003887352190555321,0.3230068102418679,1.2200946576653708,1.262126924332971,-5.594631150003456,0.0022403008373200247,0.5755811068759179,1.393231659690962,1.5074442172623634
16.570026874542236,-5.662931495574338,0.016061154405803312,0.2839352313783155,1.214634163123686,1.247379399318842,-5.589187483711032,0.016283025706958,0.5134229202217379,1.414933454516784,1.505204230568004
16.580031633377075,-5.660281418458903,0.028173252172791315,0.24617203155657358,1.2061662353091898,1.2310311353985464,-5.584370560795543,0.030488654853886618,0.4530027989408162,1.4335739463293427,1.5034446432916972
16.590030193328857,-5.657992927641926,0.04018434743918925,0.21238135831232843,1.1962538324640262,1.2149605232448748,-5.580121916028122,0.04495343137262008,0.39404682005425257,1.4489039286289478,1.5015310488935179
16.600031852722168,-5.65601815914104,0.052095087855563244,0.18329422878142965,1.1853426786963837,1.1994307150659838,-5.576467650777198,0.059498137340266995,0.3374137003970002,1.4603605350294926,1.4988331786717368
16.610031366348267,-5.654311054352419,0.0638893290287597,0.1589265004468224,1.1734382627478133,1.1841515903907236,-5.573370639396242,0.07414360204739423,0.2821057886026077,1.467829971157661,1.4946934468953155
16.620030403137207,-5.652824123550661,0.07555896359710865,0.1392726497034599,1.16053914571955,1.168866108544039,-5.570821319329624,0.08883414426067193,0.22833849213425123,1.470935729238874,1.488553118481716
16.63003420829773,-5.65150957898379,0.08709993360896698,0.12432550944731213,1.1466381057751138,1.1533584776273484,-5.56879673303396,0.10354392820057574,0.17689421635906746,1.4693768406428072,1.4799864403428589
16.64003014564514,-5.6503218351576905,0.09848825672272825,0.1141012191273219,1.1317525627780225,1.1374897588817945,-5.567273058424196,0.11821028300559117,0.12833808462189203,1.4631133340494047,1.468731184470998
16.650031089782715,-5.649212226761279,0.10972823876298282,0.1085850940460787,1.1158643633322507,1.1211351390460853,-5.5662211683336755,0.13276630470426073,0.08296271748659302,1.4523038288351684,1.4546715174712297
16.66002869606018,-5.648134571394051,0.12080067216245555,0.10778273618091938,1.0989863168314196,1.1042590469637708,-5.565604402043429,0.14723627235592984,0.04077268960372754,1.4371401859893147,1.437718444759934
16.67002820968628,-5.647041192400615,0.1317012814919993,0.11169261014052516,1.0811100682938481,1.08686439767173,-5.565392636493155,0.1615153407559657,0.0021977101590264884,1.4179850482987555,1.41798675139395
16.680031061172485,-5.645884722843999,0.142421976902407,0.12031921017099659,1.062231527635038,1.0690241019911755,-5.565547523370517,0.17556935289357214,-0.03253814882514092,1.3951809555347046,1.3955603282609097
16.69002938270569,-5.644619007222186,0.1529439118908476,0.13365454406533753,1.0423665816588863,1.0509003890514765,-5.5660304110450465,0.1894124107754287,-0.06318891037471502,1.3690593687434123,1.370516834460071
16.70003628730774,-5.643195061266153,0.16327132514796638,0.15171969557804585,1.021487565165353,1.0326934258596479,-5.566796092409036,0.2029572904947878,-0.08918771676721172,1.3402173131089563,1.343181631492606
16.710031270980835,-5.641568854647308,0.1733725759802364,0.17447416444243405,0.9996390396216525,1.0147509268749575,-5.567797956222488,0.2162113448367133,-0.11024223361936684,1.3090246679724051,1.3136586053589618
16.72003412246704,-5.639691539957775,0.18325896774491285,0.20117724138480242,0.9771123630119419,0.9976075643267647,-5.5689815680553405,0.22911616728648207,-0.12594442486885057,1.2759125095424735,1.2821133842849148
16.73003315925598,-5.63754505373798,0.19292026341948004,0.2281223725271955,0.9555056005591201,0.9823597963817948,-5.570298376645532,0.2417231150932889,-0.1359877782214851,1.2408830204224974,1.2483121990105184
16.74002766609192,-5.635131424370035,0.20236667188235857,0.2548378769738476,0.9350199936552905,0.9691257565846021,-5.571681878214181,0.25394181589260073,-0.13981710905698694,1.2041962078313646,1.212285993872936
16.75002908706665,-5.632449911390058,0.21162027522694743,0.28135489394385726,0.9156319865818039,0.9578843934410352,-5.5730718433086315,0.2657980929312806,-0.13688464364279673,1.1658338554784815,1.1738424017920959
16.76002788543701,-5.629505076977266,0.2206832036159578,0.307647904943503,0.8973608629885723,0.948632569459705,-5.574395553177445,0.277257697900012,-0.1266206284387844,1.126093876594777,1.1331902763660149
16.77003026008606,-5.62629718982987,0.22957227179329848,0.3337334743315029,0.8801952735650276,0.9413404014996858,-5.575578603118673,0.2883171332163459,-0.10866181459134096,1.0854197357967328,1.090845265290789
16.780033349990845,-5.622829294474718,0.23829562358665307,0.35960303653130526,0.864141465492051,0.9359779998831622,-5.576542407842227,0.2989617632735291,-0.08287261853890143,1.0442790107029538,1.0475621810175442
16.7900333404541,-5.619104782280106,0.2468615978367734,0.3852482377970062,0.8492042869460446,0.9325042228822552,-5.5772099675511475,0.3091989190351459,-0.04939209934437977,1.0032531146427361,1.004468213293978
16.800031423568726,-5.615125813280465,0.25528189712636,0.41067064638783574,0.8353820850377786,0.9308671268267394,-5.577506280186447,0.31902860884771705,-0.00874333128234452,0.9630848659396297,0.963124553131041
16.810028314590454,-5.610894185668752,0.2635687493974175,0.4358735275207487,0.8226726058220335,0.931008028087511,-5.5773636067518835,0.32846662953335604,0.03824762446323246,0.9244708285089271,0.9252616892215211
16.820031881332397,-5.606408699745177,0.2717393622251139,0.4608755391926236,0.8110672679170915,0.9328646073855448,-5.576723739441624,0.33752937626634255,0.09047258192366722,0.8880394098069917,0.8926361416894819
16.830031394958496,-5.601676145942459,0.27979622867999754,0.48565033803681307,0.8005786736249664,0.9363666287829684,-5.57554051237679,0.34624070217217323,0.1466788795838385,0.8542677876951851,0.8667687966289488
16.840026378631592,-5.596699143634172,0.2877503613952818,0.5101974695159155,0.7912057404514696,0.9414393138295223,-5.57378208437339,0.35462232453654785,0.2055299817006278,0.8234953009815545,0.8487561982787292
16.850029230117798,-5.591473849875473,0.2956222552704473,0.5345459068746299,0.7829379014886324,0.9480142847783697,-5.571425180387859,0.36271845113445456,0.265883937073308,0.7958373969229132,0.8390777260389178
16.860027313232422,-5.586009771855871,0.30341294312482847,0.5582377990748152,0.7755908287281356,0.9555995886997283,-5.568463046345325,0.37055131660029106,0.3265535997854671,0.771370063977868,0.8376449302264458
16.870031595230103,-5.580312927264904,0.3111375848371287,0.5803498161373728,0.7687248476306505,0.9631945807859642,-5.564894397011685,0.3781605444014898,0.3865512918390336,0.7500426011448728,0.8437925128576292
16.88003134727478,-5.574405905278736,0.31879222394478957,0.6008224025684274,0.7623321071792039,0.9706378320797014,-5.560739784724723,0.38556024864899224,0.44479214591894806,0.7318082920654784,0.8563780878834858
16.89002561569214,-5.568305677607664,0.32638117120507326,0.6196567635922536,0.756412290457573,0.9778210765886046,-5.5560102160250375,0.39279935540370237,0.5006394133606569,0.7164431874502957,0.8740312712106141
16.90002989768982,-5.562018967208009,0.3339208183097196,0.6368809042315581,0.7509565664282629,0.9846588499762408,-5.550734056634294,0.3999022317093494,0.5534374620466121,0.7037199252933928,0.8952735658174732
16.91004228591919,-5.555562794605731,0.34141429758926267,0.6524871421137071,0.745967243363829,0.9910633676993329,-5.544959539318582,0.4068751583351325,0.6025761410380595,0.6933768340342006,0.9186236659936486
16.920042991638184,-5.548966281723311,0.34885156653760757,0.6664455607637201,0.7414539121996608,0.9969471346956426,-5.538693055443596,0.41377756173443936,0.6479233373833148,0.6850432193739429,0.9429150881898903
16.930051803588867,-5.542232813773364,0.3562520290194786,0.6787845512117306,0.7374074228007444,1.0022565410938191,-5.531997232109214,0.42060137300708766,0.6890222134931869,0.6784199236454711,0.9669566709455899
16.94007706642151,-5.535372640362503,0.36362644789034454,0.6895084291209554,0.7338261226784979,1.0069372632662899,-5.524896885346113,0.42737994479218455,0.72581012305453,0.6731430780948141,0.989910065771327
16.95004653930664,-5.528452288782411,0.3709264015506716,0.6985492958295059,0.7307331256694574,1.0109114796333818,-5.517511827206084,0.434055759263008,0.7578538016794859,0.6689186586528126,1.0108385413180128
16.96003794670105,-5.521434232738807,0.3782139789928396,0.7059863040205868,0.7281017956527711,1.0141739921223765,-5.50998795841779,0.4405582742867873,0.784942055306878,0.6654462958566515,1.0290543245420642
16.970038175582886,-5.51434380193068,0.3854839215952788,0.711801909260295,0.7259378486731486,1.0166846699753076,-5.501811023323518,0.44736689034583127,0.808994190848393,0.6621957628725378,1.045454364949895
16.98004961013794,-5.507195369460297,0.39274265340916487,0.7159926922570322,0.72424215169934,1.0184165305333388,-5.493611067092112,0.4539824570007743,0.8281428183872677,0.6591683973232414,1.0584533545112405
16.99006485939026,-5.500010190826979,0.3999897458758981,0.7185519729358422,0.7230169739788791,1.0193480673801105,-5.485245770815031,0.4605629041502385,0.8432216523840683,0.6560741552933382,1.0683894665772335
17.000077724456787,-5.492807117277618,0.4072226885093821,0.7202117879332798,0.7215948074272354,1.0195116897730994,-5.476730697846209,0.46712531772341237,0.8545098779271244,0.6527484792780983,1.075298892715369
17.01011085510254,-5.485573387579408,0.41445182728990837,0.7217142854242886,0.719297403741749,1.0189505703492747,-5.468130584919201,0.4736451532316908,0.8622429855795586,0.6491007598756677,1.0792565786930928
17.020063400268555,-5.478383787282915,0.42159569593928065,0.7230457363560547,0.7161557961808074,1.0176808248493412,-5.4595118704038414,0.4800949294040978,0.8667307355254597,0.6450941706709984,1.0804483592186198
17.030067682266235,-5.471144147295563,0.42874097174102643,0.7242245788961561,0.7121318688131508,1.0156933785629525,-5.450831051788135,0.48652642384551864,0.8683613160501205,0.6406773174679656,1.0791287227806725
17.04006552696228,-5.463898343307977,0.4358369383454864,0.72524283204269,0.7072432933679483,1.0130006127556108,-5.442150246005429,0.49290923692054284,0.867477694012348,0.6358681612474233,1.0755676957296365
17.05003333091736,-5.4566648789905114,0.4428587109615939,0.7260990031363647,0.7015061953908168,1.0096190888287133,-5.43351515805056,0.4992230976977045,0.8644817620746749,0.6306923815046208,1.0700942000813316
17.060067415237427,-5.449375483053466,0.44986507489499195,0.7268004843629614,0.694860460697593,1.0055197680359678,-5.424863126942756,0.5055240240707585,0.8597419302999331,0.6251109208498936,1.0629768812545535
17.070067167282104,-5.442104749664649,0.45677684783617356,0.7273394787088449,0.6873684972675329,1.0007488038085683,-5.416295010010492,0.5117457808113786,0.8536966792838383,0.6191801754631476,1.0546004503634667
17.080036401748657,-5.434851726422528,0.46358855651785147,0.7277177345562179,0.6790360638046414,0.9953205901290976,-5.407821994821199,0.5178848613742426,0.8467482452332471,0.6128958086611571,1.0452864980855712
17.09006404876709,-5.427553159340807,0.4703520660929991,0.727937966184187,0.6697850535809357,0.9891944705732981,-5.399363725596244,0.5240009799775041,0.8391850057358015,0.6061677523471263,1.0352153485325477
17.100072622299194,-5.420267213042419,0.47700572882301695,0.7279975261496616,0.6596820789279261,0.9824259989122325,-5.391012136122578,0.5300262801825633,0.8314054496335609,0.5990229978969503,1.0247260969106982
17.11006736755371,-5.412991409769033,0.4835450715541249,0.7278972377703449,0.6487257641410745,0.9750279512988943,-5.382739025262582,0.5359772495292393,0.8236616703538748,0.5913846011021409,1.0139794345206778
17.120059490203857,-5.405719218545532,0.48996899210452943,0.7276373759858872,0.6369059724305971,0.9670084635872593,-5.374546065680484,0.5418463362230735,0.8161801763119912,0.5831865399183348,1.0031234323584475
17.130034685134888,-5.39846283963979,0.4962598157207586,0.7272233153416976,0.6242417115237376,0.958400472027563,-5.366438095308176,0.5476216435332181,0.8091348949857997,0.5743560752885701,0.992262152611179
17.140026569366455,-5.391198860179756,0.50242997518898,0.7267885618498015,0.6106667543539321,0.9492815696666971,-5.358383632728502,0.5533152445288001,0.802613908508315,0.5647710158140252,0.9814048025328793
17.150031328201294,-5.383929470559554,0.5084678242618034,0.726396075018974,0.5961706411053747,0.9397184105459275,-5.350388113883633,0.5589112143741234,0.7966867273848727,0.5543407069385963,0.9705685761245317
17.16006588935852,-5.3766420815862395,0.5143734872826704,0.7260454737189551,0.5807232377195584,0.9297211994653389,-5.342417285313299,0.5644199458568161,0.7913476270692235,0.5429169066996873,0.9596821528237606
17.170063257217407,-5.369385173344851,0.520098440801911,0.7257390626851612,0.5644292520026745,0.9193897800299038,-5.334530210497528,0.569786322877594,0.7866136149955245,0.5304836106928024,0.9487749156201379
17.180062294006348,-5.362129930452756,0.5256568804820048,0.7254754137526427,0.5472298431670175,0.9087216720273412,-5.326686247925378,0.5750237113771239,0.7824014719535468,0.516886865972797,0.9377228244690735
17.190062284469604,-5.354876188633597,0.5310395031898264,0.7252545551059865,0.5291252408561493,0.8977570329510431,-5.3188814146913455,0.5801193634163576,0.7786313662627049,0.5020245995826562,0.9264423906073452
17.20003581047058,-5.347643897287527,0.5362228725920664,0.725076943353997,0.5101697829962641,0.8865719267301613,-5.311135386604521,0.5850451958689231,0.7752189580757121,0.48584952181079105,0.914884796465526
17.210061073303223,-5.340375473016979,0.5412382038042993,0.7249413363275339,0.4902102440042768,0.8751262905678718,-5.303377019694655,0.5898301574207166,0.7720338358669426,0.46812570606992204,0.9028720398854361
17.220065593719482,-5.3331233019700495,0.5460391004347303,0.7248489193728944,0.46938741815966734,0.863556891144209,-5.295668135567978,0.5944188979119451,0.7690030529298792,0.44890655675618496,0.8904396622535232
17.230061054229736,-5.325878262091859,0.5506231881194954,0.72479939079591,0.4476803854019938,0.8519107255879574,-5.287999327626295,0.5988016748240022,0.7660282121707711,0.4281086135452849,0.877539860538092
17.24005937576294,-5.318631637822352,0.5549868851601475,0.7247926535748077,0.42506516852394083,0.8402409107918379,-5.280354228483223,0.6029716603914194,0.7630200386546345,0.40562852153651385,0.8641377649845063
17.250029802322388,-5.31140491058983,0.5591088529585662,0.7248285671678921,0.40161353185535725,0.8286554656502264,-5.2727612939151545,0.6068972902924447,0.759921843218037,0.38150131945387844,0.8503084525893818
17.260059356689453,-5.3041348529302255,0.5630147689228335,0.724907644919798,0.3771174462186331,0.8171344209526555,-5.26515518215561,0.6105950206678146,0.7566555010494528,0.3554701943511527,0.8359943817636843
17.27005934715271,-5.296885232430504,0.5666602821346897,0.7250243663182455,0.35195562099377986,0.8059361580821962,-5.257605243870633,0.6140126816710237,0.7532172094507119,0.32772443627679954,0.8214252679006555
17.280065298080444,-5.289630227659242,0.5700582002860692,0.7251385082244489,0.3273865669934069,0.7956178858960548,-5.25010409778657,0.6171384388727829,0.7495937320545437,0.298243051776675,0.806746354852951
17.290030241012573,-5.282403665020068,0.573202427006557,0.7252407675602005,0.3038130700648139,0.7863056355346287,-5.242636360774615,0.6199625569665783,0.7457897016551601,0.2670225737384938,0.7921510802749827
17.300029754638672,-5.275151108211316,0.57612589663236,0.72533192692338,0.28105634256752493,0.7778811425351674,-5.2352107078025565,0.6224656315925781,0.7418387736876183,0.23421022981834255,0.7779326435482125
17.310030698776245,-5.267896820918528,0.5788266216316128,0.7254116213027663,0.25919699125523865,0.7703279175759348,-5.227800745579552,0.6246406603926665,0.7377679252594407,0.19985347042614152,0.7643578489052051
17.320026397705078,-5.260645427936737,0.5813120441292476,0.7254798076977613,0.23824809194612348,0.7635987851569365,-5.220446103294669,0.6264620083047473,0.7336489413596882,0.1643674861738522,0.7518360457369031
17.33002781867981,-5.253389350579095,0.5835937818879964,0.7255365574403932,0.2181874981584364,0.7576338697122079,-5.2131288291289986,0.6279246046224835,0.7295278892587788,0.127971399186986,0.7406670103469196
17.340024709701538,-5.246135929483954,0.5856785199125962,0.72558181189545,0.19903535382354287,0.7523855646044435,-5.205856028293078,0.6290197008870348,0.7254666976076709,0.0910583439928141,0.7311590465476671
17.350030422210693,-5.238875833100021,0.5875778548015398,0.7256156226105995,0.18076729665827604,0.7477933185832227,-5.198617596472875,0.6297452328700393,0.7215165520516116,0.053978015354280165,0.7235328334125776
17.360026836395264,-5.231622151351052,0.589297405973509,0.7256379301441795,0.16341589793496922,0.7438112404110477,-5.19142392233361,0.6301006178853464,0.717735729658604,0.017210647732054617,0.7179420478171797
17.370025873184204,-5.224366415055833,0.5908483831419181,0.7256487722973408,0.14695972929069365,0.740380512148876,-5.184265116224076,0.6300916114451294,0.7141645660692713,-0.01885788858986147,0.714413498886309
17.380032300949097,-5.217105172284754,0.5922403013891868,0.7256481369777172,0.13139206821827173,0.737447689188804,-5.1771389295301775,0.6297271169592306,0.7108387097318234,-0.05380839538981948,0.7128723691290262
17.390024185180664,-5.209854617395366,0.5934792410629398,0.7256360378515361,0.11674642697070463,0.734967609925296,-5.1700479483361415,0.6290207253253035,0.7077852693436109,-0.08721875284592255,0.7131389053668338
17.400028228759766,-5.202595476687261,0.5945775761202571,0.7256124469768342,0.10298329609989579,0.7328840170745354,-5.162981352732746,0.6279887192374581,0.7050139405311301,-0.11876235496460484,0.714946958382208
17.410026788711548,-5.195340591912025,0.5955422298950382,0.7255803942105117,0.09012407340310379,0.7311561099173347,-5.155946399038466,0.6266530458538632,0.7025301420572788,-0.14807114732930537,0.7179649470346287
17.42002511024475,-5.188086172812495,0.5963827141700926,0.7255504850184807,0.0781483636929802,0.7297469924970181,-5.148932583942652,0.6250360427219075,0.7003211235699475,-0.17490515150358876,0.7218320359618067
17.430025339126587,-5.180830539907666,0.5971080098714756,0.7255236442450214,0.0670525604001703,0.7286155393723048,-5.141939174753225,0.6231639650133133,0.6983679191747317,-0.19903574831471116,0.7261769616557948
17.440022706985474,-5.173577382976898,0.5977265818394922,0.7254998851924394,0.05684222090193193,0.7277232451222833,-5.1349662900385225,0.6210654667896179,0.6966432941103176,-0.2202935066564705,0.7306443103890421
17.450030088424683,-5.166317060656956,0.5982479702121943,0.7254791796624872,0.04750475834820169,0.7270328343269488,-5.128001147626007,0.6187663479420011,0.6951110001763169,-0.23860767316379103,0.7349237540444302
17.460025787353516,-5.159065495663979,0.5986798748862329,0.7254615724035702,0.03906047550644201,0.7265123631302154,-5.121061280324042,0.6163028532849772,0.6937380269463745,-0.25388959508165304,0.7387370144524873
17.470025300979614,-5.151811447784981,0.599031894316759,0.7254470324338363,0.031495238921931935,0.7261303925203856,-5.114131169088813,0.6137002813121728,0.6924830325246446,-0.2662012856997902,0.741886699464783
17.480027198791504,-5.144555614050179,0.5993127431730152,0.72543556411011,0.02481063924269957,0.725859714748921,-5.107209677091661,0.6109877915560322,0.6913094083844845,-0.2756230320579022,0.7442289660593018
17.490022897720337,-5.137304355524299,0.5995310302466527,0.7254271759077227,0.019012098058481208,0.7256762690194846,-5.10030753304899,0.6081981862029536,0.690185965903118,-0.28227974693706787,0.7456799065688139
17.50002932548523,-5.130045430317846,0.5996959130395559,0.7254218557733441,0.014090445356349011,0.7255586878288914,-5.093414727806637,0.6053543344201721,0.6890834164518865,-0.28637064832115244,0.7462198758066427
17.510029792785645,-5.122790905617425,0.5998159076506907,0.7254196147179636,0.010054499082223037,0.7254892903202315,-5.086518936580957,0.602475664883351,0.6879788321796558,-0.2881181439601775,0.7458732723501631
17.52005934715271,-5.115515359465017,0.5999001535626574,0.7254204555062892,0.0068931777786984325,0.7254532053598225,-5.0796228366652105,0.5995854569826536,0.6868588603787663,-0.2877582138774805,0.7447012043328354
17.530060052871704,-5.108260630087472,0.5999570115327559,0.7254243734193552,0.004624708421143894,0.7254391149358054,-5.072760203503056,0.5967175757777845,0.6857225842295502,-0.2855585694369021,0.7428049266808229
17.54006266593933,-5.101004458401197,0.5999956023699043,0.7254313680804766,0.003238587191517127,0.7254385971549273,-5.065907423185309,0.5938791002602002,0.6845664046516212,-0.2817866284004687,0.7402937702851153
17.550071239471436,-5.093743797749903,0.6000239032850142,0.7254399963414622,0.0024371081113781995,0.725444090049569,-5.05906017864062,0.5910826570612373,0.6833956003900236,-0.2766939831232456,0.7372849563968111
17.560060739517212,-5.086497047677295,0.6000446263675623,0.7254478223998128,0.0017253030068569621,0.7254498740058446,-5.052226177732619,0.5883433845447525,0.6822225098202751,-0.27052304733681265,0.733900723562711
17.570061206817627,-5.079242126731745,0.6000586526228694,0.7254548337441317,0.001093217294621026,0.725455657450391,-5.0454234102422415,0.5856779687240501,0.681064576299453,-0.2635093963652744,0.7302644446108169
17.58006739616394,-5.071983109852653,0.6000667634955308,0.7254610243786901,0.0005414072481973053,0.7254612264031668,-5.038613938592957,0.583079163566023,0.6799315020145644,-0.2558072227025274,0.726460035114501
17.590060234069824,-5.064733584470097,0.6000697554568813,0.7254663836630786,7.081319110192517e-05,0.7254663871191367,-5.031824813679835,0.5805634625344647,0.678844520311639,-0.24761390273224326,0.7225943035918786
17.60006594657898,-5.057474776574452,0.6000684426289369,0.725470925536156,-0.0003197893727116762,0.7254709960181246,-5.025038363657666,0.5781287191532734,0.6778167936200301,-0.23905495228449933,0.7187370005259801
17.610064029693604,-5.050221488849026,0.6000636298232662,0.7254746401156016,-0.0006295431964709695,0.7254749132640618,-5.018266401892469,0.5757824321761957,0.6768645774171169,-0.2302690357075611,0.7149611772451301
17.62006187438965,-5.042968210179555,0.6000561226574095,0.7254775311825652,-0.0008587773187507771,0.725478039467242,-5.01150408024837,0.5735248964387858,0.6759992138767265,-0.2213530654137072,0.7113171702763803
17.630061626434326,-5.03571370097483,0.6000467244504807,0.7254795990362286,-0.001007511798257638,0.7254802986282884,-5.004746786596263,0.5713558015625448,0.67522972098764,-0.21238361358636854,0.7078431856174432
17.640061378479004,-5.02845908887879,0.6000362415343947,0.7254808431374449,-0.0010757021672214953,0.7254816406323253,-4.99799837824622,0.5692769130195723,0.6745631825086109,-0.20342977381247573,0.7045701952747793
17.65006136894226,-5.021204211640503,0.6000254790773362,0.7254812634570017,-0.001063344313198896,0.725482042733172,-4.9912573426226245,0.5672876534507463,0.6740025656792641,-0.1945365589055302,0.7015154533529789
17.660059928894043,-5.013950416735664,0.6000152444118242,0.7254808600579282,-0.0009704542666948536,0.7254815091316077,-4.98453270038029,0.5653900295492572,0.6735481938138932,-0.18574766828517297,0.6986911804676916
17.670061111450195,-5.006694729225009,0.6000063390122071,0.7254796326349331,-0.0007969801968505544,0.725480070398596,-4.977784980147715,0.5635723948950202,0.6731944082588719,-0.17703081596003062,0.6960823378814369
17.680060386657715,-4.999440486575271,0.5999995724382726,0.7254775847769483,-0.0005433667453082497,0.725477788261787,-4.971056249669851,0.5618455722512216,0.672937966785388,-0.16844913073079604,0.6937006680011292
17.690059661865234,-4.992186296123026,0.5999954872981261,0.7254753128067792,-0.00028119785990390715,0.7254753673036257,-4.9643279547183585,0.5602035696113793,0.6727699227905177,-0.15997839684756981,0.6915290713118847
17.700034856796265,-4.9849495792707,0.599993801040745,0.7254732660876418,-6.432970766653219e-05,0.7254732689397878,-4.957613024033726,0.5586484938134582,0.6726813806000177,-0.15162847331127016,0.6895588689333584
17.710026741027832,-4.977700642311218,0.5999940573724888,0.7254714359845622,0.00010817576936797302,0.7254714440496606,-4.950896666253277,0.557175858800765,0.6726621358999868,-0.14337110210927032,0.6877714896632159
17.720059156417847,-4.970422541965033,0.5999958232230319,0.725469820109808,0.00023633773132425163,0.7254698586059108,-4.944147488232762,0.5557785799143177,0.6727022558642618,-0.1351580971091362,0.6861457835322093
17.730066776275635,-4.963162324277832,0.5999986405924095,0.7254684294255564,0.0003192227000379127,0.7254684996581974,-4.9374141600238355,0.5544664807454851,0.6727917033025204,-0.12704069475752205,0.6846809579338252
17.740059852600098,-4.95591260240438,0.6000020575749596,0.7254672612226694,0.0003571781073722157,0.7254673491495818,-4.930689969255492,0.5532371128622099,0.6729208584889688,-0.11900547466262089,0.6833628500212799
17.750065326690674,-4.94865398165237,0.6000056344201838,0.7254663123044963,0.0003503200726118279,0.7254663968874356,-4.923957575520712,0.5520865694899921,0.6730813099475337,-0.1110314587888424,0.6821777148525642
17.760062217712402,-4.941401577824303,0.6000089155317471,0.7254655847705954,0.00029863784297790084,0.7254656462377135,-4.9172269756005464,0.5510159794591102,0.6732652196844319,-0.10313567886499607,0.6811189501780653
17.770060539245605,-4.934148155810576,0.6000114562823678,0.7254650776589069,0.00020212793895610826,0.7254651058171906,-4.910494598795694,0.5500239455822636,0.6734665020920463,-0.0953243653978473,0.680179288187018
17.780062437057495,-4.926892110131114,0.6000128082381505,0.7254647910239108,6.0735173743872825e-05,0.7254647935662543,-4.903757281999808,0.5491091472585492,0.6736804425313617,-0.08760939793114424,0.6793531815301294
17.79006028175354,-4.919639103735646,0.6000125221961624,0.7254647250707014,-0.00012542626047195286,0.7254647359132318,-4.897021588888392,0.5482714001062284,0.6739033691000827,-0.08001810285644635,0.6786373462087002
17.800068616867065,-4.912378399714857,0.6000101471363536,0.7254648799142744,-0.0003566751005253606,0.7254649675939976,-4.8902751945438645,0.5475079203762501,0.6741335897437898,-0.07255986654156356,0.6780273084864487
17.810060501098633,-4.905129494181807,0.6000052431923776,0.725465254951612,-0.0006323522917251105,0.725465530546716,-4.883537964930676,0.5468194141297752,0.6743696221558039,-0.0652820580398801,0.6775220545402814
17.820026636123657,-4.897899509765267,0.5999973916538123,0.7254658367089867,-0.000945881408246744,0.7254664533412338,-4.876816648601589,0.5462043045162439,0.6746115582709572,-0.05821719402746945,0.6771188937204463
17.83002996444702,-4.890642488430771,0.5999865866490735,0.7254664321413185,-0.0011979386740374521,0.7254674211988578,-4.870067831967121,0.5456565623960107,0.6748623261891793,-0.051345784688326956,0.6768127871980036
17.84002661705017,-4.883390176243308,0.5999737635369141,0.7254669685694475,-0.0013510597885527116,0.7254682266287724,-4.86331984363789,0.5451765760009332,0.6751231518370483,-0.04472243819754212,0.6766028130481894
17.85006308555603,-4.876108994812881,0.5999598473332155,0.7254674481839509,-0.0014054597670020593,0.7254688095925904,-4.856541281468621,0.5447598494518149,0.6753984188948406,-0.03833857067721269,0.6764856763060266
17.86006212234497,-4.868855123455885,0.599945935824034,0.725467867265505,-0.001360687189661579,0.7254691433165084,-4.849786620429341,0.5444071280195484,0.6756895610341481,-0.032261825506947034,0.6764593175317792
17.870059967041016,-4.861601993257494,0.5999329670985916,0.7254682276896929,-0.0012171519330763175,0.7254692487253007,-4.843031804125411,0.5441138386153864,0.67600100854216,-0.026477563095188363,0.6765193455456224
17.880061388015747,-4.8543461849461575,0.5999219235303894,0.7254685296030596,-0.0009747468995262693,0.7254691844426913,-4.836268234118501,0.5438767214083164,0.6763363977288674,-0.020980158720857976,0.6766617249060368
17.89006018638611,-4.8470924240832876,0.5999138004306019,0.7254687728014276,-0.0006336171831425725,0.7254690494988357,-4.829504659529876,0.5436932446793955,0.676698347538673,-0.015770911840817164,0.6768820984646156
17.900031566619873,-4.8398585519896855,0.5999095873552419,0.7254689569524047,-0.00019504960872970638,0.7254689831729264,-4.822754503023007,0.5435607793009468,0.6770886821951329,-0.010845568692709301,0.6771755384809834
17.9100604057312,-4.832582895684149,0.5999102569336616,0.7254690833605977,0.0003451421157115575,0.7254691654613212,-4.815964761830079,0.543475786063671,0.6775126181734338,-0.0061459080397456255,0.6775404932325846
17.920060634613037,-4.8253280223723065,0.5999168141758167,0.725469150684378,0.0009827416304228932,0.7254698163092831,-4.809183049629265,0.5434367972292398,0.6779687462235079,-0.0016807360894226103,0.6779708295566097
17.93006467819214,-4.8180704811303166,0.5999302479543542,0.7254691593612531,0.001719439478143244,0.7254711969860983,-4.802400515199658,0.5434414764447429,0.6784579856098276,0.0025868612341535847,0.6784629172539866
17.940059661865234,-4.81081939314278,0.599951523486254,0.7254691094262125,0.002554232513801828,0.7254736058847326,-4.7956155037893975,0.5434879754080847,0.6789797706758983,0.006691213416127849,0.6790127401780292
17.95006251335144,-4.803562666151076,0.599981663205065,0.7254690008058379,0.0034884963304755642,0.7254773881637308,-4.788833572936201,0.543574719385901,0.6795321950391007,0.01066365242413552,0.6796158603046879
17.96006155014038,-4.796308680619164,0.6000217815558332,0.7254688429839969,0.0046131952371404016,0.7254835102956064,-4.7820251591006055,0.5437010551027258,0.6801155872229331,0.014555637297464565,0.6802713271634565
17.970059156417847,-4.789055706521273,0.600076466087497,0.7254686903595908,0.006461129608440254,0.7254974616688035,-4.775221670639412,0.5438657638757238,0.6807244406435914,0.0183821690196071,0.680972589923703
17.980031967163086,-4.781820761773178,0.6001534431912192,0.7254685519861616,0.00911046461993607,0.7255257545301125,-4.76842993337325,0.5440680151015517,0.6813547247738804,0.022173061254157595,0.6817154139500374
17.990062475204468,-4.774543826772469,0.6002615834765149,0.7254684267848175,0.012587189069153067,0.7255776151386567,-4.761593028358244,0.5443095256084377,0.6820083175950666,0.02599759826805189,0.6825036412976566
18.000029802322388,-4.767312803494224,0.6004076147502231,0.725468316256658,0.01684865047099804,0.7256639407569899,-4.754791386655886,0.5445878646447806,0.6826740346817657,0.029856783435294833,0.6833266167403277
18.010061740875244,-4.760035098819714,0.6006015404101697,0.7254682189885998,0.021949545984131895,0.7258001924299831,-4.747938811727677,0.54490732661138,0.6833567574449063,0.03385727871908829,0.6841949819078466
18.020066499710083,-4.7527768600862075,0.6008499750785921,0.7254681359431203,0.02784806877275015,0.7260024319540243,-4.741099011279268,0.5452667349256046,0.684046864032301,0.03803362226810527,0.6851033999443137
18.030065059661865,-4.745523268736775,0.6011612554790833,0.7254680668811458,0.03455222139667546,0.7262904185432378,-4.7342543279119385,0.545669079769345,0.6847429742384606,0.04247968999774663,0.6860593741297015
18.040062189102173,-4.738270648684443,0.6015435561796467,0.7254680117514981,0.0420644612768181,0.726686490157331,-4.727405333119752,0.5461174605076123,0.6854422539520227,0.047290773914869924,0.6870716853431647
18.050029754638672,-4.731039455810172,0.6020035136879628,0.7254679706452396,0.050359856476038606,0.7272137867067767,-4.720570974744929,0.5466145906364084,0.686140393039474,0.052557308132237,0.6881503539187281
18.060024976730347,-4.723788353534415,0.6025517965187162,0.7254679433230271,0.05948557332299329,0.7279026516114007,-4.71370869668482,0.5471687549539791,0.686839800083308,0.05842418978763677,0.6893201701175009
18.07002353668213,-4.716534699991493,0.6031955766411603,0.7254679299148765,0.06942352001954993,0.7287820953254004,-4.706837750531098,0.5477851352881045,0.6875369963422563,0.06499537027366988,0.690602287497184
18.080028533935547,-4.709276408596531,0.603943279965166,0.725467930437637,0.08017775822675036,0.7298850532842382,-4.699958479883674,0.548471366937699,0.6882308528916652,0.07238927258320825,0.6920273937187132
18.090026140213013,-4.702023401435096,0.6048019639958505,0.7254679448887325,0.09173347851323707,0.7312446718720209,-4.693071418561094,0.5492362322412685,0.6889205136464175,0.08072108663690664,0.6936334535982869
18.1000337600708,-4.694763289558625,0.6057807436929623,0.7254679704286733,0.10390352495083022,0.7328708744486345,-4.686182802591265,0.5500888986043736,0.6896047293013606,0.09009193746867424,0.6954647653703689
18.11002826690674,-4.687512562062095,0.6068801643416959,0.7254679992782604,0.11610280696320174,0.7346997208122081,-4.679278107923958,0.5510421770201308,0.6902845167849078,0.10062098695786995,0.6975795991350016
18.120028734207153,-4.680257430671724,0.60810236053197,0.7254680310609605,0.12832357475942108,0.736729803883692,-4.672373222993997,0.5521058638353978,0.6909580343865549,0.11236603841756979,0.7000350933153211
18.13002347946167,-4.673006717049445,0.6094459864330863,0.7254680657381193,0.14055096876789086,0.738957704626862,-4.665463985695819,0.5532929226072986,0.691625404561113,0.12538479596180824,0.7028990306528439
18.14002799987793,-4.665748708484247,0.6109134260858086,0.7254681033674881,0.15280474929018203,0.7413860400690424,-4.658544864132909,0.554617212324826,0.6922868425187825,0.13970510339339678,0.7062425845549001
18.15002942085266,-4.658492882461625,0.6125030335473225,0.7254681439030126,0.16506893020784946,0.7440106044526826,-4.651611397920427,0.5560927980408154,0.6929425553785258,0.15531646614282096,0.7101356136046236
18.16002655029297,-4.651240370683148,0.6142145623142345,0.7254681873350552,0.17734158260488214,0.7468293832971592,-4.644681748043104,0.5577282821851174,0.6935908764257056,0.1721136049775424,0.7146267535429555
18.170024871826172,-4.643986845702257,0.6160491159533048,0.7254682336881431,0.18963002260832326,0.7498424524958741,-4.637741746894229,0.5595383335960599,0.6942333271400571,0.19002573676921694,0.7197705836908295
18.180065870285034,-4.636702437783993,0.6180152019368774,0.7254682831724102,0.20198494644553222,0.7530618490401229,-4.630769445219352,0.5615401237368624,0.6948722346397246,0.2089767958570959,0.7256160993803148
18.1900691986084,-4.629445437547811,0.6200973172379338,0.7254683353939761,0.21430749875864114,0.7564601838057914,-4.6238147757656325,0.5637286074427227,0.6955032817069527,0.22866666097280455,0.7321292622929317
18.20007610321045,-4.622185643721353,0.622303640473435,0.7254683905553031,0.2266488901743726,0.7600487517996306,-4.616854780801047,0.5661169723019309,0.6961287297390928,0.2489694799575521,0.7393111728619397
18.21003222465515,-4.614962782926993,0.6246213689891716,0.725468448333978,0.23894148752980282,0.7638046242273379,-4.609920018092241,0.5686987147059835,0.6967459188494692,0.26959708546602884,0.747085981614679
18.220030307769775,-4.607709456943885,0.6270721054750259,0.7254685092652519,0.2512999770999718,0.7677605332562968,-4.602949490464208,0.571499258247182,0.6973603865325569,0.2905326188947967,0.7554605954956926
18.230064630508423,-4.600430004037279,0.6296559705082458,0.725468573346789,0.26371713180048934,0.7719140991839066,-4.59594814247315,0.5745203104109612,0.697971882720156,0.3115699216390047,0.764356307711302
18.240060091018677,-4.5931785202304,0.6323513478961663,0.7254686274976013,0.27530031994826126,0.7759478047181192,-4.58896743801831,0.5777393033517896,0.6985761322797236,0.3323746629615456,0.7736158796002697
18.250069856643677,-4.585916709688712,0.6351576252451052,0.7254686561490999,0.2851045517114377,0.7794801963240381,-4.581973858239313,0.5811682130228459,0.6991756872787547,0.35287198472813947,0.7831764036841861
18.26006507873535,-4.578665580789115,0.6380487171148848,0.7254686591701958,0.29309841558526906,0.7824394268291934,-4.574980660251422,0.5847965272676757,0.6997685620257522,0.37285026826236944,0.792901862113408
18.270059823989868,-4.571414606511926,0.6410106759492764,0.7254686366226206,0.2992975420224931,0.7847826204649221,-4.56798337705364,0.5886203839264244,0.7003543893389931,0.39215652328676726,0.8026724172554821
18.280070304870605,-4.564152452391459,0.6440303065736879,0.7254685884127796,0.3037075262386366,0.7864750054945314,-4.56096987478537,0.59263919835219,0.7009334733921067,0.4106509079745184,0.812368083039837
18.29006338119507,-4.556902743568852,0.6470798181965678,0.7254685147041983,0.3063144915269804,0.7874853227499216,-4.5539636641039305,0.5968302777434259,0.7015032095260597,0.42808717916624855,0.8218061729762552
18.300062656402588,-4.549648505785749,0.6501483358352789,0.7254684153661837,0.30712748191391354,0.7878018226944533,-4.54694658821547,0.6011929191025658,0.7020645075638762,0.4443153312377327,0.8308493764538817
18.310064792633057,-4.54239228496814,0.6532168399112283,0.7254682903991304,0.30614379307320433,0.7874187338461576,-4.539921260635371,0.6057125921905456,0.7026167063738908,0.45911845549963365,0.8393211496537326
18.320064067840576,-4.535138228874515,0.6562656127437723,0.725468139875415,0.3033640538181397,0.7863420191769418,-4.532892533440763,0.6103708942872443,0.7031592036093576,0.47227062969634614,0.8470374332308633
18.330063581466675,-4.52788377758296,0.6592777744154219,0.7254679637512618,0.2987879392445835,0.7845877892673496,-4.525859077987951,0.6151511387091102,0.7036921753536708,0.48355956356927604,0.8538223053851955
18.34006118774414,-4.5206309829725155,0.6622345283075166,0.7254677620831366,0.29241721069979976,0.7821836734011811,-4.518821841301996,0.620033023227892,0.7042159746227533,0.49277437652017186,0.8595037667565619
18.350067615509033,-4.513371553203627,0.6651212171001042,0.7254675346141022,0.2842427336882517,0.7791643443033273,-4.511771916618253,0.6250011318880665,0.7047320457880083,0.49972443891299123,0.8639281053464202
18.360027074813843,-4.5061463272686915,0.6679041765981819,0.7254672827695028,0.27432072021242015,0.7755995332043635,-4.504751623409388,0.6300018046614415,0.7052384394093687,0.5041921773185672,0.866931951245194
18.37006902694702,-4.498861228273858,0.6706011278934007,0.7254670046749396,0.2625347246139761,0.7715094662414488,-4.497666324079136,0.6350770915668685,0.7057433188286302,0.5060595462730595,0.8684295575608562
18.380067348480225,-4.491607698402627,0.6731642180713541,0.7254667827449524,0.25016587016931685,0.7673884384481456,-4.490608819950754,0.6401336462388898,0.706241475272288,0.5051219527651956,0.8682886666081173
18.390065670013428,-4.484354273269537,0.6756036673109903,0.7254666602467408,0.2378095842667901,0.7634495880532673,-4.483543185315107,0.6451685585143458,0.706736838036903,0.5012565316319889,0.8664496919857094
18.40006446838379,-4.477100515149515,0.6779197405129848,0.7254666371776732,0.2254651235218737,0.7596949148063422,-4.47647372555646,0.6501489302111559,0.7072302241845764,0.49435986485188077,0.8628825331275028
18.41006588935852,-4.469844842981838,0.6801130087653974,0.7254667135789418,0.21312980473494592,0.7561258269477286,-4.469399053668249,0.6550451555437794,0.7077226034954366,0.4843850096276633,0.857613036893884
18.420063257217407,-4.462592008304467,0.6821821829773566,0.7254668893814825,0.20081170528275888,0.7527466695824125,-4.462321062549786,0.6598252552465523,0.7082143284263074,0.47136385644519296,0.8507358110196197
18.430062770843506,-4.455337676910219,0.6841286575805614,0.7254671646626849,0.18850346225919418,0.7495573108758387,-4.455237600495159,0.6644607293866988,0.7087054286649958,0.45540546286734207,0.8424117284491316
18.440065383911133,-4.448081110002432,0.6859526596629751,0.7254675395271859,0.1762038334098987,0.7465594027376337,-4.448144149407855,0.668925913360357,0.7091953503004188,0.43669315061970815,0.8328619049313644
18.450069427490234,-4.44082355656363,0.6876539173305403,0.7254680139765336,0.16391494564930248,0.7437553016350671,-4.4410478855210815,0.6731900290000636,0.7096819969431267,0.41551731803353226,0.822376542935755
18.46006727218628,-4.4335703963966,0.6892313800597002,0.7254685875887034,0.15164590127589606,0.7411485350128724,-4.433950318777095,0.6772293933222481,0.7101626855359183,0.3922236800841094,0.8112770520274252
18.470065355300903,-4.426317141490404,0.690686257049472,0.7254692606299136,0.1393890992450103,0.7387387691919579,-4.426848954083047,0.681026325422461,0.7106340349051611,0.3671917288710864,0.7998940538077072
18.48002576828003,-4.419091181697281,0.6920138663689707,0.7254700299996895,0.12719075583508166,0.7365353031577304,-4.419771338424065,0.6845521870869061,0.7110899900677221,0.3409387803738111,0.7885989005427886
18.490025520324707,-4.411836620039465,0.693224568540327,0.725470901675965,0.11495651478753229,0.7345223138003595,-4.412656930861054,0.6878263765316704,0.711529910060126,0.31366148313125486,0.7775978002221132
18.500028610229492,-4.404579662365317,0.6943133306833099,0.7254718731461685,0.1027306512586325,0.7327093731038474,-4.405536390755587,0.6908256846991632,0.7119471482946216,0.28588116171840333,0.7672006130017804
18.51002812385559,-4.397325286629917,0.6952796021243833,0.7254729116796527,0.0905761773256037,0.7311053203744808,-4.398416556016988,0.6935444557373657,0.7123368780590145,0.25801123830025857,0.7576236710478996
18.520026206970215,-4.390072014505222,0.6961270290042878,0.7254736718960586,0.0790793049409564,0.7297709127420021,-4.391289968788227,0.6959865439282491,0.7126954218557425,0.2303765623922096,0.7490047562157308
18.530028581619263,-4.382815504653104,0.6968638931490808,0.7254740600990285,0.0683936453403942,0.7286908141314232,-4.38415903890794,0.6981550810928708,0.7130190925990458,0.20330412073605406,0.7414369777122171
18.540027141571045,-4.375561865657977,0.6974977264338205,0.7254740759343303,0.058528248906687994,0.7278311554013428,-4.377029849861451,0.7000555783456427,0.7133050172004461,0.177091108263311,0.7349593922042608
18.550028324127197,-4.368306212998946,0.6980371369242218,0.7254737194786409,0.04947632261742237,0.7271588713299982,-4.369916287395776,0.7016951645768728,0.7135518232017256,0.1520092048913193,0.7295635700651436
18.560028553009033,-4.361051264397381,0.6984900591767601,0.7254729907639473,0.04124147456060712,0.7266442868088345,-4.3627585778923,0.7030985650429811,0.7137625642852371,0.12803388117341766,0.7251549302758453
18.570024967193604,-4.35379925367463,0.6988645749203986,0.7254718902934196,0.033825624008938744,0.7262600336281086,-4.355645323820779,0.7042612357701183,0.713938128700804,0.10560287771829385,0.7217060477751247
18.580026626586914,-4.346543228725362,0.6991691870364217,0.7254704169269978,0.02722184331447508,0.7259809602115401,-4.348480766779049,0.7052139601083903,0.7140865359964504,0.08451929044722632,0.7190709918701438
18.59002661705017,-4.3392885175125055,0.6994117938782638,0.7254685715356846,0.02143543874387763,0.7257851791819457,-4.341339572850699,0.7059606244206197,0.7142135685844163,0.06508802223360853,0.7171732511662502
18.60003137588501,-4.33203051703738,0.699600692278476,0.7254663527927312,0.01646307559808267,0.7256531278045563,-4.334194695392613,0.7065212521328726,0.7143285515305583,0.04727454421328746,0.7158911663530425
18.610026597976685,-4.3247792214194725,0.6997438171068867,0.7254637640116477,0.012311029305541375,0.7255682148058235,-4.327054133004149,0.7069116592454261,0.7144408172658515,0.031121053925494524,0.715118312849651
18.62002658843994,-4.3175246998443875,0.6998495558585259,0.7254608019094942,0.008973033124699267,0.7255162923261086,-4.319909137335808,0.70714893498892,0.7145603451723908,0.016607805415319844,0.7147533183508834
18.630029678344727,-4.310267761332148,0.6999260173108115,0.7254574663762045,0.00645041973358405,0.7254861428281875,-4.312760818810422,0.7072492960970034,0.7146968988627267,0.0037272927827832108,0.7147066180996837
18.64002823829651,-4.303014380852559,0.6999813059845815,0.7254537602390678,0.004745083514040465,0.7254692785105088,-4.30561118645947,0.7072288432932013,0.7148605362520861,-0.007555809496499758,0.7149004661823682
18.650029182434082,-4.295759143102078,0.7000233855109239,0.7254499818910773,0.003728598033326418,0.72545956377255,-4.298460872158186,0.7071033443927638,0.715060862140508,-0.01728784345301791,0.7152698134944481
18.66002893447876,-4.288504773940314,0.7000562161495526,0.7254474414913592,0.002849896739239687,0.725453039333204,-4.291310424691437,0.7068881081214567,0.7153059969374593,-0.025522935033790946,0.7157611958379916
18.670026540756226,-4.281252110622784,0.7000806229943763,0.7254462907045258,0.0020449421510989473,0.7254491729165846,-4.284156346013308,0.7065977006569616,0.7156023532808825,-0.03232993897143921,0.7163322922883164
18.680025815963745,-4.2739981772581395,0.7000973521803646,0.7254465289420094,0.0013133992456650866,0.7254477178760632,-4.277001190738522,0.7062461603332965,0.7159545147385689,-0.03778429689183275,0.7169508492680302
18.69002628326416,-4.26674335387099,0.7001071350381601,0.7254481568100699,0.0006553405322577374,0.725448452814079,-4.269837230316298,0.7058462028473743,0.7163648615534324,-0.04197801843870995,0.7175937352712252
18.700031995773315,-4.259484675422501,0.7001107052690104,0.7254511763251199,7.057002569015427e-05,0.7254511797575552,-4.26266827417513,0.7054101659119013,0.7168324568670162,-0.0450087317701625,0.7182440790939812
18.710030555725098,-4.2522311359272695,0.700108796053529,0.7254555833536995,-0.00044020703513972595,0.7254557169126798,-4.255503379727163,0.7049497318425715,0.7173533382575005,-0.0469906488206615,0.718890765684027
18.720026969909668,-4.24497923502243,0.7001021495108319,0.7254613780414636,-0.0008773406062033477,0.7254619085495521,-4.24833152921461,0.7044740857052478,0.7179233594017767,-0.048056058101487255,0.7195299400963007
18.73003911972046,-4.237715669735164,0.7000914808469001,0.7254685738549245,-0.0012414809430488843,0.7254696361158266,-4.24114005158386,0.7039908990092393,0.7185381054885649,-0.04833804433813627,0.7201621869895223
18.740039825439453,-4.230460528020192,0.700077553465535,0.7254771517697505,-0.0015315731626866556,0.7254787684393681,-4.233948096221206,0.7035086458176146,0.7191898172495707,-0.047971157057045785,0.7207879196718426
18.75002884864807,-4.2232136802032585,0.700061113117788,0.7254871070705637,-0.0017478788300356275,0.7254892126048602,-4.226757109046683,0.7030332350248818,0.7198721186796474,-0.047094291126621377,0.7214109366436326
18.760027170181274,-4.215959953489763,0.7000428610798906,0.7254984601182729,-0.0018908749572292675,0.725500924218632,-4.219555517728914,0.7025683511893872,0.7205803843382371,-0.045838408499999726,0.7220368757804925
18.770042657852173,-4.208693717490771,0.7000235135115123,0.7255112252081531,-0.0019603807688975045,0.7255138737445306,-4.212336606327642,0.7021167749397166,0.7213099643969972,-0.0443242651259935,0.7226705371172654
18.780070066452026,-4.201418649065657,0.7000038159200865,0.725525401921531,-0.0019560397773880785,0.72552803868976,-4.205100092966017,0.7016805688941998,0.7220559385877169,-0.04266145645222017,0.7233151307116515
18.790051460266113,-4.194176689413035,0.6999845979563448,0.7255387834657713,-0.0018860462894120125,0.725541234860981,-4.197892279096979,0.7012634383075682,0.7228085213812017,-0.040956066376392174,0.7239679260535694
18.800049543380737,-4.186922774797457,0.6999662995972421,0.7255471332576542,-0.0017661673945157418,0.7255492829061756,-4.190657753463412,0.7008621949436875,0.7235680562119668,-0.03927292885532236,0.7246330760538324
18.810024738311768,-4.179685294373214,0.6999494827668371,0.7255502979499374,-0.001597381406255554,0.725552056356124,-4.183434685663761,0.7004784021570347,0.724324455461633,-0.03767978967613317,0.7253038558630643
18.820026636123657,-4.172428285789735,0.6999345575063387,0.7255482900437271,-0.0013788175304765514,0.725549600181241,-4.176191998736706,0.7001092904798524,0.7250736970069053,-0.036210473228170184,0.7259773167686918
18.830042123794556,-4.165161595906117,0.699922050445756,0.7255410808967377,-0.0011104723030590526,0.7255419307094129,-4.1689224935958284,0.6997531862712079,0.7258079298226139,-0.034887486032816446,0.7266459162997329
18.840023040771484,-4.15792012860928,0.6999125064529523,0.7255287215928505,-0.0007937898999676354,0.7255291558294272,-4.16167464388066,0.6994109020365843,0.726512591416156,-0.03372636365673666,0.7272949972959561
18.85002875328064,-4.150660848970044,0.6999063580687297,0.7255111462742223,-0.0004269591744301345,0.7255112719057317,-4.154402379604486,0.6990786575619264,0.7271818930815579,-0.03271155664236105,0.7279172697248257
18.860026121139526,-4.143407795611807,0.6999041274016264,0.7254884002222306,-1.1070451463305502e-05,0.7254884003066943,-4.147128744657863,0.6987561209352813,0.7278030528474206,-0.03182709419608665,0.7284986257083755
18.870039224624634,-4.136143451309778,0.6999063083814174,0.725460422415787,0.0004549400742991541,0.7254605650634384,-4.139838313051222,0.6984414316953284,0.7283670869601383,-0.031041988529805144,0.7290282699722159
18.880027532577515,-4.128897548870908,0.6999133792091321,0.7254273342377094,0.0009691010435807065,0.7254279815502447,-4.132563028833029,0.6981351027769293,0.7288620859462445,-0.03032381598046326,0.7294926141816157
18.890042781829834,-4.121632345445595,0.6999258731160872,0.7253889614649993,0.0015341098933539076,0.7253905836915966,-4.1252591571266475,0.6978348046083525,0.7292826255963688,-0.02962847810613028,0.7298842337738355
18.900030374526978,-4.114387759058847,0.6999442139178667,0.7253455152504394,0.0021468606371889557,0.7253486923573523,-4.117973637422328,0.6975423997294792,0.7296190328775584,-0.028919664056363648,0.7301919474400662
18.910062789916992,-4.107110900503778,0.6999690472944492,0.7252966646444167,0.0028119592179379114,0.7253021155759569,-4.110650184437583,0.6972559584410748,0.7298690943310464,-0.028152027090616576,0.730411823212722
18.92002844810486,-4.099883161101519,0.7000005664239566,0.7252429759042773,0.0035219180442631194,0.7252515274063218,-4.103377979751829,0.6969796619547709,0.7300276677079336,-0.027298647760484303,0.7305378920963896
18.93004608154297,-4.092618127482373,0.700041102543009,0.7251965219368744,0.004719609806384901,0.7252118794849297,-4.096064112153088,0.6967109787644717,0.7300978552707745,-0.026317596976331823,0.7305720321649286
18.94003939628601,-4.085371158251059,0.7000979380063953,0.7251695331362704,0.006803005230288053,0.7252014428207102,-4.08876821268054,0.6964534865362116,0.7300819541322267,-0.025190316069369664,0.7305164007557978
18.950032711029053,-4.078124362875133,0.7001800282180906,0.7251618727418703,0.009773937878039355,0.7252277377073634,-4.081471799312149,0.6962080625914318,0.7299866946879547,-0.023890862308570415,0.7303775378003435
18.960027933120728,-4.070876269718748,0.7002962666471395,0.7251735445115551,0.013633166488839759,0.7253016840515158,-4.074176375574955,0.6959765897900451,0.7298214108482296,-0.02239114264246625,0.7301648135875459
18.97002601623535,-4.063625790560706,0.7004555705122901,0.7252045636932372,0.018381801522749323,0.7254374885741157,-4.066880453645769,0.695761190411881,0.7295978624204861,-0.020652433742030192,0.7298901039663516
18.980059146881104,-4.056349482190338,0.7006676349558654,0.7252551403025551,0.02404014531547413,0.7256534621443406,-4.059563725957682,0.6955639673698414,0.7293288332672279,-0.018616705234520695,0.729566397765635
18.990025281906128,-4.049121181369733,0.700938909381416,0.7253246669813125,0.030546369671849295,0.7259675979213406,-4.052294962773634,0.6953899410620648,0.7290315351423459,-0.01623668248326711,0.7292123209944192
19.0000102519989,-4.041878300286478,0.701280145497145,0.7254136046225863,0.03795024379284886,0.7264056158755042,-4.045016542421266,0.6952415030822651,0.7287185973888141,-0.013414014625551016,0.7288420473385815
19.010027408599854,-4.034611241322187,0.701701212645933,0.7255222164714035,0.04626816333300383,0.7269960313040145,-4.037717561095868,0.695123489449598,0.728403689088502,-0.010044060333002239,0.7284729352733099
19.020025968551636,-4.027356441960805,0.7022090398311143,0.7256499940360851,0.05545998948712849,0.7277662566226073,-4.030436871329005,0.695042536923828,0.7281016599091579,-0.006033448690508515,0.728126657708377
19.03002619743347,-4.020099042407077,0.7028133244341688,0.7257971467699096,0.0655420620738469,0.7287504786689568,-4.0231911352861385,0.6950055129437459,0.727824712460389,-0.0012789212241664715,0.7278258361088493
19.040026903152466,-4.012839745649488,0.7035229108779347,0.7259636627036712,0.07651342052244567,0.7299846183901235,-4.015878312849385,0.6950204060407141,0.727579141334345,0.004415889547979243,0.7275925418703265
19.050055503845215,-4.005558474444285,0.7043491235116969,0.7261500799640456,0.08840787924372513,0.7315120585090602,-4.008608452920667,0.6950970523209767,0.7273774848797079,0.011102341127804609,0.7274622103507837
19.06002926826477,-3.9983149449936524,0.7052935722677736,0.7263523224034671,0.10112447323885157,0.7333579312646352,-4.001329932460889,0.6952463918102979,0.7272247030614085,0.018947532283326875,0.7274714961580154
19.070026874542236,-3.991052427968828,0.7063720172159065,0.7265098236815011,0.11477048808094238,0.7355194007230969,-3.994059240879021,0.6954802773823032,0.727126117621242,0.028057132788781986,0.7276672272593206
19.080024242401123,-3.9837887117440562,0.7075914111603631,0.7265951306400289,0.12932195578055466,0.7380139918163533,-3.986817670556744,0.695810669319784,0.7270847821384836,0.03850912391871139,0.7281038614389795
19.090027332305908,-3.9765203182824798,0.7089616425401282,0.7266082304122088,0.14478806921831616,0.740893450835361,-3.979518330599878,0.6962562470925169,0.7271014470213194,0.05053766573869899,0.7288556578080553
19.10004162788391,-3.969244184313271,0.7104928866152278,0.7265489484581409,0.1611791599425541,0.744212399860025,-3.972243478349432,0.6968284022762413,0.7271749661584438,0.06411180356355976,0.7299957224283622
19.110069513320923,-3.9619590576858226,0.712195267284665,0.7264170009850268,0.17850304530343236,0.7480274035773554,-3.964959834870125,0.6975454340816581,0.7273009619755041,0.07936589464882574,0.7316185034045422
19.120037078857422,-3.9547193502195457,0.7140640930665036,0.7262138647966321,0.1966257073664538,0.7523617788140352,-3.9576963419551054,0.6984211155313224,0.7274713685776414,0.0963001869077849,0.7338176327253938
19.130038022994995,-3.947457900814637,0.7161252123437778,0.7259379277608149,0.2157133872446234,0.7573098047683094,-3.9504230470822255,0.6994759243433857,0.7276763318081302,0.11502822431730746,0.7367118407242609
19.140043258666992,-3.9401962962317514,0.7183828201323381,0.725589573597168,0.23571640064727004,0.7629170668211745,-3.943142174330359,0.7007279661299556,0.727902770358971,0.13558572265144156,0.7404228057557238
19.15003514289856,-3.9329483590462235,0.7208416277381365,0.7251695287886615,0.25659742094863836,0.7692288878617742,-3.9358647381461918,0.7021936513255692,0.7281348580663501,0.1579654098016751,0.7450727764622158
19.160027027130127,-3.9257049298757107,0.723513612756425,0.7246773671208565,0.27838306008079194,0.7763081956009239,-3.928586099371296,0.7038920248394486,0.7283553474938601,0.1821899385399154,0.7507960348377447
19.17003083229065,-3.918458179780568,0.7264113720456709,0.7241123776833225,0.3011006834577753,0.7842195847420121,-3.921297261579398,0.7058440152561615,0.7285457391083757,0.20829202650465575,0.7577364068582066
19.18006443977356,-3.911195794767922,0.729550646224193,0.7234730878577967,0.3247969619085304,0.7930361752905769,-3.913987728736553,0.7080724067140438,0.7286865536734416,0.23631077091504846,0.7660462609757599
19.190061807632446,-3.9039664758916275,0.7329195513845456,0.7227637913832956,0.34931445630649055,0.8027503270129854,-3.9067029181023973,0.7105819134931086,0.7287572559603714,0.26605727661440515,0.7758051382624147
19.200067043304443,-3.8967389953580573,0.736540816162767,0.7218997603693551,0.37458931162752046,0.8132997088447235,-3.8994087208112167,0.7134014275187257,0.728739381482741,0.2976425362973515,0.78717988130882
19.210031032562256,-3.88955337839012,0.7403967193421577,0.7202889265670327,0.39926334235135846,0.8235455993936621,-3.8921537227140024,0.7165287976573131,0.7286155352628955,0.3307946928092041,0.8001910565715986
19.220083713531494,-3.88232432351154,0.7445324051519281,0.7177829638088798,0.423404664631414,0.8333570022300767,-3.8848268158189603,0.720030637990189,0.7283656277720305,0.36592160427445664,0.8151166224501475
19.230060577392578,-3.875179297159686,0.7488729686151863,0.7144213364752444,0.4466155061361538,0.8425338309719838,-3.877561289909475,0.7238618855836475,0.7279723714661162,0.4022365146999855,0.8317078738210867
19.24006700515747,-3.868050978825144,0.7534553712751741,0.7101744333477363,0.4691475684155937,0.8511446215133139,-3.8702796930972005,0.728074289079952,0.7274041522443829,0.43992008935069904,0.8500861637014783
19.250030517578125,-3.860999695932117,0.7582384979160912,0.7050747579633048,0.49083885912580916,0.8591002269496492,-3.8630359559910494,0.7326489849835098,0.726623936738361,0.4784612571753182,0.870004321862219
19.260063886642456,-3.8539549762811633,0.763269617293586,0.6990613462378024,0.5119307612551749,0.8664640039396394,-3.8557519275585768,0.7376462154683348,0.7255653481354607,0.5180083068563748,0.8915030456409785
19.27007746696472,-3.8469885015420724,0.7684982033270712,0.6921809597342541,0.5322306101166508,0.8731459805575328,-3.84849347255466,0.7430325115053095,0.7241588315081235,0.5579061280854454,0.9141472862763989
19.280051231384277,-3.840122771445896,0.7739041798261345,0.684455596194282,0.5517033028845721,0.8791222881803281,-3.8412792338196633,0.7487961651375142,0.7223151857924764,0.597720575518219,0.9375548592078495
19.29006290435791,-3.8333126405647926,0.7795224283981081,0.6758248828108516,0.5705018779691964,0.8844273090495799,-3.8340579188284036,0.7549803090044084,0.7199081700939989,0.6373946051294219,0.9615298518590994
19.30003261566162,-3.826621371562597,0.7853003455596841,0.6663585397723215,0.5884760476206177,0.889009427481331,-3.826897427582612,0.7615276053894433,0.7168313077946704,0.6762176103199612,0.9854528808326942
19.3100266456604,-3.820012727291899,0.7912686067446189,0.6559956016160433,0.6057479234383945,0.8928946052527821,-3.8197524192982732,0.7684759206920565,0.7129281657901604,0.714112832580406,1.0090707146840272
19.320024490356445,-3.813509716984669,0.7974079750493811,0.6447541074407824,0.6222781480798029,0.8960680513439753,-3.812645013646899,0.7758026958472527,0.7080590315805325,0.7506565069571262,1.031907352255926
19.33002758026123,-3.8071200167541037,0.8037123525396378,0.6326307518145544,0.6380688244525614,0.8985285153403435,-3.8055914015256502,0.783487059165671,0.7020843107747956,0.7854940905675599,1.0535289961613197
19.340025901794434,-3.8008589287074184,0.8101679974936159,0.6196728466663608,0.6532187822512403,0.9003828154631698,-3.7986066970071843,0.791506592455056,0.694870959626851,0.8183220607059959,1.0735439653646461
19.3500657081604,-3.794705924299047,0.8168014477082575,0.6059309090632973,0.6681761181670791,0.9020042081094192,-3.7916727411686786,0.799877768408547,0.6862519606217848,0.8490402333605253,1.0917009990478799
19.36006236076355,-3.788720012466261,0.8235544937364505,0.5915298662734657,0.6828445411179016,0.9034291615993043,-3.784862482078882,0.8085070469202477,0.6761820192515559,0.877199535967658,1.1075654152513907
19.37007784843445,-3.782870770533636,0.8304662099079865,0.5763830515104338,0.6973158046372472,0.9046915239270074,-3.7781455996079387,0.8174254213088922,0.6645050428499935,0.9028627585992256,1.1210388542947451
19.38006353378296,-3.777193639724983,0.8375004039302104,0.5605655329898898,0.7115197046807068,0.9058112424369436,-3.7715760996445487,0.8265565386977249,0.6512166849676959,0.9258101843177526,1.1319044430369494
19.390058755874634,-3.7716728066099288,0.8446822747470136,0.5440168165432826,0.7255132190708792,0.9068206701043361,-3.765144882529725,0.8359077252831706,0.6362311286075458,0.9461329297339001,1.1401568180456951
19.40006422996521,-3.766315468674434,0.8520106006070185,0.526733370812601,0.7392968406325868,0.9077487882101134,-3.758857369871513,0.845471305427972,0.6194961875016087,0.9639182044772885,1.1458245202699007
19.410059690475464,-3.7611397570834484,0.859468162627987,0.5087504940080907,0.7528423719627475,0.9086246211587996,-3.7527552670616866,0.8551855013934606,0.6010811751169138,0.9792168853942423,1.148984024136598
19.42005944252014,-3.7561453943546654,0.8670630954667411,0.49004351025034876,0.7661690871873363,0.9094821120285763,-3.746847167618016,0.8650385455614665,0.5809973401232862,0.9922437184770364,1.1498284681149054
19.430075645446777,-3.7513338086611494,0.8748032002900207,0.47058646022296025,0.779293188893568,0.910356793131727,-3.7411591142793057,0.8749916360390674,0.5593314647252715,1.0032230560906727,1.1486114171919182
19.440074920654297,-3.746728388932083,0.8826601341751176,0.45044496388625077,0.7921704490170378,0.9112818915057739,-3.7356590566143177,0.8851123889038641,0.5359486869368684,1.012522148458481,1.1456186521475336
19.45014786720276,-3.7422962858675564,0.8907040536061277,0.4294300661040986,0.8049158507550707,0.9123046138603759,-3.730380267127087,0.8953606164227013,0.510951380261948,1.0204007371597985,1.141178766621536
19.460034608840942,-3.73815559562028,0.8987227941167691,0.40809675344174795,0.8172039326095484,0.913435946107994,-3.725457994873151,0.9054793187094987,0.485029369274748,1.0270154931729825,1.1357879697709448
19.470083713531494,-3.7341664823574092,0.9069969129791695,0.38569400723328284,0.8294695548927093,0.914756584950104,-3.7207205705013244,0.9158326831846597,0.45730918122076947,1.0329417199032156,1.129646087916664
19.4800968170166,-3.7304163248340467,0.9153639833406924,0.3636452969960299,0.8418985473791937,0.9170774591639068,-3.7162856009307554,0.9262017390242145,0.4283987285091705,1.0383344060899142,1.1232380911713993
19.490034341812134,-3.7269039374235198,0.9237952691068334,0.3435440167174045,0.8550970983620381,0.9215278286896741,-3.712175555344945,0.9365477519459365,0.39852112626126385,1.043443078821778,1.1169568240615289
19.500067710876465,-3.72355126198292,0.9324452910937524,0.3250659531030594,0.8693027072668741,0.9280921671516881,-3.7083324085719993,0.9470426175337416,0.3673513530636878,1.0485757473981012,1.111061706040312
19.51002860069275,-3.7203971989475058,0.9411781345011723,0.3085274169368064,0.8842801100765696,0.9365577825626821,-3.704831336195219,0.9575123643448599,0.33563705031527025,1.0538442582276262,1.1060017857777946
19.520066738128662,-3.7173762271254,0.9501340247529778,0.29368102994211415,0.9002551111392076,0.9469465731920297,-3.701624076536083,0.968121025337085,0.3031300446939104,1.0595238182540259,1.1020338222775752
19.53007698059082,-3.7145028677766634,0.9592293740172739,0.28069537605036093,0.9170673685410073,0.9590633204219529,-3.6987533756776325,0.9787564942635698,0.2704577433783965,1.0657433899348914,1.099525517731739
19.540085554122925,-3.7117509522733187,0.9684955244536325,0.2695291652365696,0.9347559567055199,0.9728384601307526,-3.696209366255111,0.9894584640214734,0.23788019071076194,1.0726909802946545,1.0987506197213703
19.5500648021698,-3.7091092593636628,0.9779154216844119,0.26020408001688344,0.9532690414285923,0.9881437287174472,-3.693995571910383,1.0002019390561152,0.20592670948240221,1.080494750368694,1.0999430509133443
19.56003427505493,-3.7065541331912133,0.9875147299208589,0.2526916990940665,0.972636871295063,1.004925658043268,-3.692098746817344,1.0110134439515395,0.1749680208198452,1.089309425283157,1.1032718759763323
19.57007884979248,-3.7040463158418486,0.9973862583438615,0.24694552447556256,0.993033745438274,1.023278120374748,-3.690491678960687,1.0220064562514184,0.14517321574042522,1.0993633452187248,1.108907131990286
19.580071926116943,-3.7015995623771207,1.0074148034153951,0.24304460559970675,1.014205120740872,1.0429202784720046,-3.6891815721118553,1.0330468695778146,0.11741065331975911,1.110654756237193,1.1168434308645376
19.590086936950684,-3.699177464707371,1.0176819946896432,0.24095217158061208,1.0363027557652424,1.0639461220362845,-3.6881352897688053,1.0442347490407176,0.09188985638477247,1.1233804983853213,1.127132418954786
19.6000714302063,-3.696774568404592,1.0281425373074342,0.2406768287774168,1.059209762423778,1.0862093061303564,-3.6873350326721015,1.0555017897781376,0.06919520866195816,1.1375536344626322,1.1396561973599388
19.61002826690674,-3.6943720950310737,1.038806202778836,0.24220494620221647,1.0829137234874644,1.1096690355607401,-3.686745694798069,1.0669236778425475,0.049559488282203745,1.1533315587767587,1.1543958711591193
19.62006688117981,-3.691924280036293,1.0497953920283039,0.24586364065575833,1.106193979485404,1.133187561724121,-3.6863330810764183,1.0785878543188576,0.03321765650613234,1.17091167913889,1.1713827611193595
19.63007116317749,-3.6894366428495644,1.0609714010843319,0.25183025659604336,1.1277470195162511,1.1555223140056694,-3.6860668607621783,1.0903940298526533,0.020654493791381894,1.1901623366445444,1.1903415458098487
19.64006543159485,-3.686880375894239,1.072343114393377,0.2601036854853999,1.1476355263996385,1.1767417850393787,-3.6859068610925623,1.1023937703782598,0.012029762029108378,1.211106325724041,1.2111660692833432
19.65007185935974,-3.684226597808144,1.0839194896180735,0.2707030299158711,1.1659033643309553,1.1969172007135136,-3.6858132091420077,1.1145547340537736,0.007484752976096163,1.2335575533312944,1.2335802604240238
19.660069227218628,-3.6814577159900495,1.095659790440378,0.2836070324689919,1.1825112800443576,1.216045178559585,-3.685743717899203,1.127079007037535,0.007030346082798248,1.257688280993092,1.2577079302896212
19.670071601867676,-3.678546721395844,1.1075641041381212,0.29883264488201794,1.1974837429508545,1.2342075450582735,-3.685658404039462,1.1397816982222115,0.010714768360284206,1.2828471169137354,1.282891862798614
19.680070638656616,-3.67547292431592,1.1196058519985912,0.31636745824250867,1.210807503974181,1.251456423658056,-3.685515856680746,1.1527411240573282,0.01845975510811831,1.3087863690420847,1.3089165452193718
19.69006586074829,-3.6722135879888786,1.131767657237841,0.33620772908004104,1.222483515105223,1.267872857110357,-3.685276191734437,1.16594916482571,0.03016256345879378,1.335042109831826,1.3353827972752303
19.70003843307495,-3.6687524519820327,1.1440102372529946,0.3583076474726492,1.2324967707867893,1.2835235331840424,-3.684900919427488,1.1793961640583333,0.045695151995564176,1.3611147301213657,1.3618815497205534
19.710076808929443,-3.665034256137169,1.1564261830066103,0.3828779279410647,1.2409252482705502,1.2986496754320505,-3.6843480644670796,1.1931882902047792,0.06512239970463116,1.3867262503219173,1.3882545228722198
19.720083713531494,-3.6610705556275818,1.1688793049701482,0.4096927282900856,1.247678870953147,1.3132214956497983,-3.683587211256564,1.20713082208966,0.08814695880664264,1.4110487509127558,1.413799301102992
19.730067014694214,-3.656837309750905,1.1813621191633223,0.4387535099101878,1.252776401878188,1.3273859105630768,-3.6825731353705886,1.2213829440333757,0.11490142022952513,1.4337979597610357,1.4383945654046635
19.740027904510498,-3.6523130004915507,1.1938593875751822,0.4700476978207618,1.2562298058348007,1.3412897387568203,-3.6812810417636754,1.235774692405623,0.14492661912733923,1.4541800117338708,1.461384012317776
19.75006651878357,-3.6474264412415303,1.2064807379612235,0.5037944296901818,1.2579344487506348,1.355067490843323,-3.679660866480724,1.2504655401715064,0.17842325463363728,1.4720181925410223,1.482792101734359
19.76006317138672,-3.6422195498960117,1.219049829462302,0.5379360873724816,1.2560430670032448,1.3663891906278136,-3.677697818271451,1.2652569719715863,0.214788016688844,1.4867060455964767,1.5021413908571457
19.770061492919922,-3.6366705101666064,1.2315811247643154,0.5720690791917694,1.2499696963233904,1.3746589661054511,-3.67535741173901,1.2801798631356194,0.25380751592417494,1.497993871251577,1.51934324411796
19.78005337715149,-3.6307839957793377,1.244023176585784,0.6061669637783531,1.239721888428516,1.3799814305363072,-3.6726171321749246,1.2951885741617242,0.29502238150834736,1.5056105460045275,1.5342429148706889
19.79006338119507,-3.6245453329220023,1.256363991981965,0.6403120254488011,1.2252674784595814,1.3824904642365698,-3.669449129901767,1.3102846290101757,0.3381213804783864,1.5093813229518518,1.5467895933230518
19.80008625984192,-3.617956415048803,1.2685544023026551,0.6744860282721855,1.2065949220996766,1.3823178752989893,-3.6658385785745873,1.3254132660528253,0.3826842253691142,1.5091319436685606,1.556896412657954
19.81006383895874,-3.6110569216493476,1.2804833615656657,0.7084925522038499,1.183831872025522,1.3796447360649686,-3.6617947930034282,1.3404497159180915,0.4281374009879905,1.5047181473244038,1.5644418611799344
19.820080041885376,-3.603789625309596,1.2922089235099126,0.7426160157596724,1.1567920403648606,1.3746440890333276,-3.6572739563153913,1.3554830193906946,0.4746176835800001,1.4958868390912003,1.5693754748093611
19.830063104629517,-3.5962063885508346,1.3036052745778024,0.7766122842916781,1.1256655607043684,1.3675706909219056,-3.652303232408412,1.3703492040323955,0.521464656781086,1.482407006158894,1.5714502601675917
19.84006118774414,-3.588271644257724,1.3146864799398132,0.8106456362053673,1.0903134429000967,1.3586499737855469,-3.6468520923742114,1.3850905724401181,0.5683632591519415,1.4640372466381741,1.570490959508428
19.85006594657898,-3.5799910040870224,1.3254004187331638,0.8446877924487639,1.0507513463634854,1.3481750103738919,-3.640933113308052,1.3996223467129703,0.61505365539354,1.4405818483564075,1.5663866255899017
19.860062837600708,-3.571376779762235,1.3356896581849669,0.8786889619781695,1.0070378526924122,1.3364952407912336,-3.6345523189888134,1.4138837778258972,0.6615150260443098,1.411814304836852,1.5591092845032923
19.870065212249756,-3.562417623429823,1.3455263558121446,0.9126949634603363,0.959115506323852,1.3239768316691662,-3.6277034068448932,1.4278405560689538,0.7076915690353517,1.3775770933428735,1.5487239925134233
19.880090475082397,-3.553096812841632,1.3548834515481294,0.9467642497755093,0.9068840253104322,1.311030579359702,-3.6203819937032766,1.4414497499494756,0.7535884625751178,1.3377200267472458,1.535379575507953
19.890061140060425,-3.543488769294398,1.3636504663884161,0.980310337550193,0.8514399229007618,1.298444569558912,-3.6126387366310926,1.454570579819653,0.7989964235029208,1.2923819992895544,1.519423086851758
19.90006732940674,-3.5335196063275767,1.3718916040110565,1.0119145155826197,0.7958789140421464,1.2873982416733813,-3.604416160043275,1.4672540220440957,0.8441353226196918,1.2413907802598012,1.5012046869791904
19.91006302833557,-3.523256593895684,1.3795721452897607,1.041171940951545,0.740980853105394,1.277924737726602,-3.595755906463617,1.4793866427104283,0.888533982811324,1.185406657558973,1.4814457743689744
19.920095920562744,-3.5126730282717578,1.3867324562311454,1.0682123259267642,0.686487325636126,1.269780461938562,-3.5866238126820074,1.4909763408223395,0.9322244339944128,1.1246679923704268,1.460794471648469
19.93008303642273,-3.5018799166060015,1.3933201151996562,1.0928151570480638,0.6328480088985831,1.2628307764070708,-3.5771004881411166,1.5018891716208682,0.9747678566984582,1.0601801327092226,1.4401924483359336
19.94008231163025,-3.4908390467247505,1.399382148489214,1.1151349502943873,0.5797484432717651,1.2568349990528194,-3.567147147529031,1.5121494526310586,1.0164736560155365,0.9920775727866252,1.4203649544394543
19.95006513595581,-3.479605214451518,1.4049075899332415,1.1351093348782184,0.5273401346317896,1.2516232738812207,-3.5567894730721386,1.5217057056352443,1.0573852154362946,0.9210410314551789,1.4022767470964064
19.960054874420166,-3.4681754364200352,1.4099161844430816,1.1527884428445856,0.47549928051956714,1.2470047151998547,-3.546080573807785,1.5304981874361951,1.0973385997769545,0.8482020066182245,1.3869385878948028
19.970031261444092,-3.4565962237204637,1.414404236335342,1.1681384280628273,0.42433104974827385,1.2428210759789864,-3.534882675571597,1.5386261822021956,1.13688432168584,0.7733006887811836,1.3749545142165704
19.980062007904053,-3.4448114352469092,1.4184050394962888,1.1812490190499076,0.3734928950241033,1.2388890941645483,-3.523282104577943,1.5460055082710529,1.1756351573242796,0.6976168345777134,1.3670359435739472
19.99002957344055,-3.4329817532121787,1.4218786319035246,1.191970341380883,0.32357694088505573,1.2351094410634995,-3.511375982772849,1.5525829628503653,1.2131729356749998,0.6223484223743597,1.3634904219268105
20.000036478042603,-3.4210096932532355,1.4248684041123134,1.2004203419878903,0.2740702687108846,1.2313096725233583,-3.499051202914884,1.5584355289687681,1.249630391235936,0.547378491803905,1.3642577938168419
20.010029554367065,-3.408981128100747,1.4273627342051523,1.2065456194327782,0.2252362551638633,1.2273889776320575,-3.486389981000081,1.563535494005196,1.2844574430864926,0.47375344977203215,1.3690409980242344
20.020034074783325,-3.3968893690951485,1.429374057110177,1.21036223963086,0.17695339334603064,1.2232290278361229,-3.473374453963178,1.5679127619428097,1.3174217650393973,0.40169296460950155,1.3773007459579376
20.03002643585205,-3.384784863001009,1.4309064802371971,1.2121373926266135,0.1304078239409926,1.219132174601536,-3.460055975346275,1.5715743709353103,1.3481272706227025,0.33160250330701796,1.3883109730878376
20.040024995803833,-3.3726618420534873,1.431995656646459,1.212567478666121,0.0882068660167263,1.2157715005424359,-3.4464318766838593,1.574547833244614,1.3763201251461752,0.2634454112855089,1.4013067371599175
20.050029039382935,-3.3605348547412555,1.432685656714916,1.2116832331280365,0.05049183530728368,1.2127347949474814,-3.4325320610917656,1.5768512584820622,1.4016518789675831,0.1973325032809056,1.4154745164306084
20.060024738311768,-3.348432970957286,1.4330207763381726,1.2094863817991783,0.017310367882761114,1.2096102498713808,-3.418410837443103,1.5785024555785419,1.4237487676508944,0.13350407802555747,1.429994367903907
20.070085287094116,-3.336281592735329,1.4330459774069981,1.2059497535571075,-0.011540463720540621,1.2060049711370735,-3.4040690165690117,1.5795284548801598,1.4423791932235197,0.07196671547567512,1.4441734470556118
20.080028533935547,-3.324313460348686,1.4328080529522285,1.2011477318128865,-0.03557415555349502,1.2016744127185974,-3.3895696398087662,1.5799494204326854,1.457408333077473,0.012556388547109634,1.457462422231532
20.090051412582397,-3.3123039686318947,1.432348886612849,1.1949923894518604,-0.05529299949013747,1.1962709252675512,-3.374900706726914,1.5797857311864254,1.46872492317982,-0.044893298623072966,1.4694108711421827
20.10003137588501,-3.300414205549848,1.431717810082106,1.1875522123519708,-0.0704297499207268,1.18963885559272,-3.3602054493711875,1.5790625235304079,1.476088654684718,-0.09955303186302211,1.4794419632557612
20.110027074813843,-3.288586569319137,1.4309567790244806,1.1787885371710285,-0.08109264630911726,1.1815745565351468,-3.3454254383423927,1.5778054330047044,1.4795436458361906,-0.1513699865018494,1.4872667120418641
20.12004804611206,-3.276823508012101,1.430109453919356,1.168684937611552,-0.08726401259171923,1.171938347906461,-3.3306010327310642,1.5760426029874461,1.479182950328344,-0.2000145183912991,1.492644635574512
20.130027770996094,-3.265215927546862,1.4292266132309706,1.1573115464616293,-0.08891361787924593,1.1607220369312303,-3.3158579818655305,1.5738193646643612,1.4752236748820777,-0.2449491506807072,1.495421337734547
20.140024423599243,-3.2537089911403605,1.428348242276674,1.1446069329541027,-0.08606742393326185,1.1478382431462655,-3.301143681734859,1.5711609785841036,1.4679150540171932,-0.28623000070365584,1.495560837650249
20.15003204345703,-3.2423233488942325,1.427519974210176,1.130573353877162,-0.07870838826861407,1.1333098071052317,-3.2864998788363824,1.5681057036576218,1.4575201376100289,-0.32356420020307647,1.4930032629541752
20.16002607345581,-3.231100007734815,1.4267888460813916,1.115245797997298,-0.06685648423843893,1.1172479489510618,-3.2719977153314503,1.5647036509580776,1.444350528530117,-0.35653719357669567,1.4877053537810416
20.17004084587097,-3.220009530086795,1.4261910931986284,1.0998012325475988,-0.05249903845401563,1.1010535410014417,-3.257607088419319,1.560986354017493,1.4286368878714513,-0.3849203968172145,1.4795834107183508
20.180025815963745,-3.209099260369877,1.4257387450940917,1.085759281596448,-0.03809184933646257,1.0864272670357216,-3.243432028648544,1.5570223324002381,1.4106231934271682,-0.4083232879337142,1.4685318182809868
20.19002366065979,-3.1983085820438455,1.4254303899173855,1.0730588123732898,-0.023577428168508573,1.073317804720958,-3.229429409125249,1.552844701334862,1.3903658374407815,-0.4265374198751669,1.4543216055866632
20.200030088424683,-3.187628893518197,1.4252675139990012,1.0617096186430806,-0.008961653821234355,1.0617474396288635,-3.215627035173534,1.5485089569890658,1.3680836622131893,-0.43909854840423074,1.4368230378252411
20.210028409957886,-3.17706458080355,1.4252512888135151,1.0517309109110395,0.005730857977468598,1.05174652445298,-3.202069014789139,1.5440816844687022,1.3441191695339374,-0.4456000465527111,1.416056405443081
20.220044374465942,-3.1665749227878117,1.4253827680320759,1.0430988895981366,0.02053808744564959,1.0433010622618912,-3.188730258299178,1.539611519338497,1.318780826929286,-0.4458147349409604,1.392096852724971
20.23003911972046,-3.156186704264003,1.425662254499384,1.0358461239752743,0.03540289016333362,1.0364509429715023,-3.1756794133446595,1.5351810468082967,1.292624205991355,-0.43968538066037854,1.365357305572883
20.240032196044922,-3.145866086486442,1.426090661866083,1.029953991710469,0.05035353865540503,1.0311841270575541,-3.1628961956924417,1.5308442429504192,1.2660958373173132,-0.4273827079240231,1.336283895100401
20.250077724456787,-3.135543609721794,1.4266723558664598,1.0254007560901295,0.06547218907741857,1.0274888408799379,-3.150306830494625,1.5266362286219248,1.2395518283668163,-0.4091532552556607,1.3053333373103673
20.260062217712402,-3.125322613123655,1.427401434307391,1.0222362670493244,0.08058732417498482,1.0254078712827503,-3.138062590995095,1.5226647249479708,1.2138337792002891,-0.3857601762711195,1.2736574724486884
20.27008080482483,-3.1150913724341653,1.4282851611467169,1.020424708058044,0.0958433750170225,1.0249158684253052,-3.12602156482492,1.5189354530592132,1.1891477149954575,-0.35768199958827923,1.2417764295187712
20.280064344406128,-3.104907343906696,1.429318266288636,1.0199784868796433,0.11113439653842419,1.0260150914052124,-3.114269910993113,1.5155214487064412,1.1661312494813012,-0.32593335859284245,1.2108239530420726
20.2900652885437,-3.094702980830238,1.4305067034171104,1.0208916570032625,0.12654110499879617,1.028704246415452,-3.102711050147178,1.5124325102166236,1.1449936939067094,-0.2911608444014212,1.1814335344820206
20.30008339881897,-3.0844654570999865,1.431852004895724,1.0231546376187064,0.1419693586570474,1.032957264981548,-3.091336400100967,1.5096989041168758,1.1260636657244916,-0.2542240880533432,1.154404290624144
20.31006407737732,-3.0742393645537036,1.4333317150727498,1.026088945500534,0.15360067158795265,1.0375218987523434,-3.0801841123782507,1.507351482254032,1.1096778246996963,-0.21618059975782988,1.1305392192851627
20.320063591003418,-3.063962891045211,1.4349021882433866,1.0293633006017373,0.15955954076101383,1.0416563980860332,-3.0691574789395077,1.5053815369563552,1.095959255504032,-0.17782248175512927,1.110291639499508
20.33007836341858,-3.053636057645915,1.4365062162288644,1.0329782992174208,0.15981458255496467,1.0452678448375483,-3.058243887270187,1.50379101396791,1.0850383953497,-0.14013496833727584,1.0940503319015726
20.340075492858887,-3.043289877693561,1.4380814087818201,1.0369217935046813,0.15436703915395106,1.04834917304404,-3.0474377960519807,1.5025721587302845,1.0768962069432784,-0.10397155907514498,1.0819036581994428
20.350064039230347,-3.032911392465069,1.439572455828155,1.041196183535651,0.14323427604216044,1.051002164813435,-3.036707878411034,1.5017052494285172,1.0713891729118312,-0.0699899570047088,1.0736728337413677
20.36003351211548,-3.0225086228248794,1.440921469726409,1.0457954797621147,0.12645188336517368,1.05341267521208,-3.026043856641761,1.5011652737109893,1.0683321624851958,-0.038907291353145204,1.0690404046249764
20.3700749874115,-3.011982652520054,1.4420824169389035,1.0507644257720494,0.10382110360081409,1.0558810065632187,-3.0153214722036004,1.5009169035099246,1.0674828283488234,-0.011162628207815497,1.0675411903472902
20.3800630569458,-3.0014613583307215,1.4429832364273458,1.0560419526901499,0.07560832615298241,1.0587451179699865,-3.0046544184609534,1.500925655226528,1.068595518465576,0.012124831125779827,1.068664303518435
20.39008927345276,-2.9908455085488024,1.4435754365924263,1.0616754299237225,0.041569394661610026,1.0624889331547194,-2.993928381557844,1.5011439841153682,1.0713910129679673,0.03059043588037512,1.0718276342005175
20.400066137313843,-2.9802239684244416,1.4437975434220496,1.0676154081437481,0.0020093328902193244,1.0676172990002577,-2.9832204318839306,1.5015182853334577,1.0755835338357351,0.043462650746993466,1.0764613045848528
20.41007089614868,-2.969511418092085,1.4435954477434452,1.0739067698651907,-0.04335976855629837,1.07478175453975,-2.9724335193580784,1.501992193835743,1.0809353122246874,0.05019051797271775,1.082099920205455
20.42006230354309,-2.9587487161556023,1.4429121603902828,1.0805242116305271,-0.09436263909477288,1.0846367500581486,-2.9616015769958457,1.5024992761077196,1.0871826925189596,0.050123252756093487,1.0883375153782149
20.430067777633667,-2.9479029895070585,1.4416887325246703,1.0874859131534982,-0.15113968609304967,1.0979384390846343,-2.9506916274088586,1.5029699907566474,1.0941185467228212,0.0427167845344005,1.0949521076119342
20.44007182121277,-2.9369876743281456,1.4398695126037258,1.0946603191192417,-0.21321049905007566,1.1152308869285419,-2.9397100062177763,1.5033277250945287,1.1015427807488343,0.027453673203336373,1.1018848406218456
20.4501051902771,-2.925972381957012,1.4374111092807804,1.100909450606278,-0.2769302094583215,1.1352056903243777,-2.9286190011245696,1.503491779360352,1.1093111989199742,0.0037799647513074974,1.1093176389938058
20.460034132003784,-2.915015821097974,1.434346337519216,1.1058770184668887,-0.34049268736180494,1.1571081410655095,-2.917590112308711,1.5033772516146744,1.1171421068173077,-0.02820873567622839,1.117498196684301
20.470077991485596,-2.903888282690535,1.4306013778675155,1.10967071391421,-0.40530229999340806,1.1813716805894827,-2.9063024686635943,1.5028931569846147,1.125096974455224,-0.06956107790910311,1.1272452907367478
20.480063915252686,-2.892793707110192,1.4262303183268026,1.1122146254489313,-0.47024481067822366,1.2075394631366319,-2.8950886859596667,1.5019630052341193,1.1327703039543449,-0.11896754062682444,1.1390003675344507
20.49002981185913,-2.881701670665402,1.4212187273779577,1.1135329571740242,-0.5355659580874574,1.2356320415782618,-2.8837084967427318,1.5004883995987093,1.1401614513285072,-0.17689895111269627,1.1538030048497447
20.500067234039307,-2.8705231845033525,1.415510730684942,1.1136282180720167,-0.6018654167243003,1.2658632579923357,-2.872224132843886,1.4983894285094506,1.1470612491663625,-0.24243433695243727,1.1724009199385097
20.51007103919983,-2.8593873305244513,1.4091571503462277,1.112492470975917,-0.6684532542767294,1.29787104564793,-2.860719322274572,1.495610754606421,1.1532669144438359,-0.31416874804929357,1.1952935113191514
20.52006196975708,-2.848283435462954,1.402144465326923,1.1101319732894435,-0.7354629127594425,1.3316526176762906,-2.8491690635365825,1.4920909069813613,1.1586561352270766,-0.3911854597318579,1.222910505149486
20.530061721801758,-2.8371992972812405,1.3944525441858047,1.1065422668670055,-0.8030416956131021,1.3672277620266264,-2.8375578586887813,1.4877748023566557,1.1631048737122558,-0.47254380978655214,1.255432435227317
20.540107011795044,-2.826106983927909,1.3860425976511115,1.1017001586238262,-0.8714410103643725,1.4046895294180284,-2.8258565884082705,1.4826046879460772,1.1664921314189487,-0.5574767881865662,1.292858949007637
20.550032377243042,-2.8152008746037716,1.3770556508867948,1.0956990678850353,-0.9395286439965538,1.4433539137211422,-2.8142663460037403,1.4766437189903618,1.1686492226426302,-0.6436106540221043,1.3341572919090103
20.560065507888794,-2.8042431218366124,1.367281814139265,1.088403653939887,-1.008864695505332,1.4840587885076397,-2.8025452301820266,1.469750053563003,1.1695143226751141,-0.7319543160920223,1.3796814385168668
20.57008647918701,-2.793378101297925,1.3568230688862302,1.0798836536370435,-1.078626914774662,1.5262977188834412,-2.790828929113913,1.4619712371131584,1.1689403540111614,-0.8209062970479853,1.4283937481551696
20.58007264137268,-2.782641688137759,1.3457055252546433,1.07012849029699,-1.1471112850417915,1.5687699914313589,-2.779155502851797,1.4533232543131152,1.1668201979440807,-0.9096114800689166,1.4794804557693315
20.590086221694946,-2.771980913967555,1.3339046124187366,1.0589279615417948,-1.2086035854633561,1.6068761789664878,-2.7674915900629453,1.4437753738161772,1.163053262643205,-0.9976359591601631,1.5323088457469736
20.600065231323242,-2.7614753069772924,1.3215703024561298,1.0463368234943837,-1.262108121691253,1.6394321148005304,-2.755953489183039,1.4334281826286999,1.1576356353055675,-1.083115643512928,1.5853263895336347
20.61004090309143,-2.751106191427928,1.3087455194121436,1.0323245552585376,-1.3078333139845388,1.6661698486521472,-2.7443989216394984,1.42216691539986,1.1505007695639171,-1.1661895051839721,1.6381849659816816
20.620037317276,-2.740862672903715,1.2954751173362646,1.0168529573913614,-1.3458714465224613,1.686819459076762,-2.7329408644842688,1.4101099227974259,1.1417061587411144,-1.245462596316774,1.6895768794972044
20.63002848625183,-2.730786376922944,1.2818708478862941,0.9999594719686897,-1.376104124553835,1.7010530583124024,-2.7216154628845524,1.3973228084485767,1.1312881654168183,-1.3203643930176483,1.7387279958524318
20.64002752304077,-2.720878185156937,1.267992252976706,0.9816209315145846,-1.3985688260043434,1.7086762169172744,-2.7103288821142817,1.3837177702190822,1.1189968164204493,-1.3921174524733504,1.786097667161567
20.650073528289795,-2.711115527130527,1.2538618886934367,0.9617543757424278,-1.4132886397265327,1.7094900580113885,-2.6992170713491483,1.369467378420114,1.104922614083476,-1.4595442269660828,1.8306073674010717
20.660030126571655,-2.7016436953600755,1.239749987604114,0.9406380498607163,-1.4201138978231382,1.7033858704463292,-2.688237478712868,1.354544455704384,1.0891285234474315,-1.52201880026432,1.871561425373162
20.67002820968628,-2.692351016404739,1.2255496130366574,0.9180046608413239,-1.4191901298221439,1.6902169038058363,-2.677430556979185,1.339033692602908,1.0717462950369994,-1.5788263233098478,1.9082276279578458
20.680052042007446,-2.683268873791326,1.211361281575439,0.8938758551813176,-1.4104402721821674,1.6698370596766137,-2.666783166813097,1.3229524210184425,1.052896586599584,-1.6295013887740537,1.9400685549973808
20.690007209777832,-2.6744953000529055,1.1973954164337965,0.8684874555512113,-1.39399660953743,1.6424058596618765,-2.656395709960681,1.3065011688458699,1.0330175395426724,-1.673016146641831,1.9662421681794633
20.700032472610474,-2.6659226747105653,1.1835359062373414,0.8414860533591135,-1.3696287639687001,1.60747682070017,-2.646145140350878,1.2895395294932928,1.0118720684929392,-1.7100222653380093,1.9869728812814524
20.710028648376465,-2.6576515936777,1.1699988426448502,0.8131295483564992,-1.3375296292841443,1.5653003455003212,-2.6361467850154896,1.272294521698722,0.9891086062222807,-1.7408639751407233,2.0022345554019747
20.720042943954468,-2.6496557361087816,1.1567915564197375,0.7836616675789069,-1.2998374195505642,1.5177954165487595,-2.626361534130724,1.2547231320922942,0.9639083321505774,-1.7660448995177185,2.011972629014087
20.730029344558716,-2.641977931500158,1.1440035170017828,0.753936708524815,-1.261075448808001,1.469262348271245,-2.616873176127704,1.2369863647341344,0.9358805390158235,-1.7851575682809555,2.0156041096652197
20.74004316329956,-2.634578728643323,1.1315744106867307,0.7238072096254987,-1.2211355861860493,1.419531259450033,-2.607654710020152,1.219039359152713,0.9045175628938851,-1.7978337284963861,2.0125501576116585
20.750032663345337,-2.6274998603375113,1.119579568516715,0.6934293223449521,-1.1802245478035371,1.3688587247506017,-2.5987898678400017,1.2010471010786161,0.8699170821120141,-1.8034396126675598,2.002286234854747
20.76002860069275,-2.6207216711285812,1.10799120565469,0.6627092301504517,-1.1382176952273673,1.317088852528676,-2.5902833538382164,1.1830292065795756,0.8321780819503004,-1.8015547888780659,1.9844697068506674
20.770028114318848,-2.6142498677411794,1.0968240954691117,0.6316555680266431,-1.0951258690834147,1.2642347194072647,-2.5821619562000118,1.165055220333107,0.7916548796131737,-1.791846020575511,1.958935836077242
20.780051946640015,-2.608075631962735,1.0860677288475786,0.6002029247368579,-1.0508556932990576,1.2101823164307604,-2.5744402514376077,1.1471775417144503,0.7487386896923244,-1.7740625600490008,1.925592789872717
20.790027379989624,-2.6022457175187275,1.075809012848681,0.5685799617690823,-1.0057312278208852,1.1553261338424905,-2.567191024556229,1.1296006743422726,0.7043689965561396,-1.7482981662810246,1.8848560055163621
20.80007290840149,-2.596695320165346,1.06593862196172,0.5364109089805728,-0.9592142752838353,1.099012597371685,-2.5603402649524662,1.1121939414560404,0.6588105211761003,-1.7143920121078793,1.8366195234701246
20.81006646156311,-2.5914960030851892,1.0565885014017498,0.5040860130101292,-0.9118675250251806,1.0419237456301669,-2.5539836991756224,1.0952623617630455,0.6134559678381262,-1.6730676187363152,1.7819886310917408
20.82010245323181,-2.5866012474839097,1.0476800910900488,0.47129919822532906,-0.8632435223646016,0.9835203674313422,-2.5480525579410327,1.0787088576259427,0.5685447140843503,-1.6243491778484571,1.7209745330742736
20.830056190490723,-2.5820731846729164,1.0393319399193257,0.43845999058113405,-0.8139531179351697,0.9245360141913307,-2.5426110396551467,1.0628105413181028,0.5252338245989282,-1.569372754848842,1.654932450030714
20.840065956115723,-2.5778509070372735,1.0314369596341921,0.4051139188527949,-0.7633164695585273,0.864158156790505,-2.537565422696983,1.047406341399489,0.483381474035036,-1.5080117707249676,1.5835899564234854
20.850055694580078,-2.5739715732150996,1.0240686509494474,0.3715159765427014,-0.7117171533737277,0.8028483214361721,-2.532935589878365,1.032666158362763,0.44361706634240394,-1.4413115986680856,1.5080368781980742
20.860028505325317,-2.5704289699007608,1.01722403177523,0.339421775413481,-0.6614655846994499,0.7434674581759613,-2.528701870805289,1.0186484825871307,0.40605365242788577,-1.3699307174364357,1.428842097373231
20.87006902694702,-2.5671707453534935,1.01082289173586,0.3100996930770666,-0.6141577238398277,0.6880054719249034,-2.5248280146260114,1.0053501343699034,0.3707247915020129,-1.2947008029773148,1.3467319853127104
20.880093812942505,-2.5641962420976467,1.004888987248115,0.2838151351660197,-0.5702097875411896,0.6369381702779906,-2.521257939473549,0.9926835635803258,0.3373574245501867,-1.2160378793620539,1.2619659884253998
20.890079736709595,-2.561480467126347,0.9993999569325477,0.26060606353416227,-0.5296992490310425,0.5903361879258481,-2.5180455595641953,0.98093743739407,0.3065040264519052,-1.1368840602171666,1.177476150334732
20.9000346660614,-2.5589890478967314,0.9943143610379568,0.2404217804989089,-0.4925578097769096,0.5481020238153584,-2.515140631015722,0.970016340660004,0.2776808079070981,-1.0583915941351245,1.0942117700042477
20.910027265548706,-2.5566754940055323,0.9895651387452691,0.22312657978568606,-0.45853351103664186,0.509939654616552,-2.5125032545572243,0.9598243615553428,0.2502403461601781,-0.9812856874346034,1.012690392573351
20.92004108428955,-2.5545154852849876,0.9851305154028989,0.20877501730531428,-0.42771089023660974,0.4759449689594665,-2.5101435233888902,0.9504261188051387,0.2238755724257069,-0.9069216947439174,0.9341451880334862
20.930030345916748,-2.5524891499973155,0.9809980630870203,0.19743150122726094,-0.4002299448106177,0.44627705116884514,-2.508026547705414,0.9416838314729403,0.19773026610010064,-0.834466025212294,0.8575726239599895
20.940027952194214,-2.550559660579925,0.9771205744086449,0.18905081844596647,-0.375990683677916,0.42084344615031904,-2.5061782870699116,0.9336873769023772,0.17193051884581673,-0.7652327412279507,0.7843094106013491
20.950032234191895,-2.5486978937202966,0.9734667745656782,0.18364153286848212,-0.3550057216608534,0.3996914747730168,-2.5045948042763952,0.9264035611755241,0.14644107648587432,-0.6995291574998181,0.7146929627992339
20.960027933120728,-2.54687686055806,0.9700093672969667,0.18121087513487294,-0.3373053744254339,0.3828998522896407,-2.5032509378086005,0.9196918886859717,0.12107122584603733,-0.6368201721441565,0.6482269458897674
20.970051288604736,-2.545060279619653,0.9667037117344552,0.18175866601595836,-0.3228356371687113,0.370484900229454,-2.502161456916898,0.9136083634129444,0.09664730766815932,-0.5786996390731136,0.5867145595115701
20.98003625869751,-2.543230349698361,0.9635386149576828,0.1852763918669228,-0.3116862086320318,0.3625956894871145,-2.5013154101231385,0.9081181530763609,0.07369557358962003,-0.5255990022469568,0.5307403778964811
20.99006938934326,-2.5413412672442512,0.960454020454281,0.19176528110017602,-0.30365551085890524,0.35913868116705594,-2.500682152333977,0.9030718769265836,0.05226820364254221,-0.4766698875435616,0.4795270032050436
21.000035762786865,-2.5393884334687247,0.9574630504431336,0.20044296532598677,-0.29654877659074164,0.35793652963359346,-2.5002580771630205,0.8985458807460022,0.033333376099789265,-0.4330724705402179,0.4343534030049931
21.010029554367065,-2.537333647752085,0.9545352123363351,0.2110963699784464,-0.2893765633849434,0.358190553832115,-2.500009111961154,0.8944167278626662,0.016948656650546675,-0.3938501755018674,0.39421468479130745
21.020068645477295,-2.53515248224769,0.9516664875615616,0.2237659919510671,-0.28212547785590164,0.3600916611215343,-2.4999091070780985,0.8906404769807369,0.003464456553165386,-0.35867199939691435,0.35868873081069735
21.030032634735107,-2.5328520805082437,0.948891380816838,0.23829138113038556,-0.27488258616320205,0.3637900747640002,-2.4999276625115017,0.8872248541241523,-0.006591271186681561,-0.32768505467410924,0.32775133853674854
21.040061712265015,-2.530380781386367,0.946171363247809,0.2548730366798618,-0.26754648424775535,0.3695150687857649,-2.5000292344347206,0.8840789468399654,-0.013020659129454375,-0.30010460483062174,0.30038693614188533
21.05006766319275,-2.52773957683043,0.9435311081215516,0.27337841512547545,-0.2601809507808218,0.37739884075832725,-2.500174798344197,0.8811994265863456,-0.015365234144003963,-0.27591972332639125,0.2763472166330111
21.060065984725952,-2.5249056500577174,0.9409667143765119,0.2938267591936921,-0.25277496616272477,0.387594308442261,-2.5003218313011644,0.878549680878127,-0.013293005888446894,-0.254784829134338,0.2551313645214247
21.070008039474487,-2.5218752645883082,0.9384903887692561,0.3161000298468715,-0.24536494618996568,0.4001539524832884,-2.500424243996931,0.8761104927593587,-0.006521785364819179,-0.23645877391107334,0.23654869571374276
21.08009624481201,-2.518564126239183,0.9360532475545089,0.3406774731750538,-0.23779960329099364,0.4154633462223755,-2.5004344004430545,0.8738071662732017,0.00543425685882108,-0.22026469255764958,0.22033171795073792
21.09006381034851,-2.5150392625964,0.9337204222973001,0.36691722760125306,-0.23027863015096722,0.4331933741584648,-2.500299340435428,0.871683058973841,0.02253521172648615,-0.20634185366656188,0.20756877496894952
21.100117206573486,-2.5112092033592526,0.9314436563875603,0.3953527006585281,-0.22264645348674683,0.45373472554810906,-2.4999645969097575,0.8696758153735957,0.04512400212505046,-0.19408486943674158,0.19926141651624027
21.110029935836792,-2.5071431730961753,0.9292740932910286,0.42532705912094004,-0.21507544603351395,0.4766136325232238,-2.49938317177382,0.867802273049935,0.07270271206686865,-0.18336894164721979,0.19725580625852185
21.120036125183105,-2.5027277551110703,0.9271604278543107,0.4575341730752174,-0.2073871764388258,0.5023414779638365,-2.4984960976954027,0.866017259313635,0.10544069251168667,-0.1736207448718295,0.20313026039266766
21.13003182411194,-2.497986094421558,0.925126031580563,0.4912358958374209,-0.1996535930636304,0.5302586751599743,-2.497259306568623,0.8643273684945902,0.1427117864373599,-0.16455792788401694,0.2178209485279686
21.14002752304077,-2.49291272524161,0.9231694319745449,0.5235555464154813,-0.191816896659361,0.5575877796602443,-2.4956294182563754,0.8627260451003893,0.18395992837788724,-0.15582940556642716,0.24108931724152244
21.150031328201294,-2.487521434386143,0.9212902328949704,0.5539705503569232,-0.1838611855081076,0.5836851087694452,-2.4935724307704383,0.8612130009646708,0.228401136285879,-0.1471505435196951,0.2716990274454849
21.160027980804443,-2.4818397726507926,0.9194924623531382,0.5824338456545657,-0.17579868978495763,0.6083866894451868,-2.4910550704003307,0.8597854348927321,0.27531342131481984,-0.13825917892135275,0.3080796658529708
21.1700656414032,-2.475858186366813,0.9177689624708412,0.6090733426408694,-0.16758982712123902,0.6317093373302699,-2.4880456042307815,0.858442567950268,0.3240073413554001,-0.12893751896429026,0.3487200037979775
21.180062770843506,-2.4696446179612073,0.9161348778848033,0.633672341484895,-0.15930130712548307,0.6533892735688557,-2.4845591932193405,0.8572021098882311,0.3735423579522388,-0.1190744541580356,0.3920620088934308
21.190063953399658,-2.463192106462868,0.9145836045003168,0.6563510075014503,-0.15089681397572358,0.6734734542030539,-2.480572872827681,0.856063477985574,0.4236463532291964,-0.10850841631221722,0.4373217454174701
21.20006775856018,-2.4565205971259303,0.9131165629362425,0.6771043239001073,-0.14237736514612817,0.6919115402637648,-2.476083948214846,0.8550334091687832,0.4735040732858059,-0.09727239051703226,0.4833922065726214
21.2100613117218,-2.449658335595879,0.9117366968108068,0.6959074047981698,-0.13375421239731589,0.7086446961538272,-2.471107411071835,0.8541199964970224,0.5223654732537056,-0.08546919699959128,0.5293115068495325
21.220067739486694,-2.4426087155520695,0.910441976168703,0.7128029936025929,-0.12500739510389028,0.7236815297625594,-2.465666765932632,0.8533293339711715,0.5696427783987374,-0.07323274627477128,0.5743308542197416
21.2300283908844,-2.435432988121148,0.9092406565319853,0.7277018909399251,-0.11618858805968714,0.7369191475819084,-2.459737909933801,0.8526596441767927,0.6152882855679407,-0.060597853725566565,0.618265132635895
21.240187883377075,-2.4279710835906267,0.9081064228091771,0.740925437285051,-0.1070786380030872,0.7486229613982197,-2.453261706402411,0.8521096483778822,0.6594436469258083,-0.04754539891902561,0.6611554192693117
21.250033855438232,-2.4206205701711507,0.9070960352602685,0.7518400914246345,-0.09813874044330775,0.7582181318388539,-2.4465671021056705,0.8517047042226694,0.6998336248483641,-0.0348079280333843,0.7006987186533011
21.26002597808838,-2.4130608148421384,0.9061612241325426,0.761003339948322,-0.08895481244135207,0.7661847310335658,-2.439379420948404,0.8514214273245463,0.7382280184019911,-0.021902580448642607,0.7385528621459941
21.2699978351593,-2.405433845023383,0.9053200007984504,0.7685239766887015,-0.07982493453177701,0.7726584775425805,-2.431838848536772,0.8512668664843897,0.7737333688968314,-0.009142216759145947,0.7737873779480454
21.280028820037842,-2.3976899728076604,0.9045633135820466,0.7753716705714686,-0.07113420380559278,0.7786278330986156,-2.423912034646812,0.8512386881502277,0.8064702445270963,0.003503398799295255,0.8064778540733412
21.29002809524536,-2.38990533004004,0.903893146403569,0.7815456717685031,-0.06299481081189556,0.784080342343377,-2.415697698914322,0.851335760468645,0.8359989357897093,0.01586791911281161,0.8361495150381283
21.30003333091736,-2.382057599953785,0.9033014280736524,0.7870715632026002,-0.05537432085443172,0.7890170853741217,-2.4071971758301096,0.8515552677033404,0.8623317346955752,0.027953696426102966,0.8627846949308747
21.310033559799194,-2.3741617705918534,0.9027835734285545,0.7919432860572698,-0.04828103908404365,0.7934136544490658,-2.398459073429949,0.8518936909067432,0.8853353357668802,0.03969330237511373,0.886224697811394
21.32003140449524,-2.3662225292400363,0.9023341443398785,0.7961627377569307,-0.04171268309383112,0.7972546976490622,-2.3895047104841933,0.8523477762385354,0.9050078987510484,0.051058229744114475,0.9064470418211924
21.330026865005493,-2.3582460084595738,0.9019478427620948,0.7997305867047474,-0.035668553699982286,0.8005256129782282,-2.3803761723917494,0.8529130410977975,0.9213491877602885,0.06199137259040243,0.9234323234878588
21.34002709388733,-2.350233379684406,0.9016192042697992,0.8026489658893204,-0.030144816503375645,0.803214835772608,-2.3710901390622667,0.8535860357508741,0.9344659881876958,0.07246444638478268,0.9372714543127086
21.35003161430359,-2.3421915097909403,0.9013430844065518,0.8049168802989186,-0.025142426764085502,0.8053094596574233,-2.361688415189841,0.8543612572762765,0.9444779535206805,0.082416978676165,0.9480670667525163
21.360026836395264,-2.334137577364303,0.901114579162922,0.8065318165628916,-0.02066761547911488,0.8067965799740542,-2.352211726321954,0.8552322588332258,0.9515755022512834,0.09179088960691952,0.955992418327474
21.370027542114258,-2.326066253002639,0.9009280948353386,0.8074964986332402,-0.0167135186729142,0.8076694478630304,-2.342670810777919,0.8561946138613975,0.9560213310790099,0.100557668856441,0.9612952877466545
21.380067110061646,-2.317957228095253,0.9007780230334083,0.8078097915573251,-0.01327050005567009,0.8079187864554311,-2.3330629165147205,0.8572452579134244,0.958100081212106,0.10869590725846283,0.9642461127084643
21.390033721923828,-2.3099072617325445,0.9006606262070926,0.8074715504115149,-0.010374186735753778,0.8075381901027368,-2.3235113969996815,0.8583661469536656,0.9581070251258343,0.11608208604558971,0.9651135281904258
21.40000867843628,-2.3018570414502775,0.9005694376245481,0.8064853042189576,-0.007995853449390758,0.8065249404659032,-2.313960808659237,0.8595580541544587,0.9563858028415778,0.12274636005801935,0.964230508117443
21.41002893447876,-2.293781769290627,0.9004997524554545,0.8054202836645655,-0.005913245227802042,0.8054419903428386,-2.304391589902367,0.8608184350491709,0.9532363065723511,0.12867780728182113,0.9618822351278533
21.42004084587097,-2.2857202199574935,0.9004510100745762,0.8051254331941639,-0.0038215048705481282,0.8051345024749378,-2.2948683510380743,0.8621331187868181,0.9489704219073415,0.13381418932137262,0.9583585440317908
21.43002700805664,-2.2776783489277856,0.9004233220679108,0.8056046296214923,-0.0017214988051946004,0.8056064689572187,-2.2854178207438176,0.863491486182921,0.9438851172154694,0.13813307872340008,0.9539391290530363
21.44002652168274,-2.269617098723926,0.9004166781955854,0.8068583131429722,0.0003949269387056977,0.8068584097939423,-2.276007008847179,0.8648910577814706,0.9382261325973462,0.1416500034177975,0.9488587878903979
21.450032472610474,-2.261534143317223,0.9004312821682623,0.8088879424313359,0.002526382385770483,0.8088918877197121,-2.266653643465113,0.8663219329131052,0.9322480743888372,0.14436849073655145,0.9433603411842394
21.46006941795349,-2.2534018277762216,0.900467426802887,0.8117028491012261,0.004678155485183184,0.8117163299932998,-2.2573227279277805,0.867782081570702,0.9261594930978331,0.14632322848809862,0.9376469985289856
21.470067024230957,-2.24526955315732,0.9005249675869517,0.8152822677976326,0.006835110753553563,0.8153109191739456,-2.248101272891124,0.8692503457216713,0.9202345903819993,0.14754113457900886,0.931987171439815
21.480032682418823,-2.2371237134059885,0.9006038541624661,0.8196206595868796,0.008998758409034132,0.8196700575686144,-2.2389502496829494,0.8707253490183827,0.9146478729558335,0.14809614031738236,0.9265598730139011
21.490046977996826,-2.2288908563585474,0.9007049120757373,0.8247548964286529,0.011186559755464249,0.8248307573691711,-2.2298171845690007,0.872208647922331,0.9095516428002599,0.14806446385917707,0.9215244307008671
21.500016689300537,-2.2206395043359173,0.9008273543426544,0.8306379029995609,0.013378259577083027,0.8307456311825057,-2.2207717676713474,0.8736825299860194,0.9051508260215246,0.14753108974852583,0.9170951097295394
21.510029554367065,-2.2122897219492668,0.9009723841359268,0.8373209948571078,0.015593032626501248,0.8374661731049129,-2.2117258664973356,0.875155554560505,0.9015494733504618,0.14658506825686396,0.9133885455458506
21.520045518875122,-2.203866329994139,0.9011397175279965,0.8447831113328487,0.017822213687698592,0.8449710861881241,-2.202714375494521,0.8766169627339899,0.8988970207682423,0.14532431371416218,0.9105685092855529
21.53002691268921,-2.1953938925509595,0.9013287512301718,0.8529922921027352,0.02005727975875641,0.8532280731773885,-2.1937497979371225,0.8780604699214037,0.8973038384761405,0.1438491688992824,0.9087611137901037
21.540048122406006,-2.186801410466982,0.9015410489529531,0.8620044746238997,0.022316215382026015,0.8622932956602425,-2.1847573366013937,0.879494617731604,0.896849423597614,0.1422413294822778,0.908059185527165
21.550032138824463,-2.1781488746536906,0.9017755624690755,0.8712456652038634,0.024694473955862717,0.8715955634240454,-2.1758020493632855,0.8809062949489209,0.8976126594965267,0.14059937445011547,0.9085574668584213
21.560027360916138,-2.169394620998714,0.9020351225123862,0.8804330967396636,0.02727582949852153,0.8808554982001454,-2.1668235991449434,0.8823031314538191,0.8996451353384345,0.13899062651249158,0.9103184958004781
21.57002878189087,-2.160543432670885,0.9023216693914397,0.889562007078309,0.03005950798335052,0.8900697379741604,-2.157807769139107,0.8836859616095893,0.9029842528438988,0.13748100160442095,0.913390161259803
21.5800302028656,-2.1516010888202346,0.9026370673235566,0.898626947599158,0.033044055911991145,0.8992342857022827,-2.148755891061511,0.885053844940918,0.907630607824269,0.13612955035503654,0.9177824223307595
21.590025186538696,-2.1425743249639946,0.9029830830734756,0.9076218884649618,0.03622727736556252,0.9083445976313312,-2.139654983463517,0.8864086282778457,0.9135532420056751,0.1349831842626999,0.9234717028760424
21.600034952163696,-2.1334445228427414,0.90336249881891,0.9165658336753278,0.03961617103269028,0.9174215870951806,-2.1304753259447056,0.8877550971818884,0.920700682580665,0.1340782041805783,0.9304121193002546
21.610027551651,-2.1242411424771976,0.9037761134449979,0.9254306010217794,0.0431999841067169,0.9264383605693108,-2.1212345226163665,0.8890915324348135,0.9289532291915487,0.13344733514837953,0.9384893676987555
21.620030641555786,-2.1149400000707486,0.9042270196233378,0.9342402534486206,0.046988216190633106,0.9354211584225154,-2.11190037874904,0.8904239454814589,0.9382011346132535,0.13311050723983806,0.9475968426114785
21.630033493041992,-2.105551055216493,0.9047168239840564,0.9429857398909794,0.05097732348038635,0.944362638580626,-2.1024792981009925,0.8917531408211441,0.9482783047998767,0.1330832691012524,0.9575713549750766
21.64003038406372,-2.09608063689257,0.9052472062063042,0.9516618930548553,0.05516474287143002,0.9532594125151987,-2.0929270069181927,0.8930874180899392,0.9590571618761596,0.13337519487786104,0.9682869318309846
21.650031566619873,-2.0865199030658683,0.9058206946995926,0.9602774422396252,0.05955462094280363,0.9621224033094322,-2.0832826260256785,0.8944236791989083,0.970310487633931,0.13398981558610873,0.9795181024836633
21.660027027130127,-2.076878757836527,0.9064387309288444,0.968824072786551,0.06414266704296342,0.9709450889448408,-2.0735258800691723,0.8957674448432364,0.9818760119428952,0.13492725290991486,0.9911033580846654
21.670028924942017,-2.0671460104351116,0.9071040871486599,0.9773122516843744,0.06893453676599079,0.9797403776774354,-2.063645949475456,0.8971231086055816,0.993589196008454,0.13618580570275676,1.0028788880516106
21.68002700805664,-2.05733280294259,0.9078180633843224,0.985693599450395,0.0739184653338933,0.9884613353666363,-2.053653058346906,0.8984923684402261,1.0052740598016017,0.1377596793141974,1.0146692389910836
21.69003987312317,-2.0474235087146693,0.9085836639960014,0.9934692560802287,0.07901667548161632,0.9966066414492581,-2.0435337885057625,0.8998803309415874,1.016800191606167,0.1396454993135173,1.0263447252891496
21.700032234191895,-2.0374610078745037,0.9093989655634398,1.000453380880311,0.08418385593280782,1.0039889884428816,-2.033312669673407,0.9012870247741995,1.0280129436241003,0.14183240959887783,1.0377509550327149
21.710028648376465,-2.027428155842435,0.910266689623787,1.006665455890688,0.08943281822582,1.0106302830706289,-2.0229815838649516,0.902717042333,1.038813446450462,0.1443144614139865,1.0487897979573866
21.7200825214386,-2.017279209426422,0.9111927021043487,1.0121310978455285,0.09479200764363141,1.0165603198724142,-2.0124848600605607,0.9041817236064024,1.0491610117733607,0.14709882614976053,1.05942290577462
21.730031967163086,-2.007185279388217,0.9121625505510939,1.016768016459729,0.10017480039549931,1.0216908485103162,-2.0019960561822443,0.905660393404113,1.0588029530720147,0.15012927402188392,1.0693935161353638
21.74004578590393,-1.9969834704810905,0.9131931341309851,1.0206594075446431,0.10567188499115163,1.0261150878371126,-1.9913501714583166,0.9071797565449383,1.067822527401555,0.15344012399938994,1.0787904438208529
21.75003147125244,-1.986775488206522,0.9142760236386857,1.0237651549633913,0.11123293105068993,1.02979020070466,-1.9806482068926965,0.9087290918578099,1.0760606479039154,0.15698946776454525,1.0874521649049163
21.76002860069275,-1.9765284426826768,0.9154161962671683,1.0260995829787862,0.11687992642374465,1.032734850477149,-1.969849459985494,0.9103177802438126,1.0834884816002872,0.16077724665536686,1.0953522779464955
21.770041942596436,-1.9662451598208102,0.9166152217784596,1.027660541993853,0.12261586724879056,1.0349496801643414,-1.9589656959607133,0.9119477199973034,1.090037310614397,0.1647870583186077,1.1024228377173468
21.78002691268921,-1.955979402416152,0.9178684295536675,1.028442463233601,0.1284149600864596,1.0364286285876145,-1.9480539837878847,0.9136137732732077,1.0956243100136112,0.16898437373317754,1.108579427582343
21.790027141571045,-1.9456941511054102,0.9191819677865809,1.028450310293382,0.1343023503419912,1.0371823186161324,-1.9370735897876323,0.9153254495125444,1.1002307066844932,0.1733715095944098,1.1138066655710512
21.8000328540802,-1.9354070442370157,0.9205555506722338,1.0276816765112493,0.14027262403029217,1.0372107005277742,-1.926048574305409,0.9170824373030887,1.1038082864745438,0.1779274781012672,1.1180567609711707
21.810030221939087,-1.9251400573448212,0.9219880502620631,1.0261379527482561,0.14631749523029533,1.0365172007645844,-1.9150021020436292,0.9188842899192771,1.1063234873100736,0.18263206277686922,1.121296628429809
21.82002854347229,-1.9148914349812705,0.9234816824831855,1.023660736990872,0.15250782859461479,1.0349589084786601,-1.9039355019522237,0.9207339337165505,1.1077592744488949,0.18747573615352803,1.1235113536470602
21.83003067970276,-1.9046721858395301,0.9250399646968694,1.0194627236418525,0.1591699828986939,1.0318136112453813,-1.8928462336023244,0.9226350180201699,1.1081032044707775,0.19245359564241005,1.1246915569319875
21.840089082717896,-1.8944470627958705,0.9266768109942702,1.013398031450226,0.1663880356881993,1.0269666735427059,-1.8817031628787897,0.92459643941038,1.107338373738049,0.1975788899472402,1.1248269607835737
21.850069284439087,-1.884370608591108,0.9283753038234378,1.0055535244879337,0.17406401417275097,1.0205078008717214,-1.870660590772563,0.9265941413800893,1.1054619267816932,0.2027864796630361,1.1239076598626867
21.860029220581055,-1.8744020426653822,0.9301492056376648,0.9959111349821382,0.182234425007141,1.0124467267165687,-1.8596620227681413,0.9286407886215033,1.1024500294740196,0.2081182371351399,1.1219221310391845
21.870067358016968,-1.8644612937213014,0.932022004598867,0.9843591062153032,0.19098499495860677,1.0027153725202032,-1.8486193555396286,0.9307567684753534,1.0982132166631298,0.2136490133193532,1.1188021139352176
21.880065441131592,-1.8546846715262117,0.9339772158080997,0.971023355939996,0.20021533472112274,0.9914497153353081,-1.8376642138351178,0.9329215219754924,1.0927016644110163,0.2193606568383838,1.1145025909234902
21.89005947113037,-1.8450544390478245,0.9360264185489348,0.955868018179804,0.20995525006738883,0.9786546250898965,-1.8267844036828405,0.9351418703770275,1.085792692072268,0.2253192196261893,1.1089249392499467
21.9000403881073,-1.8355971369653237,0.9381726308509182,0.9389115336690971,0.22019459757811677,0.9643860891051077,-1.8159805059134368,0.9374234269533445,1.0773254872475382,0.231599266798673,1.1019384855130656
21.910072803497314,-1.826270777933375,0.9404354895966398,0.9200335627467954,0.23100265553677515,0.9485905246446453,-1.8052219607588686,0.9397802097855337,1.0670635192403655,0.238309273967026,1.0933507507439342
21.920066833496094,-1.81717746248047,0.9428000973556339,0.8993994175097826,0.24228372434205078,0.93146160162295,-1.7946200505009506,0.9421965688193581,1.0548687144456832,0.24548004878291774,1.08305515051947
21.930036067962646,-1.8083213977309707,0.9452736657834244,0.8769989837551444,0.2540479348852447,0.9130539801824499,-1.784174217069462,0.9446817723828068,1.0404861747002714,0.2532143199486513,1.0708543185557322
21.94006657600403,-1.799645258240226,0.9478834384767145,0.8526279355581481,0.26640015515610327,0.8932767987367327,-1.773816506041725,0.9472644020420169,1.0235021915100508,0.2616798001752248,1.0564246560193598
21.950071811676025,-1.7912439152812398,0.9506125676083,0.8264879307509115,0.2792359552963093,0.8723846734137218,-1.7636723759396915,0.9499279863043104,1.0037649062592433,0.27089709350957514,1.0396774607105623
21.960065603256226,-1.7831207624501237,0.9534688277069652,0.7990701104068979,0.2923259285877562,0.8508627914478256,-1.7537529626783368,0.9526846733779599,0.9809530259613262,0.2809694018269277,1.0203982770985376
21.97006320953369,-1.7752696922140034,0.9564555881372608,0.7715308803026213,0.3051243468080066,0.829675096815344,-1.7440736239018557,0.9555480419762399,0.9547491997909051,0.2919870090323597,0.9983999438827292
21.98003101348877,-1.767716209866441,0.9595593405929239,0.7440087700744717,0.31756782392389515,0.8089489308599686,-1.7347028383179555,0.9585171369422911,0.9250527955839224,0.3039439476362332,0.9737066282625005
21.989985466003418,-1.760447084060247,0.962781088158098,0.7164601309234049,0.32967833422682963,0.788671619409092,-1.7256555885580367,0.9616070401528363,0.8917118877879403,0.316857899812849,0.9463345177558207
22.0001437664032,-1.7533122610958025,0.9661913920791823,0.6882819831246931,0.3417110245392495,0.7684390103226957,-1.7168395077567564,0.9648754516011246,0.854163842082771,0.33089695838139516,0.9160178307149155
22.01002860069275,-1.7466443906260856,0.9696257701570656,0.6607976359317389,0.35310441952561655,0.7492237627982027,-1.7085450924968928,0.9682384639961343,0.8135785441050147,0.3455853353651872,0.8839339745973702
22.02003240585327,-1.7401733331585247,0.9732144884314,0.6329189959119546,0.36431759094680705,0.7302833439559483,-1.700622923624779,0.9717733974314512,0.7693860064230219,0.3611073409963194,0.8499137242102862
22.030028343200684,-1.7339862042669822,0.9769108604593412,0.6049976584337406,0.37520340768608906,0.7118987033627486,-1.693164684675627,0.9754635948078151,0.7222028373868314,0.3772182712099036,0.8147825246433421
22.040030241012573,-1.7280750533124292,0.980716757403464,0.5769951974257059,0.3857769452294427,0.694080189403854,-1.6862080177282173,0.9793077887119758,0.6725395153329801,0.3937265715586125,0.7793138089599202
22.05002999305725,-1.7224455096104103,0.9846259448381948,0.5489344416640848,0.39602938953601363,0.6768813031997029,-1.6797265835611213,0.9833380187077854,0.6205096618099657,0.41057712394654144,0.7440469172758742
22.06002688407898,-1.7170983528265895,0.988634918236561,0.5208171653716253,0.4059603496414316,0.6603440960792549,-1.6737810637193473,0.9875333195759709,0.5669232617905592,0.4274885638062719,0.7100341237887063
22.07004737854004,-1.7120209349795887,0.9927514225786531,0.49256862998337225,0.41559515306175165,0.6444712456674209,-1.6683797911493607,0.9918959724322772,0.5122738848168097,0.4442882175575595,0.6780977461441524
22.08002519607544,-1.7072468578004214,0.9969446143345703,0.4643769198209397,0.4248706344613918,0.6294132026657918,-1.6635615248032176,0.9963935679248888,0.4574410322364304,0.46068861840150854,0.6492197633299696
22.090028285980225,-1.70274328918711,1.0012398111068894,0.43604890101010885,0.43385123092400996,0.6151142451987291,-1.6592445573573795,1.0011028142334477,0.4019304362404507,0.47681096455258404,0.6236158845747954
22.1000657081604,-1.6985042816011016,1.0056357264581173,0.40912640237149134,0.44171515795036126,0.6020769833505946,-1.6554989038430292,1.0059504702858322,0.34701048595278683,0.4922506361673674,0.6022681845891971
22.11003303527832,-1.6945463761020796,1.010069045945773,0.38555984886371736,0.44750122706085055,0.590689212087693,-1.6523005546350853,1.010944851893505,0.29315722062442695,0.5068485120556359,0.5855224762357556
22.12003445625305,-1.6907952725692499,1.0145652641873686,0.3650875029508192,0.4512802588178751,0.5804677052253577,-1.6496299805172483,1.0160839268301725,0.24109487100621507,0.5203864045792648,0.5735231005778562
22.130051374435425,-1.6872276565521935,1.0190961130209555,0.3477705640429729,0.453030297990659,0.5711224177987351,-1.647471316498279,1.021345622365615,0.19147417010378526,0.5326837584403208,0.5660515385749245
22.14006233215332,-1.6838194607109207,1.0236316684956068,0.3336503100538898,0.4527447037581325,0.5624058109409041,-1.6457877299443657,1.0267483992068909,0.14442508210934027,0.5436998374293178,0.5625549907013148
22.150032997131348,-1.6805496737153391,1.0281360437453853,0.3227534037834951,0.4504384836534928,0.5541340877530363,-1.6445711995528267,1.0322028075315492,0.10093766854468433,0.5531977130414849,0.5623309725113544
22.16003179550171,-1.677363922997381,1.03261991163405,0.31499930741725135,0.4460995136288453,0.546103781101395,-1.6437651209200426,1.0377858507854105,0.06057446817692344,0.5612609427534438,0.5645202494644472
22.17008066177368,-1.6742243096016345,1.037072215877281,0.310408343141657,0.439694536420563,0.538223582584452,-1.643343354057344,1.0434676223503005,0.023804258476755394,0.5677474670480394,0.5682462750085501
22.180102348327637,-1.6711230615275423,1.0414381951956244,0.30902663766439753,0.43126564444670723,0.530553973565552,-1.643271292693099,1.049178401975858,-0.008739414238392971,0.5724886542559051,0.5725553568109965
22.19002938270569,-1.6680491113479543,1.0456696147181685,0.31080545589282105,0.42090684766190145,0.5232232848616577,-1.6435012449542514,1.054878894429031,-0.03676003861307881,0.5753800354242057,0.5765531073575054
22.200068473815918,-1.664906574704801,1.049834043998779,0.31579010086405274,0.4083970923932353,0.5162475887391411,-1.643991662349624,1.0606432969800312,-0.06048233018344332,0.5763335475646175,0.5794984644611548
22.210075855255127,-1.6617081660405237,1.0538501582863646,0.323947534469795,0.39389097139621376,0.509992257231923,-1.6446981918023311,1.066425991007048,-0.0794585305653811,0.5751386573305459,0.5806015270696355
22.22007918357849,-1.6584136236423956,1.0577093234024286,0.33528292123436837,0.3773597553396422,0.5047920583977588,-1.6455664766467204,1.0721632889145913,-0.09328925427215336,0.5716055675163468,0.5791682050823745
22.23006534576416,-1.6549957641157842,1.0613869006834322,0.34971314320504826,0.3588760210892783,0.5010900927410427,-1.6465453375483223,1.0778446215107094,-0.10180046049498323,0.5655262337469198,0.5746157453576838
22.240062475204468,-1.6514217253740366,1.064879574625237,0.3653260542260114,0.3398904870111289,0.4989876441927285,-1.6475828297821002,1.0834572339628155,-0.10477794001806662,0.5566420782793815,0.5664175315309534
22.250070571899414,-1.6476864582386017,1.0681870911436893,0.3811755485427113,0.3211331031863755,0.49841876847581507,-1.6486211080309952,1.088964636032891,-0.10196241671345296,0.5446780886557125,0.5541394722303115
22.26003074645996,-1.643810385055586,1.0712937157182596,0.3971681884590156,0.30271163234679016,0.4993765135465167,-1.6495989122485415,1.0943227166674827,-0.09314546467062419,0.5294095681305898,0.5375412248534284
22.27006483078003,-1.6397434439484915,1.0742390626805252,0.4134997141106509,0.28440257147880005,0.5018633641075467,-1.650463378267277,1.09954344673092,-0.0780958365738721,0.5105262480118736,0.5164649161358921
22.28006339073181,-1.6355267456027995,1.076992518972034,0.42999373184329853,0.26640651663334125,0.505833017436819,-1.6511408629749496,1.1045169684644482,-0.05708285310410305,0.4882756305721776,0.4916010003337689
22.290061712265015,-1.6311441753624156,1.0795671993163451,0.44670693175554826,0.2486589983744787,0.5112517778463513,-1.6515815870062485,1.109270921754769,-0.030190377374410528,0.462557820255878,0.46354201100426534
22.300085306167603,-1.6265816449035255,1.0819715360415478,0.46368307004480486,0.23111536191995108,0.5180890849666352,-1.6517269497046685,1.1137849288369182,0.002256190681158704,0.4335236583613134,0.43352952927726446
22.31010913848877,-1.6218477804149776,1.0842012991738934,0.4808802655010112,0.21382070840135048,0.5262747619728485,-1.651522856319467,1.1179742516532538,0.03921206279390667,0.40191712235095123,0.4038254067136227
22.32006335258484,-1.616975044734732,1.0862452778846154,0.49817680279702714,0.19689256357238566,0.5356741625607623,-1.6509332016825173,1.121810294167278,0.07970405847420775,0.36836110609364286,0.3768854486708023
22.330086708068848,-1.6118934962276514,1.088134390962017,0.5158131713529424,0.18009552245191895,0.5463493616253335,-1.6499178396693093,1.1253259237283426,0.12338577662633438,0.3329740813263026,0.35509968840985884
22.340070247650146,-1.6066552453729774,1.0898499002615132,0.5335992086575962,0.16361270165990452,0.5581193704078599,-1.648459278320853,1.1284702338822774,0.16897946523842922,0.29666236600109736,0.3414126814774673
22.350082874298096,-1.6012222812221597,1.0914063743373001,0.5516571082343021,0.14733014320579838,0.5709918880005859,-1.6465333288439161,1.131255707683364,0.21595226655552355,0.25974938330254105,0.3377944990027491
22.360061407089233,-1.5956268675503176,1.0927965772617656,0.5698726373113998,0.13135051154476746,0.5848143121019888,-1.6441425051123764,1.1336632355643046,0.2633108579285828,0.22295305353494127,0.3450227122721643
22.37006402015686,-1.589834527144863,1.0940314535611695,0.5882277277626234,0.11564906708533168,0.5994885874030352,-1.641270281883777,1.1357111818534762,0.3107436959147462,0.18648641285225617,0.3624069904530794
22.380062103271484,-1.5838655877899348,1.0951129491552642,0.6055962730096088,0.10086881311704822,0.6139392179546528,-1.637928699483151,1.1373969869934302,0.35753005283245204,0.15090781042375065,0.3880733254492849
22.39006471633911,-1.5777261478921696,1.0960523442884462,0.6217468839299717,0.08713350849890542,0.6278227743399872,-1.6341243151999016,1.138733196517706,0.4031886816449905,0.11660816451891542,0.41971249330833116
22.40006685256958,-1.5714317040727153,1.0968595628839812,0.6366700257489597,0.07445126777492524,0.6410083563889589,-1.629868464465245,1.1397349102736527,0.4473071735554011,0.08393391265255361,0.4551138420299785
22.41002917289734,-1.5650200542233332,1.0975426888809803,0.6503146320879477,0.0628654289009484,0.6533461432185721,-1.6252046805605045,1.1404160568052581,0.48933942820414134,0.05332189798851228,0.4922360214371286
22.420100927352905,-1.5584060143050293,1.0981213116472925,0.6628723487973325,0.05221337528185742,0.6649255502373304,-1.6200679321274196,1.1408065516480619,0.5297926439080222,0.024432573569557164,0.530355726084186
22.430067777633667,-1.551742431036478,1.0985935489193566,0.6740752046483872,0.04272242102458261,0.6754277065533859,-1.6145964187073927,1.1409166690448522,0.5675573621698518,-0.001926456596580875,0.5675606316405488
22.440089464187622,-1.5449357028959834,1.0989782782533872,0.6841119429572684,0.034232565840440446,0.6849678963723693,-1.6087286103337317,1.1407742016364726,0.6031725790095962,-0.026146505854148204,0.6037390163286356
22.45006775856018,-1.5380647169973494,1.0992820502160183,0.6928819021209267,0.02682898231754549,0.6934011281926996,-1.6025423442234847,1.140402388838915,0.6362232279751753,-0.04796851293581888,0.6380289758689849
22.46006155014038,-1.5311013731721466,1.0995174914457255,0.7004421933077134,0.020463386904097484,0.7007410480122503,-1.5960296645515495,1.1398233492931404,0.6668646937131866,-0.06754241328883911,0.6702764335064023
22.470064878463745,-1.5240618151285519,1.099694709923859,0.7067836241443897,0.01514359320209794,0.7069458393496268,-1.5892145999464435,1.1390589137000224,0.6950682482216791,-0.08490583735752458,0.700234868385841
22.4800763130188,-1.5169593333908766,1.0998240620328108,0.7119019083310762,0.010873258159465294,0.711984940029233,-1.5821264872155194,1.1381312064537012,0.7208094475374458,-0.10011266107148802,0.7277285239469815
22.49006152153015,-1.5098303607576726,1.0999157397389532,0.7157830483310205,0.007663981874965413,0.7158240767788044,-1.5748110094666996,1.1370644285469114,0.7440412307474398,-0.11321549090886515,0.7526055410597907
22.500066995620728,-1.5026542529150513,1.0999807180202514,0.7184460509382352,0.005500014573249703,0.7184671031223707,-1.567258340210743,1.1358739295573663,0.764911283735786,-0.12438151497873179,0.7749580848373238
22.510029077529907,-1.4954885020784086,1.1000287361909689,0.7200903286012974,0.004207327857763389,0.7201026197375116,-1.5595479092695574,1.134587711403283,0.7833176653239732,-0.13364066794023252,0.7946360128613047
22.52006244659424,-1.4882562756377293,1.100065222176651,0.7215250606486974,0.0030848912172121525,0.7215316553678907,-1.5516036454506672,1.133207164756535,0.7995491371171509,-0.141217806278787,0.8119244370475455
22.53006911277771,-1.4810297159710024,1.1000909706539734,0.7228088139395463,0.0020805683060504485,0.7228118083382215,-1.5435309284488663,1.1317631162258095,0.8134748694282514,-0.14712148118014506,0.8266716962712286
22.540074586868286,-1.4737917774909768,1.1001072432961374,0.7239454996240386,0.0011912993095405753,0.7239464798035445,-1.5353295554804671,1.1302677445256362,0.8252189739431232,-0.15148229454537837,0.8390072946741726
22.55008864402771,-1.4665371172021628,1.100115196827701,0.7249360232963648,0.0004163757471919463,0.7249361428715707,-1.5270189466164474,1.1287355776536585,0.8348719210537097,-0.15441067304471537,0.8490310833615184
22.560028314590454,-1.459327128083714,1.1001159846860746,0.7257736621668385,-0.00023894286710506734,0.7257737014998256,-1.5186831441867805,1.127192153490767,0.8424882290260276,-0.15601443921825325,0.8568120688295645
22.570065021514893,-1.4520390901213065,1.1001107466592277,0.726472339760452,-0.0007855494777664013,0.7264727644757287,-1.51019113155066,1.1256221597907057,0.8483381392949271,-0.15644972697895237,0.8626436782670861
22.580079555511475,-1.444761037158095,1.1001006301128153,0.7270221075683799,-0.001215660963594065,0.7270231239271192,-1.501674630102937,1.1240578964960224,0.8524756380208908,-0.15583155075999933,0.8666015149025479
22.590062141418457,-1.4375012364023525,1.1000868312619851,0.7274236459820953,-0.0015298095924175482,0.7274252546147087,-1.4931485622197225,1.1225088439845214,0.8550980266061589,-0.15431400745943982,0.8689104948174692
22.60006856918335,-1.4302209156013157,1.1000704264865575,0.7276793561024515,-0.0017298738882161832,0.7276814122686848,-1.4845873270750396,1.1209760299755889,0.8564197089239837,-0.15204045394277363,0.869810909030558
22.610028743743896,-1.4229725661397907,1.1000526792559926,0.7277879456074137,-0.0018148427213333497,0.7277902083880786,-1.4760578302985692,1.1194759888751966,0.8566429028467929,-0.14917360707416588,0.8695342592706152
22.620068788528442,-1.4156655942997323,1.1000345100079292,0.7277500531696539,-0.0017852159553323596,0.7277522427890148,-1.4674571395410974,1.1179943174899427,0.8559788594933169,-0.14581531529743313,0.8683098030511744
22.630064964294434,-1.4083915700006007,1.1000172909815389,0.7275653465099117,-0.001640733428935003,0.7275671965174576,-1.4589069552157923,1.11655489787622,0.8546348022562429,-0.14213716513371297,0.8663738332497213
22.64011573791504,-1.401080530190412,1.1000020145363703,0.7272317750272776,-0.0013797910848873187,0.7272330839784195,-1.4503243722244372,1.1151455249650448,0.852792513605048,-0.1382195045535743,0.8639211206469324
22.650062084197998,-1.3938494281043812,1.0999899018916162,0.7268223103057428,-0.001059472579510042,0.7268230824900406,-1.4418552398971136,1.1137910033927796,0.8506579725541392,-0.13422789221170522,0.8611829731929886
22.660065174102783,-1.386580788801014,1.0999807954143956,0.7264476409539634,-0.0007663664637974138,0.7264480451932783,-1.4333570303704686,1.1124684939991523,0.8483479540535694,-0.13017673300038712,0.8582774801668347
22.670085430145264,-1.3793032435408727,1.0999744584777578,0.7261117516486676,-0.0005035898113766306,0.7261119262792717,-1.4248668054967861,1.111184107708999,0.8459936467105726,-0.12614499049963387,0.8553466016199549
22.68006682395935,-1.3720572130646305,1.0999706106754161,0.7258163975191864,-0.00027251574527114344,0.7258164486787007,-1.4164354470251106,1.1099449734461853,0.8437058484733462,-0.12220128112907498,0.85250965499384
22.690067529678345,-1.364799934093993,1.099968915098723,0.725559735414582,-7.170228428769743e-05,0.7255597389575139,-1.4080081853872082,1.1087421487863525,0.8415396712387326,-0.1183484227741606,0.8498207854846371
22.70007348060608,-1.3575410853209224,1.0999690746163948,0.7253422668806973,9.845820541954083e-05,0.7253422735630723,-1.3996001810445462,1.1075770790177517,0.8395448376743352,-0.11460866139794343,0.847331505216851
22.710095167160034,-1.3502728088768177,1.0999707865625323,0.7251638929594939,0.00023804320044997485,0.7251639320296712,-1.391195588156779,1.1064467557673399,0.8377410990387361,-0.11097875565804859,0.8450600175289553
22.72006869316101,-1.343041044578337,1.0999737260319242,0.7250255597257625,0.00034631227225419807,0.725025642434697,-1.3828456436927068,1.1053571114919287,0.8361426645537258,-0.10747504854959694,0.8430216139267976
22.730069398880005,-1.335790916669794,1.0999776043162655,0.7249261001371442,0.000424178756261595,0.7249262242377952,-1.3744929091278475,1.1042996926252935,0.8347249797332333,-0.10406076824928374,0.841186326136652
22.740083694458008,-1.3285316816054826,1.0999821140570636,0.7248658858817149,0.00047135185166178846,0.7248660391325085,-1.3661376478498066,1.1032740624766686,0.8334639185008,-0.10072011837924748,0.8395276324749757
22.750067710876465,-1.3212945939473748,1.0999869272477607,0.7248450832285627,0.00048770117200257966,0.7248452472997634,-1.3578234001399363,1.1022849994244723,0.8323318518742127,-0.0974519298961529,0.838017416456747
22.76006317138672,-1.3140495057937442,1.0999917559660304,0.7248634950266687,0.00047338123543039636,0.7248636496004414,-1.3495106550043994,1.1013272706274178,0.8312832936389305,-0.0942217676456018,0.8366060337945515
22.770079135894775,-1.3067889416457317,1.0999962970221298,0.7249213271483935,0.0004282311086290667,0.7249214536323715,-1.3411882856583632,1.1003994947013593,0.8302754354042962,-0.0910082952064634,0.8352483513495733
22.78007197380066,-1.299544573515437,1.1000002232070336,0.7250182108455167,0.00035253875463189463,0.725018296556168,-1.3329024457818779,1.0995066758852725,0.8292731946008463,-0.08781496639571805,0.8339097670651029
22.790085792541504,-1.2922837943413807,1.1000033221324519,0.7251267030293848,0.00026774508418536637,0.7251267524603513,-1.3245962748477667,1.0986426004672263,0.8282324747877172,-0.0846092033432381,0.8325429415852158
22.800071001052856,-1.2850427196199097,1.1000056072237538,0.7252244736842878,0.00019129640556868257,0.7252244989139343,-1.3163300370441111,1.0978135837562357,0.8271290324915147,-0.08140790735070848,0.8311255523502876
22.810065507888794,-1.2777939345226246,1.1000071705018248,0.7253119245048094,0.00012287873693960324,0.7253119349135614,-1.3080797699756403,1.0970170127103258,0.8259347087064569,-0.07819984595985778,0.8296284463265259
22.82006549835205,-1.270540483605413,1.1000080908134544,0.725388997086126,6.253767746146708e-05,0.7253889997818942,-1.2998171485408683,1.096250220672284,0.8246264643502683,-0.07497587694892623,0.8280278907326039
22.83021092414856,-1.2631808581811073,1.1000084497425981,0.7254565342057288,9.612301134451294e-06,0.7254565342694103,-1.291457452663509,1.0955059636765194,0.82317647086364,-0.07170811568267374,0.8262938678450161
22.840054512023926,-1.256039363646624,1.100008324459283,0.7255118050716605,-3.3756090743462e-05,0.72551180585695,-1.2833644212741877,1.0948160005688163,0.8216450017874748,-0.06854683858099131,0.8244993499341209
22.850032806396484,-1.248799826501835,1.1000078016309223,0.7255575186437846,-6.969141590584646e-05,0.7255575219907925,-1.2751745882286825,1.094147998212781,0.819969632183878,-0.06535997502285121,0.8225704371290958
22.860027313232422,-1.2415479671524636,1.100006958941294,0.7255928996878244,-9.758610663339081e-05,0.7255929062500772,-1.2669887869008767,1.0935106317611014,0.8181752489249967,-0.06219833949290615,0.8205360268685069
22.870080709457397,-1.2342532937337432,1.1000058710857674,0.7256179800290883,-0.00011746644783121885,0.7256179895370984,-1.258769104409686,1.0929008279793955,0.8162650533733699,-0.059059522318415575,0.8183988419683338
22.88006043434143,-1.2270117101501414,1.1000046340781322,0.7256324535432243,-0.0001290894497373354,0.7256324650256806,-1.2506340958359743,1.0923268482553885,0.8142832885738621,-0.05600059813663858,0.8162066778961838
22.89009976387024,-1.2197267323113636,1.100003313491245,0.7256365348612474,-0.00013262693707089443,0.7256365469815744,-1.2424682435814876,1.0917797037628105,0.8122218107287409,-0.05298896908712902,0.8139484631525459
22.90009379386902,-1.2124748143543467,1.100002004277735,0.7256301590982237,-0.00012802462771257129,0.725630170392066,-1.2343626763574123,1.0912648827935043,0.8101240057799932,-0.050068300122658935,0.8116697231129143
22.910060167312622,-1.2052429505634803,1.1000007847302655,0.7256134289438614,-0.00011536308931430342,0.725613438114476,-1.2263013801918807,1.0907802025638227,0.8080072143999891,-0.04724005011600518,0.8093869784333033
22.92006516456604,-1.197983301389239,1.0999997275386681,0.7255867133868745,-9.492504038873346e-05,0.725586719596169,-1.2182255191428322,1.090321260000849,0.8058761768140842,-0.04448973841754481,0.8071033076260725
22.930065870285034,-1.1907271383036633,1.0999988860239633,0.7255590976800743,-7.365570701040247e-05,0.7255591014186831,-1.210177870728747,1.0898897371598701,0.803760913598183,-0.04183643940610677,0.8048489882520613
22.94006037712097,-1.1834754965904308,1.0999982488948026,0.7255339427688107,-5.412485876589943e-05,0.7255339447876689,-1.2021557624441863,1.0894844893720421,0.8016771354555963,-0.03928093343283404,0.8026389108706637
22.950031042099,-1.176241638394117,1.099997799227081,0.7255112837312291,-3.636050626986086e-05,0.7255112846423702,-1.1941729882873209,1.089105174090515,0.799641836469261,-0.03682711523442631,0.8004894147010453
22.9600350856781,-1.16898371834121,1.0999975174403802,0.7254909929696669,-2.0262349725948545e-05,0.725490993252622,-1.1861826084988916,1.0887486434451756,0.7976537350883427,-0.03445868324451672,0.7983976966094841
22.97002649307251,-1.1617350842873622,1.0999973881268288,0.7254731714498761,-5.909822960006708e-06,0.7254731714739473,-1.178223801894839,1.0884158443166905,0.7957304589749047,-0.03218425786788418,0.7963810581592954
22.98002862930298,-1.1544789610652448,1.0999973936726284,0.7254577772602706,6.7307551179233884e-06,0.7254577772914944,-1.1702734081472494,1.088104932112323,0.7938710079576891,-0.029992670460218446,0.7944373717021956
22.990023851394653,-1.1472278226462476,1.099997516890226,0.7254448383384235,1.7636607843978417e-05,0.7254448385528092,-1.1623474842306432,1.087815757361259,0.7920809166880032,-0.02788321346621394,0.7925715438839007
23.000028610229492,-1.139970085270003,1.0999977407394066,0.7254343350054406,2.6824451651981273e-05,0.7254343355013857,-1.1544343607283085,1.087547131441075,0.7903565092445848,-0.02584707385907427,0.7907790354658891
23.01002597808838,-1.1327175818223871,1.0999980476178868,0.7254262852177303,3.427871347586283e-05,0.7254262860276198,-1.1465371531560429,1.087298489962783,0.7886951845185817,-0.023879377739524102,0.7890566004818834
23.020053386688232,-1.1254435174867234,1.099998421583395,0.7254206676107979,4.0021013781298546e-05,0.7254206687147653,-1.1386752068003474,1.0870697494135078,0.7870955147273623,-0.021979226364030786,0.7874023340678467
23.030077934265137,-1.118171584174028,1.0999988442946123,0.7254175104022067,4.4025639142085556e-05,0.7254175117381663,-1.1307578347615166,1.0868578194353666,0.7855323562956973,-0.02011995187960721,0.7857899816433829
23.040061235427856,-1.1109293905151392,1.0999992965533516,0.7254168094800091,4.628874598065465e-05,0.7254168109568484,-1.1229442428744811,1.0866664438911395,0.784029269163227,-0.018334549238407532,0.7842436168694008
23.050053596496582,-1.1036808892457823,1.099999763218774,0.7254185495113101,4.682995524314436e-05,0.7254185510228821,-1.1150994791208717,1.0864916008835546,0.7825512576521617,-0.01658786759937078,0.7827270457857416
23.060037851333618,-1.0964380112600995,1.1000002264228885,0.7254224957578254,4.57109859068521e-05,0.7254224971980165,-1.1072936828752187,1.0863344911364043,0.78110321763037,-0.014892954268547596,0.7812451834599444
23.070035457611084,-1.0891855984637364,1.1000006724631677,0.7254272151357959,4.331874698783982e-05,0.7254272164291813,-1.0994915718985019,1.086193894851207,0.7796707945250381,-0.013240042336410235,0.77978320484374
23.080031871795654,-1.0819337488766263,1.100001088528122,0.7254324540471019,3.97214734429069e-05,0.725432455134588,-1.091700431484864,1.086069556535352,0.7782488033458123,-0.011629698277990078,0.7783356922249074
23.090049982070923,-1.0746664236791836,1.1000014633507373,0.7254382256682665,3.4907517889437616e-05,0.7254382265081277,-1.0839159131599212,1.0859610087199645,0.7768311760562879,-0.010060785079106273,0.7768963222267199
23.10003399848938,-1.0674235914418642,1.1000017829073474,0.7254444972703071,2.8905636556104033e-05,0.7254444978461857,-1.0761629188218993,1.0858681505827312,0.7754183770414314,-0.008538588422422739,0.7754653873293217
23.1100332736969,-1.0601696504547433,1.1000020368700647,0.7254512982231729,2.1689700753534256e-05,0.7254512985474146,-1.0684175815101602,1.085790217588834,0.7740035841973198,-0.007059173779735757,0.7740357745509894
23.120030879974365,-1.0529168402218763,1.1000022126281397,0.7254586181047686,1.3269438455185148e-05,0.725458618226125,-1.06068128477218,1.0857268105822329,0.7725861655612701,-0.005624148486532842,0.772606636175787
23.130069732666016,-1.0456338821719908,1.100002298328273,0.7254664915865716,3.6013351774238864e-06,0.7254664915955105,-1.0529347324114278,1.0856773828773219,0.7711630775678089,-0.004231644656966981,0.7711746877461405
23.14006519317627,-1.0383825391704553,1.100002281185934,0.7254748517172747,-7.23220671950997e-06,0.7254748517533234,-1.0452350024953168,1.0856418223145459,0.769746265652597,-0.0028934824016610327,0.7697517039451923
23.150037050247192,-1.0311481298567702,1.1000021501885258,0.725483710176588,-1.9240964565651586e-05,0.7254837104317383,-1.037568913741319,1.0856194351845239,0.7683355640046065,-0.001608381807511414,0.7683372474417177
23.16006898880005,-1.0238701305117524,1.1000018915135568,0.7254931439164014,-3.25319975565216e-05,0.7254931446457886,-1.0298698462863014,1.0856095658130953,0.7669216948788072,-0.0003666671895294837,0.7669217825310546
23.170068979263306,-1.0166151818039348,1.100001494916945,0.7255030687392804,-4.698867197127424e-05,0.7255030702609385,-1.0222311600044085,1.0856118543869058,0.7655255110557695,0.0008154000949712162,0.7655259453176698
23.180066347122192,-1.009362008876024,1.1000009478864423,0.7255135110484459,-6.264712604023905e-05,0.7255135137531938,-1.0145526324596061,1.0856257841343084,0.7641326640836874,0.0019526805143963762,0.764135159039829
23.190069913864136,-1.002104235054642,1.1000002377948486,0.7255244802981656,-7.952176698262112e-05,0.7255244846561932,-1.006918079106036,1.0856507525778878,0.7627624120490983,0.003032070827430282,0.7627684384454178
23.200068712234497,-0.9948497340857224,1.0999993579408835,0.7255348070269753,-9.56398034661023e-05,0.7255348133305818,-0.9992953600316297,1.0856862578679356,0.7614128000814139,0.004058537224815151,0.7614236165579739
23.210081815719604,-0.9875849401143637,1.0999983452406736,0.7255412599212447,-0.00010554310342320822,0.7255412675978217,-0.9917289260620881,1.0857314948490218,0.7600953809081961,0.0050269457123621195,0.7601120037607423
23.220033407211304,-0.9803644994459441,1.0999972729274785,0.7255436260560287,-0.00010887728763812126,0.7255436342252575,-0.9841281238351562,1.0857864660256105,0.7587977460043808,0.005949921090682457,0.7588210730483927
23.230032920837402,-0.973109543453724,1.0999961946918113,0.725541939606377,-0.00010569216804516172,0.7255419473046462,-0.9765435141874573,1.085850392190558,0.7575318504673781,0.00682219421814086,0.7575625695653662
23.24006676673889,-0.9658295559658671,1.0999951777425137,0.7255361526080485,-9.591122803774835e-05,0.7255361589474733,-0.9689482611255541,1.0859230289886346,0.7562958042312212,0.007648534655415513,0.7563344786403201
23.25006651878357,-0.9585743665286182,1.099994294737758,0.7255263043447324,-7.960088738856233e-05,0.7255263087114254,-0.9613902507472772,1.0860034497367408,0.7550989462489964,0.008425920284008306,0.7551459559310222
23.260069370269775,-0.9513171201301804,1.0999936074201107,0.7255123773200578,-5.673125588293798e-05,0.7255123795381009,-0.9538445457299817,1.0860914195031204,0.7539376281224975,0.009159755515467535,0.7539932680203986
23.27006959915161,-0.9440619269695079,1.0999931817208353,0.7254943791057397,-2.7314775147384678e-05,0.7254943796199387,-0.9463073841325533,1.086186559841819,0.7528108471359468,0.00985323174740368,0.7528753268247074
23.280067205429077,-0.9368088943929289,1.0999930829298359,0.7254723131136736,8.643063717601065e-06,0.725472313165159,-0.9387900050672253,1.086288327869756,0.7517190130886221,0.01050836054644489,0.7517924582491541
23.29006838798523,-0.9295534570745974,1.0999933765483336,0.7254461647531916,5.1166024689265326e-05,0.7254461665575722,-0.9312731144296702,1.08639661830595,0.7506574870845506,0.011129933417463433,0.7507399938287352
23.300071477890015,-0.9222967913318945,1.0999941284242838,0.7254159346147218,0.00010025308424148059,0.7254159415422515,-0.9237904421685591,1.086510602243464,0.7496289773760695,0.011718301835606676,0.7497205628231108
23.3100688457489,-0.9150447419129024,1.0999954031975938,0.7253816492225518,0.00015586120951047424,0.7253816659673346,-0.9162881226970188,1.0866307952783243,0.7486239083763425,0.012280716347258002,0.7487246304127254
23.320032358169556,-0.9078175497302071,1.0999972592768898,0.7253434283120898,0.0002177965335872971,0.7253434610106206,-0.908832047490726,1.0867558743459342,0.7476486373990209,0.012815030638392948,0.7477584569999028
23.330034255981445,-0.9005629990641295,1.099999775814036,0.7253009927759858,0.00028651130389461085,0.7253010493654052,-0.901358270911792,1.0868866462880264,0.7466920616566628,0.013328499504554175,0.7468110094529409
23.340034246444702,-0.8933101270643907,1.1000029705210688,0.7252622123128315,0.0003483475150560381,0.7252622959694609,-0.8938975495538829,1.0870223838187947,0.7457558341593138,0.013821182254584608,0.7458838979771372
23.350069046020508,-0.8860324181245004,1.100006672876067,0.7252374000511275,0.0003853611527541278,0.7252375024336077,-0.8864269727532469,1.087163317228524,0.7448350704302096,0.014296518912040354,0.7449722629707617
23.360050201416016,-0.8787937889016946,1.1000105990292812,0.7252267892134868,0.00039720216317876893,0.7252268979860452,-0.8789867511909104,1.0873085107408476,0.7439331596529261,0.014753394820015633,0.7440794370830989
23.37002682685852,-0.8715584561990267,1.100014517337862,0.72523020476316,0.00038414682668797174,0.7252303065024237,-0.8715748071349071,1.0874577959828493,0.7430487708173416,0.015192770464953083,0.7432040743211538
23.380030870437622,-0.8643031759905648,1.1000181907323108,0.725247705850183,0.0003460678139008858,0.7252477884170937,-0.8641391549903028,1.0876120582027704,0.7421754689804703,0.015617488088864623,0.7423397690347641
23.390060663223267,-0.8570289430654312,1.1000213653197668,0.7252794020650543,0.00028277167982302434,0.7252794571885139,-0.8566988039309283,1.0877707724207357,0.7413161071041438,0.01602508629135318,0.7414892946244657
23.400066614151,-0.8497715962519454,1.1000237742977887,0.725325140810054,0.00019456408331571727,0.725325166905373,-0.8492851075690551,1.0879330773879945,0.7404754949623086,0.01641165027964435,0.7406573437862999
23.410101652145386,-0.8424926219546057,1.1000251777980112,0.7253851750766978,8.095883890127628e-05,0.7253851795945276,-0.8418970818367025,1.088098746444062,0.7396552300100935,0.016774297172989106,0.7398454138040812
23.42006206512451,-0.8352671883284966,1.1000253192113392,0.7254587873459661,-5.669756064589831e-05,0.7254587895615389,-0.8344964254644215,1.0882683831103455,0.7388534090569032,0.017111101998797947,0.7390515204548468
23.430065155029297,-0.8280099006966275,1.1000239565968968,0.7255467787522294,-0.00021990964980470065,0.7255468120789936,-0.8271102845342174,1.0884410836747955,0.738075808660747,0.01741636657844275,0.7382812669674141
23.44002914428711,-0.8207800555685432,1.100020852177038,0.7256484363840079,-0.00040735445867804126,0.725648550721498,-0.8197575109943841,1.0886160471984188,0.737327273313492,0.0176848225267522,0.7375393283884675
23.45004153251648,-0.8135140618288967,1.1000157264273525,0.7257646717852662,-0.000620711435467569,0.7257649372174584,-0.8123788236110198,1.0887942945712272,0.7366047609266098,0.01791386704537915,0.7368225569648824
23.46003031730652,-0.8062639465933298,1.1000083592536887,0.7258947025638293,-0.0008585413011503735,0.7258952102772107,-0.8050273590911542,1.0889741175283363,0.7359161938037626,0.01809705660262825,0.7361386742729225
23.4700288772583,-0.7990052602849381,1.0999984812582302,0.7260383683271268,-0.0011204703360472483,0.7260392329185046,-0.7976750001079048,1.0891557143249213,0.7352610321318411,0.018230964642135902,0.7354870178618812
23.48004674911499,-0.7917313203537103,1.09998611214039,0.7261586058127514,-0.0013333279473355245,0.7261598298992681,-0.7903072840010049,1.089338927189383,0.7346402351090566,0.018311791238645365,0.7348684213785878
23.49002718925476,-0.7844835069730471,1.0999721346590006,0.726232541319124,-0.0014521216057436074,0.726233993095883,-0.7829877907197929,1.0895216153469103,0.734060813463737,0.018335965878990293,0.734289783060992
23.500059843063354,-0.7771972848873647,1.0999573590212757,0.7262607352852939,-0.0014777079416479011,0.7262622386148797,-0.7756147580426952,1.0897057342675702,0.733515579551941,0.01830235764177778,0.7337438802066205
23.51008939743042,-0.7699133184852253,1.09994280306196,0.7262426938862571,-0.0014092577388430947,0.7262440612015647,-0.7682623612076086,1.089888844741533,0.7330100745951138,0.01821179295425711,0.7332362776489875
23.520063638687134,-0.7626698658445745,1.0999294739585026,0.7261789137215731,-0.0012479458955455872,0.7261799860246784,-0.760954195940006,1.0900698061557845,0.7325434409368269,0.018069431013625258,0.7327662636862607
23.530067920684814,-0.7554054291843102,1.0999181876437452,0.7260690225131203,-0.0009927450732105643,0.7260697011967504,-0.7536263148899817,1.0902497108300455,0.7321075596217553,0.017881987933288008,0.7323259140217341
23.540104389190674,-0.7481190666088366,1.099909901754868,0.7259125704924361,-0.000642734247520221,0.7259128550358155,-0.7462808017630526,1.0904280901331127,0.7316974248904259,0.017660248529247375,0.7319105177338247
23.550066709518433,-0.7408881452289999,1.0999056159488325,0.7257114978754167,-0.0002021954020530075,0.7257115260429322,-0.7389928380550612,1.0906028537343255,0.7313100955464202,0.017420752399091535,0.7315175585467958
23.560065031051636,-0.7336334731379341,1.0999061929619907,0.7254638526421823,0.00033318941472004857,0.7254639291554226,-0.7316851506369958,1.0907757575280237,0.730932879029066,0.017177758892628396,0.731134699659572
23.570078372955322,-0.7263706342215904,1.0999126044053744,0.7251698006178142,0.0009630169863734503,0.7251704400551615,-0.7243659461698163,1.0909466505770988,0.7305568951031204,0.016950069157925646,0.730753502781321
23.580064058303833,-0.7191308850951313,1.099925745352125,0.7248306749468085,0.0016844411355751154,0.7248326321888282,-0.7170956318990778,1.0911143873965625,0.7301754677675246,0.01675914767782827,0.7303677722629954
23.590065717697144,-0.7118833129049932,1.099946595089342,0.7244450868939507,0.0025004236358887565,0.724449401989637,-0.7097724265858079,1.0912817770419492,0.7297731708699583,0.01662241205020532,0.729962454859125
23.600083589553833,-0.704628061844951,1.0999761289075627,0.724012797829614,0.0034114513393893706,0.72402083493592,-0.7024632984333653,1.0914479331697704,0.7293434473703766,0.016561497277787975,0.7295314574534724
23.61007022857666,-0.6973999023719469,1.1000151761269898,0.7235482275712026,0.004458836640809569,0.7235619661408539,-0.6951812229472267,1.0916134225188434,0.7288777070386373,0.016594627973217126,0.7290665905769316
23.620144367218018,-0.6901127441688066,1.100068103843838,0.723187425348875,0.006186002006654283,0.7232138817829488,-0.6878406097849703,1.0917812349766527,0.728361530405863,0.016739838597219805,0.7285538697800129
23.630061149597168,-0.682942218754312,1.100141205723569,0.7229771155373217,0.008689983860408961,0.7230293392457597,-0.6806225399009956,1.091948419819773,0.7278008652732199,0.01700919683430933,0.7279995963387589
23.640061616897583,-0.6757125363039879,1.1002440985269641,0.7229105729823697,0.012022700177075739,0.7230105406211212,-0.6733457700913855,1.0921205117767592,0.7271784773180829,0.01742717671880174,0.7273872726155126
23.650067806243896,-0.6684786783022847,1.1003844672358463,0.7229902720844359,0.016168990198382492,0.7231710515312142,-0.6660764224721412,1.0922976125863229,0.7264996400099161,0.018020896143206844,0.7267231107047181
23.660032510757446,-0.6612732897440536,1.100569510682111,0.7232150532606864,0.02110496024273702,0.7235229316405285,-0.658837144402982,1.0924811063438213,0.725772623472491,0.018829059339844932,0.7260168279439297
23.670085668563843,-0.6540009023200841,1.1008101296411847,0.7235888800289021,0.026900717935201775,0.7240887486537201,-0.6515813520423982,1.092674609718812,0.7250045173354323,0.019912798544446313,0.7252779258344038
23.68006992340088,-0.6467740349926716,1.1011108205697,0.7241063186297998,0.03346778104620537,0.724879336888394,-0.6443090942900993,1.0928813169801124,0.7242123353290036,0.02134698674709944,0.7245268804439695
23.690072536468506,-0.6395278399252377,1.1014818703671596,0.7247708003769504,0.040857622319030715,0.7259215235689116,-0.6370705054222239,1.0931037107615789,0.7234239549270096,0.02320923817775204,0.7237961641919828
23.700069904327393,-0.6322782039879514,1.1019306298690492,0.7255810206950369,0.04905413273253806,0.7272373240772183,-0.6298437917048211,1.0933471585875505,0.7226635268678125,0.025602122973325033,0.723116893569613
23.710066080093384,-0.6250203904187797,1.1024653308850938,0.7265372079419948,0.05806025556258804,0.7288534199687496,-0.6226200260088852,1.0936178047083138,0.7219595866927301,0.028638599003993626,0.7225273795299727
23.72007131576538,-0.6177458846170663,1.1030947076866875,0.7276404630975565,0.06788569029113488,0.7308003218958858,-0.6154036220275242,1.093922486045847,0.7213438596117557,0.032434538238772924,0.7220726854481804
23.730079650878906,-0.6104573258774038,1.1038266960928513,0.7288904227163439,0.07852632169480062,0.7331081990583148,-0.6081895605850094,1.0942695907442976,0.7208477147565115,0.037113452336771977,0.721802491138704
23.74007511138916,-0.6031647737525504,1.1046681039735176,0.7302849048339022,0.08996419476295069,0.7358054080853224,-0.6009832497650196,1.0946682190441153,0.720502685816265,0.04279246258669554,0.7217723430020613
23.750076055526733,-0.5958538931840586,1.1056281758840343,0.7317279933424441,0.10208762507708576,0.738815091504525,-0.5938126796645533,1.0951269347540487,0.7203387011799528,0.049559483827528915,0.7220415409482147
23.760066032409668,-0.5885383798403071,1.106708932003814,0.7327736665707807,0.11428358654328519,0.741631973806943,-0.5865811270463859,1.095663768557161,0.7203812396623518,0.05761905575926086,0.7226818705655038
23.77005386352539,-0.5812162259308155,1.1079113230271598,0.7333695083489093,0.12649035180938284,0.7441979876865984,-0.5793833076114562,1.096284978451861,0.7206528287327904,0.06697008848732428,0.7237578962004992
23.780064344406128,-0.5738737532685592,1.1092388416399783,0.7335156098984047,0.1387382401515444,0.7465208967235788,-0.5721663432976947,1.0970081271475476,0.7211646496093581,0.0777408982893609,0.7253427459574026
23.790061473846436,-0.5665418381997608,1.1106870247414629,0.7332108153274106,0.15098327420658508,0.7485947159867127,-0.5649547712259643,1.097844867972729,0.7219105519531598,0.08992773065682273,0.7274900973638073
23.800071954727173,-0.5592053568712052,1.112259888994716,0.7324542975741479,0.163258254625617,0.7504282482277977,-0.5577211005299928,1.098812440710417,0.7228707093836364,0.10356479794672716,0.7302518263301696
23.810068607330322,-0.5518888830711222,1.1139532584557266,0.7312481559493648,0.17552960602745177,0.7520202844149211,-0.5504905446206719,1.0999213575432005,0.7240009706634556,0.11855005587211566,0.7336426386660658
23.82006287574768,-0.5445885534294848,1.1157688955091891,0.7295921259973563,0.18781128558598095,0.7533775609286496,-0.5432487548727866,1.1011864065040908,0.7252444353959419,0.13481085532377624,0.7376675794596822
23.830076217651367,-0.5372930357699004,1.1177111928613657,0.7274814748775811,0.20013004779330676,0.7545073441125751,-0.5359795390752395,1.1026228130961357,0.7265298483410148,0.15225122377190428,0.7423112929697758
23.840065956115723,-0.5300380698693091,1.1197718831406518,0.72492554330947,0.2124331168601143,0.7554104000352612,-0.5287192369302045,1.1042339923616722,0.7277639905837792,0.17061857087587934,0.7474965703721687
23.8500337600708,-0.5228267585561012,1.1219506030055149,0.721926986158592,0.22472246254860395,0.7560944111140728,-0.5214545048267313,1.1060308151218254,0.7288538930922386,0.18975475300540315,0.7531499610063416
23.86003065109253,-0.5156266363716504,1.1242587924020238,0.7184699421941851,0.23706112925786618,0.756569254491306,-0.5141657782914757,1.1080256074493435,0.7297016397439047,0.20951425023242434,0.7591842359370998
23.870062589645386,-0.5084383377977528,1.1266991197063685,0.714548060539218,0.24945644919576027,0.7568404395020888,-0.506843621330679,1.110228149497057,0.7302036304896107,0.22972643090231828,0.7654878020160253
23.88006901741028,-0.5013097482785498,1.12925719285368,0.7101843278721371,0.2618337596737232,0.7569139298890438,-0.49953539505139494,1.112628833177504,0.7302547461880179,0.2500670059149543,0.7718843836854041
23.89008378982544,-0.4942195781835418,1.1319400446117867,0.70592072743033,0.27367004593254735,0.7571125196801918,-0.49222414262227354,1.1152350091986445,0.7297612832185495,0.2704018375378589,0.7782471870997252
23.900066375732422,-0.48718869676220083,1.1347235538868203,0.702957220959107,0.28371584979208037,0.7580524638320181,-0.4849448679771215,1.1180345527342446,0.7286424131899484,0.29046207695145665,0.7844029477546763
23.910069942474365,-0.4801659360054169,1.137604598788766,0.7013152173702335,0.2919880221464519,0.7596710072077615,-0.47766174283430224,1.1210402498868832,0.7268316716061018,0.3101768797197784,0.7902493122821544
23.92006540298462,-0.4731585614986673,1.1405570194934984,0.7010021317089181,0.2984588819105174,0.7618934918029708,-0.4704106034775779,1.1242358823930747,0.7243127496666518,0.32928760694612524,0.7956502293206303
23.930080890655518,-0.4661336717586939,1.1435712048712519,0.7020194720151063,0.30314330771912035,0.7646745739876918,-0.4631710744423766,1.1276269361048006,0.721104841682303,0.3476803002677542,0.8005459286586467
23.940063953399658,-0.45911490750632167,1.146613300443097,0.704359371053473,0.30602011317773853,0.7679651250285784,-0.45599102722104157,1.1311853882860525,0.7173108623489295,0.3650560421757396,0.8048607253263016
23.950067043304443,-0.45205172622223233,1.1496814510741016,0.7080318262675458,0.30710787726413036,0.7717670084199222,-0.4488368999676785,1.1349192963799006,0.7130517189007259,0.3813078648162165,0.8086027712035013
23.960182666778564,-0.44486511813058893,1.1527858887565328,0.713097075413714,0.3063807353217252,0.7761292379107189,-0.44164965645577514,1.1388518527000138,0.7084746897847836,0.3963449186797767,0.8118039668718823
23.97003173828125,-0.4378121659335706,1.1557926820772866,0.7193347247822799,0.3039074326103959,0.7808983121210089,-0.43469442982097295,1.1428215678474474,0.7039834850378685,0.4094211199249369,0.8143822202422228
23.98004722595215,-0.4305704759867482,1.158816399034899,0.7269990328133904,0.2996062038555941,0.7863151220092138,-0.4276648935247834,1.1469818033482504,0.6996499193952184,0.4209352327437494,0.8165148375104828
23.990026473999023,-0.423271817305239,1.1617774638489928,0.7359610004256533,0.293529003666463,0.7923369675466082,-0.42070176291033584,1.1512318440911824,0.6958603682720129,0.43040359527723776,0.8182107961639432
24.00003170967102,-0.4158578447331283,1.1646763383050778,0.7462741013322266,0.2856409300688966,0.7990718210835912,-0.4137541194287041,1.15557716345414,0.6929009672199881,0.4376955602406843,0.8195664425955966
24.010066509246826,-0.4083117221975584,1.1674954217996083,0.7579530718634719,0.2759242437814062,0.8066145594108839,-0.40681466610219796,1.1599937901027229,0.6910992006118917,0.4426064356479986,0.8206817665596219
24.020065784454346,-0.4006690193340739,1.170198557366424,0.770921154007959,0.264443408497972,0.8150151789966789,-0.3999054268587135,1.1644344748116424,0.6907830086013582,0.44493704618111785,0.8216752034938881
24.030066967010498,-0.39289641661446284,1.1727814756281778,0.7828439643554141,0.2520796165848238,0.822428602144437,-0.3929924455133853,1.168883843902095,0.6922522189938366,0.44454552715073137,0.8226991311601175
24.040072917938232,-0.38501781840741867,1.1752419436815633,0.7913872875400774,0.23972846538728207,0.8268999794394618,-0.3860480820526631,1.1733192444294585,0.6957967153416015,0.4412819534627841,0.8239313269515199
24.05007553100586,-0.3770732780648063,1.177578176766454,0.7965436824118052,0.22739971282860716,0.8283673505062182,-0.37906021439220783,1.177705048379001,0.7016302496342034,0.43503410743534054,0.8255541665050319
24.060035705566406,-0.3691279520611804,1.1797820556105538,0.7983161169398906,0.21514149885568506,0.826797730461239,-0.3720341364823,1.1819938096091027,0.709796640364987,0.4257957589707939,0.8277157114800571
24.070035934448242,-0.3611496613496782,1.1818720843864932,0.796720426347373,0.202852142385549,0.8221389356000278,-0.36488693549704504,1.1861921234873667,0.720267185404412,0.4135289415304054,0.8305365758674637
24.080031633377075,-0.35320799117490564,1.1838384037355785,0.7917458232532983,0.19058695125438063,0.8143616117103524,-0.3576262292181866,1.1902524346185026,0.7327342303999375,0.3983858027767117,0.834032793272443
24.090028762817383,-0.3453318276255266,1.1856824679504134,0.7833909357574491,0.17833837113178932,0.8034338384987725,-0.35022978274822464,1.1941494021606107,0.7467409318690672,0.3805738779812131,0.8381279710941176
24.100029230117798,-0.33755329736477246,1.1874047738546585,0.771651380635169,0.16610372157010242,0.7893264847676154,-0.34268837591451495,1.1978560319289726,0.7616576656266005,0.36039845344654553,0.8426205817889949
24.11005997657776,-0.3298864525268702,1.189009420023166,0.7564792576208259,0.1538509137685959,0.7719656539497,-0.3349787000155832,1.201358414824918,0.7767687053594806,0.33817017127210475,0.8471886958429322
24.120036602020264,-0.32242856893633215,1.1904836337378224,0.7380133379128947,0.14168215847329116,0.7514902001802707,-0.32715434156337214,1.2046157504093293,0.79114292621543,0.3144347300052582,0.8513379641095498
24.13003373146057,-0.31515713201851636,1.1918391698710633,0.7161333285203187,0.12950690482219637,0.7277492580650401,-0.31917827881995453,1.2076355772077807,0.8039947066036449,0.2894641871066606,0.8545156545458958
24.14003610610962,-0.3081176368094746,1.1930737071552795,0.690859060999097,0.11734350507076587,0.7007536944938977,-0.3110785940817092,1.21040359116998,0.8144128241657947,0.2636673801006191,0.8560308028890258
24.15003275871277,-0.3013517127619671,1.1941860617498807,0.6622189385833603,0.10520551317451737,0.6705237673794912,-0.30289917635867064,1.2129083542134456,0.8214876152079024,0.23743678278148916,0.8551129327507512
24.160030603408813,-0.2948879074234059,1.1951773017782403,0.6305644704144462,0.0931022310937805,0.6374006407148416,-0.29466730202563485,1.2151502552836353,0.8243544247108174,0.21099827405056404,0.8509291916444163
24.170029640197754,-0.2887138365540885,1.1960497985328116,0.6064356422203752,0.08154530176021287,0.6118936381385274,-0.28643189127871743,1.2171278292320586,0.8221832721952671,0.18464623117780554,0.8426621884040392
24.180030345916748,-0.2827182009847715,1.1968107717479413,0.5946627114110168,0.07076840667222173,0.5988588378955655,-0.2782427777398301,1.2188445117721558,0.8143052574517335,0.1587205411138381,0.8296295935446153
24.19006896018982,-0.27675605950899435,1.1974701686623919,0.5952766263102056,0.060737471866992424,0.598367196895062,-0.27013392992353646,1.220310887583754,0.8003246156043407,0.13360447431162373,0.8113998064445918
24.200069665908813,-0.2707481750790581,1.1980308842838108,0.6082727544214792,0.05152782366454409,0.610451357917318,-0.26222238264630904,1.2215279626897781,0.7805572204855518,0.11000678924345203,0.7882709357395994
24.21010184288025,-0.26452858827685666,1.1985047622462455,0.6337293029758935,0.04307505962154252,0.6351915382085244,-0.2545129005957694,1.222520808312301,0.7558883909969866,0.0882825741260789,0.7610263284133735
24.220031261444092,-0.2580602093903678,1.1988941464540486,0.6711737227203602,0.03548388779928537,0.672111056570013,-0.24714204631012898,1.2232993724442207,0.7281915569249345,0.06892848758896902,0.7314465667279209
24.230067491531372,-0.2510824160259262,1.1992150443177718,0.7214045440451597,0.02859448642202714,0.7219710249191059,-0.23998392823909717,1.22390200185307,0.6987788733552348,0.05155152450180506,0.7006778671587047
24.240063667297363,-0.24356961246080366,1.1994698435838183,0.7838081906865754,0.0225157390049077,0.7841315184905527,-0.2331420434656286,1.2243396209885742,0.670057323538962,0.03631489320588517,0.671040675590349
24.25009036064148,-0.23534499007122736,1.1996683121353573,0.8588095626869603,0.01720336907204152,0.8589818513042036,-0.22655826519864067,1.2246350182414067,0.6437159028174,0.02287097131206336,0.6441220729557229
24.260031938552856,-0.22638634716814665,1.1998163791688519,0.9454440997703503,0.012712224921272566,0.9455295587410354,-0.22027635848299587,1.224802205602313,0.6216008568664702,0.011033993347647656,0.6216987809754221
24.27005648612976,-0.21641938408726286,1.1999243801629673,1.0451670385560698,0.008966378966722364,1.0452054986632247,-0.214133399092513,1.2248579325785078,0.604618225376404,0.00022585619585548024,0.6046182675608911
24.280032873153687,-0.20544611255513154,1.1999984811902114,1.1567425215394413,0.006018697748941768,1.156758179508586,-0.20817491655718431,1.224810054604695,0.5943222789306442,-0.009728176561646979,0.5944018915283908
24.290029287338257,-0.1932726671918758,1.2000471348077835,1.280880558500104,0.00384576959061556,1.2808863318371706,-0.20223494815260204,1.2246642912719086,0.5920619777914188,-0.019306283232596432,0.5923766691207071
24.30005192756653,-0.179766301758746,1.200077956503203,1.4127701419059975,0.0023956089836404087,1.4127721730001248,-0.19626965485674525,1.2244237785948575,0.6001101249287372,-0.028670951612091038,0.6007946283950343
24.310031414031982,-0.16513770043262593,1.2000959164785774,1.5122900105178265,0.0012350817535410348,1.5122905148611314,-0.19018914311982327,1.224091688506453,0.621186550889269,-0.03786230449250604,0.6223393649024539
24.320208072662354,-0.14940616226837522,1.2001032818074227,1.5724148465244685,0.00024493872860831603,1.5724148656018069,-0.18369690987111834,1.2236607576259326,0.6585244060387053,-0.04684647704380644,0.6601885986292444
24.330042123794556,-0.1338205613490541,1.2001017485586618,1.5908333755735315,-0.0005263835119102343,1.5908334626598344,-0.17698071532966272,1.2231606920322657,0.7102997513053374,-0.054671880018134486,0.7124006956545884
24.340038061141968,-0.11799131058561274,1.2000933451538685,1.5695849053433277,-0.0011235877970286066,1.569585307503597,-0.16955801114271335,1.2225795128669104,0.7748677570763283,-0.06121958628774359,0.7772823674198085
24.35004162788391,-0.10256426592884771,1.2000799017053918,1.5079767146816176,-0.0015326854291999228,1.5079774935809187,-0.16146904814925872,1.2219423011225006,0.8439566940882418,-0.0659994682189606,0.8465334200736199
24.360041856765747,-0.08796040592181649,1.200063315577442,1.4060531524717557,-0.001753099584154871,1.4060542453738811,-0.15270670845074366,1.221266386326792,0.9095803935831783,-0.06910137041256878,0.912201453508941
24.37006139755249,-0.07455289830360635,1.2000454331525165,1.263483932732426,-0.0017848881671173138,1.2634851934624192,-0.14329324090879056,1.2205632535783693,0.9640277226104413,-0.0708170695796521,0.9666253189862778
24.380033493041992,-0.06282777481324744,1.2000282571926437,1.0813862441926427,-0.0016286265282298299,1.0813874705920345,-0.13345601489592532,1.2198521100138653,1.0062007089112415,-0.07163168207924554,1.0087472252705267
24.390031814575195,-0.053078625219767986,1.2000134799699569,0.8681854251937396,-0.0013172225614724094,0.8681864244470257,-0.12322005672542719,1.2191337477145117,1.0390631755760102,-0.0719413200151242,1.0415506883314039
24.40003538131714,-0.04539096118118499,1.2000018215388777,0.6729769145426343,-0.001019993268012368,0.6729776875154115,-0.11269559263037113,1.2184139509977585,1.0644049895986694,-0.07195943104686917,1.0668346364826804
24.410033702850342,-0.03953399717114339,1.1999929505531066,0.5027369745561285,-0.0007607818896398326,0.5027375501938691,-0.10195090615117851,1.217695086750003,1.0840535729067362,-0.07181879143664659,1.086429973691485
24.420029401779175,-0.035255896998327686,1.199986483568411,0.35740284979515935,-0.0005394928732263622,0.3574032569720952,-0.09103315219220343,1.2169780624309976,1.0991620654763121,-0.07160172542173456,1.1014917399896933
24.430050134658813,-0.03230032761307038,1.1999820304161157,0.23664942932105665,-0.0003556311982122623,0.23664969653800727,-0.07995707926465485,1.2162616615467456,1.1106808281467435,-0.07135658509896438,1.112970648422375
24.44004249572754,-0.03043364111247948,1.1999792350854053,0.14110947669752044,-0.00021016032347198144,0.14110963319777153,-0.06880779733527599,1.2155501121468355,1.1211824363720193,-0.07106462004408956,1.1234323459163476
24.45006561279297,-0.029395392038771347,1.1999777012905521,0.07022853442530205,-0.0001022360220083658,0.07022860884091349,-0.057513094810289156,1.21483965405698,1.1327130197871962,-0.07067571684980882,1.134915786368162
24.46003031730652,-0.028943771964440014,1.199977060429659,0.024531297690678862,-3.265720020073048e-05,0.02453131942805831,-0.04616962222250869,1.214138092120152,1.1450229011123052,-0.07018090778706287,1.1471716540646637
24.47008204460144,-0.02882414690269735,1.1999769254707928,0.0034593533158743073,-5.736184078680502e-07,0.0034593533634320506,-0.034596442541940595,1.213435089147559,1.1560981791673353,-0.06962724255854838,1.1581929687147712
24.480074405670166,-0.028815643411252118,1.1999769284882933,0.0,0.0,0.0,-0.023009933141218367,1.2127418535960834,1.1617653655221643,-0.06915751933806916,1.1638219481552337
24.490031480789185,-0.028815643411252118,1.1999769284882933,0.0,0.0,0.0,-0.01145574405272718,1.2120547478400048,1.1575551684408478,-0.068943381901641,1.1596064668205999
24.50003457069397,-0.028815643411252118,1.1999769284882933,0.0,0.0,0.0,4.748966354200992e-05,1.2113644708439784,1.139644792927729,-0.06913335485390323,1.1417397579136157
24.510029077529907,-0.028815643411252118,1.1999769284882933,0.0,0.0,0.0,0.011265091010629058,1.2106716902523653,1.106059918468084,-0.06980073951762007,1.1082602070266854
24.52005434036255,-0.028815643411252118,1.1999769284882933,0.0,0.0,0.0,0.022132942891641944,1.209965680485334,1.0565107654126518,-0.07092691215252055,1.0588888630542483
24.53005290031433,-0.028815643411252118,1.1999769284882933,0.0,0.0,0.0,0.03239134657779871,1.2092493877847639,0.9933335013095014,-0.07239121285874031,0.9959678370926205
24.54002857208252,-0.028815643411252118,1.1999769284882933,0.0,0.0,0.0,0.04193321921741875,1.2085196685554922,0.9197703040351188,-0.07403149484875392,0.9227448587851336
24.550050735473633,-0.028815643411252118,1.1999769284882933,0.0,0.0,0.0,0.050756544595593235,1.2077687939359345,0.8387741564708319,-0.0756966953455612,0.8421829226774871
24.560075759887695,-0.028815643411252118,1.1999769284882933,0.0,0.0,0.0,0.05873168902191098,1.2070033162063523,0.7545016633882607,-0.07723210519197947,0.7584441694205561
24.570067405700684,-0.028815643411252118,1.1999769284882933,0.0,0.0,0.0,0.06585893423398681,1.2062235936267391,0.6699145532118636,-0.07853981885336905,0.6745027885417308
24.58003830909729,-0.028815643411252118,1.1999769284882933,0.0,0.0,0.0,0.07212639177676074,1.2054351492241488,0.5878923091731567,-0.07955497607228273,0.5932506733268896
24.590063095092773,-0.028815643411252118,1.1999769284882933,0.0,0.0,0.0,0.07762420336126921,1.2046338860176207,0.5098155351488977,-0.08025610021340468,0.5160939076375742
24.600090742111206,-0.028815643411252118,1.1999769284882933,0.0,0.0,0.0,0.08237238533937855,1.2038266486820888,0.4378841334277802,-0.0806260215711498,0.4452449546734803
24.610034227371216,-0.028815643411252118,1.1999769284882933,0.0,0.0,0.0,0.08639527563906325,1.2030259679552275,0.37437021918641616,-0.08066464855878985,0.3829619387625856
24.620068550109863,-0.028815643411252118,1.1999769284882933,0.0,0.0,0.0,0.0898733796021461,1.202216377461997,0.3195361016922022,-0.08038987018080768,0.32949332544428955
24.630067110061646,-0.028815643411252118,1.1999769284882933,0.0,0.0,0.0,0.0928467033058895,1.201415230902413,0.2772922040305984,-0.07983305442566405,0.2885555111154144
24.640063762664795,-0.028815643411252118,1.1999769284882933,0.0,0.0,0.0,0.09545600870790964,1.200620857129114,0.24640017420613722,-0.07901888389897897,0.2587605647339932
24.650057792663574,-0.028815643411252118,1.1999769284882933,0.0,0.0,0.0,0.09780566596183274,1.1998362985150801,0.22536675998033373,-0.07795818036579655,0.23846939927374208
24.660030603408813,-0.028815643411252118,1.1999769284882933,0.0,0.0,0.0,0.099983366216868,1.1990651598750839,0.21262925924297565,-0.07665519773096766,0.226024824356508
24.670063734054565,-0.028815643411252118,1.1999769284882933,0.0,0.0,0.0,0.1020814751345679,1.1983034834213626,0.2064698671446798,-0.07509686974615325,0.2197028581616826
24.680042505264282,-0.028815643411252118,1.1999769284882933,0.0,0.0,0.0,0.10413195379596722,1.197563087525709,0.20530172400825988,-0.07330191910976244,0.21799534221156622
24.69006371498108,-0.028815643411252118,1.1999769284882933,0.0,0.0,0.0,0.10619837176466931,1.1968383729124559,0.207425337504331,-0.07125719063702082,0.2193236372493087
24.700032234191895,-0.028815643411252118,1.1999769284882933,0.0,0.0,0.0,0.10828429185976023,1.1961392015549641,0.2112645049459686,-0.06899526575913648,0.22224544482899772
24.71003270149231,-0.028815643411252118,1.1999769284882933,0.0,0.0,0.0,0.11041747665324984,1.1954616631216115,0.21543740220345414,-0.06651743745975632,0.22547249001682104
24.720062494277954,-0.028815643411252118,1.1999769284882933,0.0,0.0,0.0,0.11259581036358174,1.194807785444704,0.21873473721845296,-0.06384820836675144,0.22786285124537037
24.73002862930298,-0.028815643411252118,1.1999769284882933,0.0,0.0,0.0,0.11478520275291754,1.194185184704388,0.2201384012221424,-0.061046348277355646,0.2284459943414223
24.740028381347656,-0.028815643411252118,1.1999769284882933,0.0,0.0,0.0,0.11698343607739321,1.1935891082956134,0.21891383060006434,-0.05812576917820561,0.2264991617435961
24.750048398971558,-0.028815643411252118,1.1999769284882933,0.0,0.0,0.0,0.11915755581173862,1.1930216781810836,0.21451672179345932,-0.055133840938375984,0.22148851967005098
24.760027170181274,-0.028815643411252118,1.1999769284882933,0.0,0.0,0.0,0.12126189222980262,1.1924865261596036,0.2066880799078733,-0.05213247910024579,0.2131613420701347
24.770024299621582,-0.028815643411252118,1.1999769284882933,0.0,0.0,0.0,0.1232746264258411,1.1919802294077921,0.19532834211191,-0.04914665347391602,0.20141637167785675
24.78005075454712,-0.028815643411252118,1.1999769284882933,0.0,0.0,0.0,0.125160022652017,1.191502662608468,0.18056107113828226,-0.04621669578113493,0.18638208974987325
24.789995670318604,-0.028815643411252118,1.1999769284882933,0.0,0.0,0.0,0.1268710287624758,1.1910568363451037,0.16284650296371533,-0.043399587728783974,0.1685304356564112
24.80003261566162,-0.028815643411252118,1.1999769284882933,0.0,0.0,0.0,0.12840533557715522,1.1906348763532113,0.1423847802608497,-0.04067791711370434,0.14808145930750363
24.81002926826477,-0.028815643411252118,1.1999769284882933,0.0,0.0,0.0,0.1297178305734162,1.1902413203656106,0.11999659732490586,-0.03810563438311912,0.12590163915253666
24.820026397705078,-0.028815643411252118,1.1999769284882933,0.0,0.0,0.0,0.1307993152591458,1.1898726934212418,0.09622791020592984,-0.03567804357838919,0.1026291064765836
24.830025911331177,-0.028815643411252118,1.1999769284882933,0.0,0.0,0.0,0.13163942766489525,1.1895274403874658,0.07172512234428724,-0.03339539567988797,0.07911855425827277
24.840026378631592,-0.028815643411252118,1.1999769284882933,0.0,0.0,0.0,0.13223362240605452,1.189204272739518,0.04713632735510766,-0.031253380062356194,0.05655622973510482
24.850037574768066,-0.028815643411252118,1.1999769284882933,0.0,0.0,0.0,0.13258435814445066,1.188901475118274,0.023027676823734033,-0.029239751495888328,0.037218771707831
24.86003088951111,-0.028815643411252118,1.1999769284882933,0.0,0.0,0.0,0.13269834589659854,1.1886189266543634,1.77326015403257e-05,-0.02734908926988446,0.027349095018615637
24.870030641555786,-0.028815643411252118,1.1999769284882933,0.0,0.0,0.0,0.13258935311602282,1.1883544333073328,-0.021535147837122563,-0.025559608615888647,0.03342239047351541
24.880027532577515,-0.028815643411252118,1.1999769284882933,0.0,0.0,0.0,0.1322739114155675,1.1881074936359703,-0.04124202476460018,-0.023859302597971224,0.047646310740134444
24.890024662017822,-0.028815643411252118,1.1999769284882933,0.0,0.0,0.0,0.13177154485170658,1.1878770915401677,-0.05886696160139105,-0.022231980186852945,0.06292519456631239
24.900040864944458,-0.028815643411252118,1.1999769284882933,0.0,0.0,0.0,0.1311035403579835,1.1876625035703934,-0.07426229386322286,-0.020663258027882953,0.0770834516751458
24.91003441810608,-0.028815643411252118,1.1999769284882933,0.0,0.0,0.0,0.13029395827769982,1.1874636021706466,-0.0873492822721141,-0.019143478194527042,0.08942242375846116
24.9200336933136,-0.028815643411252118,1.1999769284882933,0.0,0.0,0.0,0.129364260879375,1.187279591836739,-0.09820010536702876,-0.017658688541949515,0.0997751971940779
24.930036067962646,-0.028815643411252118,1.1999769284882933,0.0,0.0,0.0,0.12833677912101785,1.1871102959487267,-0.10693696240535608,-0.01620043026454518,0.10815714432824551
24.940033435821533,-0.028815643411252118,1.1999769284882933,0.0,0.0,0.0,0.12723164295295045,1.1869554819232253,-0.11376479434729349,-0.014760964928105483,0.11471841403406317
24.95003366470337,-0.028815643411252118,1.1999769284882933,0.0,0.0,0.0,0.12606700206019847,1.1868150307269398,-0.11894355617428674,-0.013334864453387427,0.11968871360899458
24.960038661956787,-0.028815643411252118,1.1999769284882933,0.0,0.0,0.0,0.12485713146905127,1.186688746240478,-0.12277655440295901,-0.011917313805013274,0.12335357586786819
24.97006344795227,-0.028815643411252118,1.1999769284882933,0.0,0.0,0.0,0.12361164242099933,1.1865763715333892,-0.12558731844912827,-0.010503782683962126,0.12602580690443785
24.980060815811157,-0.028815643411252118,1.1999769284882933,0.0,0.0,0.0,0.12234494253992645,1.1864783650221584,-0.12768519114621313,-0.009100641832927232,0.12800910014454525
24.99002957344055,-0.028815643411252118,1.1999769284882933,0.0,0.0,0.0,0.1210629981937063,1.1863945660255086,-0.12938211210535178,-0.007709772308461751,0.1296116180050621
25.000029802322388,-0.028815643411252118,1.1999769284882933,0.0,0.0,0.0,0.11976150831901722,1.1863244078413624,-0.13096642733400915,-0.006326908712948051,0.1311191628347904
25.010035037994385,-0.028815643411252118,1.1999769284882933,0.0,0.0,0.0,0.11844247370387315,1.1862679481767184,-0.1326751687112119,-0.004958961760421715,0.13276781121299644
25.02005672454834,-0.028815643411252118,1.1999769284882933,0.0,0.0,0.0,0.11710346288908713,1.1862250324570813,-0.13470319911102452,-0.003611459909026696,0.13475160293450622
25.030030012130737,-0.028815643411252118,1.1999769284882933,0.0,0.0,0.0,0.11574784301349962,1.186195592853063,-0.137180422834742,-0.002297873568194051,0.13719966702603184
25.04004693031311,-0.028815643411252118,1.1999769284882933,0.0,0.0,0.0,0.11435911113653512,1.1861790357012552,-0.14021588935320162,-0.0010136342461173889,0.1402195531354104
25.050048351287842,-0.028815643411252118,1.1999769284882933,0.0,0.0,0.0,0.11293914369655329,1.1861751405831558,-0.14383269073727756,0.00022741106194629776,0.14383287051476246
25.060027599334717,-0.028815643411252118,1.1999769284882933,0.0,0.0,0.0,0.11148309777069819,1.1861834023723397,-0.14801470523325017,0.0014187212467392622,0.1480215043000911
25.070023775100708,-0.028815643411252118,1.1999769284882933,0.0,0.0,0.0,0.1099808619925401,1.1862033244968022,-0.15272080241362362,0.0025589882485937973,0.1527422400998411
25.08005166053772,-0.028815643411252118,1.1999769284882933,0.0,0.0,0.0,0.10842369886540286,1.1862344839042178,-0.1578767807994363,0.0036464033277031683,0.15791888478843036
25.090030431747437,-0.028815643411252118,1.1999769284882933,0.0,0.0,0.0,0.10682126896997564,1.18627602675198,-0.16332244265120147,0.004668623703150185,0.16338915606868348
25.10006880760193,-0.028815643411252118,1.1999769284882933,0.0,0.0,0.0,0.10515321771258927,1.1863277970332577,-0.16898368740566785,0.005635425351678668,0.16907762899955397
25.11003565788269,-0.028815643411252118,1.1999769284882933,0.0,0.0,0.0,0.10344350644052658,1.1863883952016854,-0.17463285959255623,0.0065320003248798535,0.17475497897833323
25.12002992630005,-0.028815643411252118,1.1999769284882933,0.0,0.0,0.0,0.10166735090767662,1.186458039927826,-0.18021020117683487,0.007373124457676047,0.1803609702027123
25.130028009414673,-0.028815643411252118,1.1999769284882933,0.0,0.0,0.0,0.09983926824858921,1.1865356857517266,-0.1855361928987161,0.008154010701039577,0.18571528414716504
25.14003896713257,-0.028815643411252118,1.1999769284882933,0.0,0.0,0.0,0.0979559736045184,1.1866210250568487,-0.19050480098536346,0.0088803131030602,0.19071166497957412
25.15004253387451,-0.028815643411252118,1.1999769284882933,0.0,0.0,0.0,0.09602722930320912,1.18671327420204,-0.19499418718503342,0.009553397155116305,0.19522807286134655
25.160029888153076,-0.028815643411252118,1.1999769284882933,0.0,0.0,0.0,0.09406008826203545,1.1868118201242785,-0.19891857722897452,0.010177049275497105,0.19917874559991436
25.170026302337646,-0.028815643411252118,1.1999769284882933,0.0,0.0,0.0,0.09205444905872921,1.1869164952105022,-0.2022317049346428,0.010757714600004,0.20251763109464707
25.1800274848938,-0.028815643411252118,1.1999769284882933,0.0,0.0,0.0,0.0900181822491154,1.1870268157125872,-0.20489534593532635,0.01129933846179159,0.20520667103101492
25.19004988670349,-0.028815643411252118,1.1999769284882933,0.0,0.0,0.0,0.0879538626108346,1.1871426420256082,-0.2069032047505014,0.011807253970302382,0.20723983058849263
25.200050115585327,-0.028815643411252118,1.1999769284882933,0.0,0.0,0.0,0.08587709647414732,1.1872631433582557,-0.20826005605127765,0.012283345270538296,0.2086219823449019
25.210028648376465,-0.028815643411252118,1.1999769284882933,0.0,0.0,0.0,0.08379482891038037,1.1873879677194872,-0.20900508763293896,0.012731435072476404,0.20939249293004078
25.22002911567688,-0.028815643411252118,1.1999769284882933,0.0,0.0,0.0,0.08170317173690182,1.1875174412318712,-0.20919523488022046,0.013156894260657645,0.20960856414559195
25.23003101348877,-0.028815643411252118,1.1999769284882933,0.0,0.0,0.0,0.0796131422630606,1.187650997380051,-0.20889440990070318,0.013561144683352698,0.2093341327468739
25.240026235580444,-0.028815643411252118,1.1999769284882933,0.0,0.0,0.0,0.07752730716321024,1.18778856187308,-0.20817819025705664,0.013946655964513995,0.20864483725051955
25.250033617019653,-0.028815643411252118,1.1999769284882933,0.0,0.0,0.0,0.07544993158499688,1.187929924044474,-0.20712713647595646,0.014314794920197629,0.20762120320029168
25.260027408599854,-0.028815643411252118,1.1999769284882933,0.0,0.0,0.0,0.07338556600016069,1.188074802992169,-0.20582388009671324,0.014666181962515455,0.20634574507710066
25.270028114318848,-0.028815643411252118,1.1999769284882933,0.0,0.0,0.0,0.07133410666354158,1.188223190916947,-0.20434589040329074,0.015001572191978924,0.2048958030144709
25.280030488967896,-0.028815643411252118,1.1999769284882933,0.0,0.0,0.0,0.06929885902916373,1.188374787596992,-0.20276702839100086,0.015320551753397178,0.20334499528767722
25.29002857208252,-0.028815643411252118,1.1999769284882933,0.0,0.0,0.0,0.06727954483358103,1.1885294973193692,-0.20115022203035401,0.015622809487494787,0.20175600114778067
25.300002574920654,-0.028815643411252118,1.1999769284882933,0.0,0.0,0.0,0.06528093856243215,1.1886867796641376,-0.19955184666259765,0.015906931975629757,0.2001848395641643
25.310030937194824,-0.028815643411252118,1.1999769284882933,0.0,0.0,0.0,0.06329359573158792,1.1888471658764934,-0.1980050048495591,0.016173284427371416,0.19866443334085387
25.320026874542236,-0.028815643411252118,1.1999769284882933,0.0,0.0,0.0,0.06131547762400358,1.189010604530402,-0.19653676683168517,0.016420883909705777,0.19722156612558428
25.330037117004395,-0.028815643411252118,1.1999769284882933,0.0,0.0,0.0,0.05935583735499698,1.1891760635061142,-0.1951699747917414,0.016647382220588907,0.1958786726394871
25.340027332305908,-0.028815643411252118,1.1999769284882933,0.0,0.0,0.0,0.057411471530531694,1.1893434997901648,-0.19390578085706553,0.01685218757864411,0.19463670793551285
25.35003399848938,-0.028815643411252118,1.1999769284882933,0.0,0.0,0.0,0.05547765960438386,1.1895130139936938,-0.19273409840386085,0.017034930787713523,0.19348545566654696
25.360028743743896,-0.028815643411252118,1.1999769284882933,0.0,0.0,0.0,0.053559233642820246,1.1896838788464665,-0.1916416807780182,0.017194542664093468,0.19241150201807364
25.370048761367798,-0.028815643411252118,1.1999769284882933,0.0,0.0,0.0,0.051641783254093174,1.189857096481967,-0.19059708255671245,0.01733180610635043,0.19138348774656186
25.38002848625183,-0.028815643411252118,1.1999769284882933,0.0,0.0,0.0,0.04974478065830808,1.190030646109326,-0.1895824784304663,0.017445240814229067,0.19038343561062412
25.390028953552246,-0.028815643411252118,1.1999769284882933,0.0,0.0,0.0,0.04785401262615103,1.1902055757159797,-0.1885585593409938,0.0175361139574634,0.18937224082077136
25.400031089782715,-0.028815643411252118,1.1999769284882933,0.0,0.0,0.0,0.04597373216178046,1.190381294921934,-0.18749506036219665,0.017604709824900016,0.18831973733053767
25.41003680229187,-0.028815643411252118,1.1999769284882933,0.0,0.0,0.0,0.04410216518826237,1.1905578047969734,-0.18635922066132518,0.017651897390158815,0.18719334551999753
25.420029163360596,-0.028815643411252118,1.1999769284882933,0.0,0.0,0.0,0.042246567658701516,1.190734290934379,-0.18512645124966887,0.017678569784088886,0.18596863924303722
25.430031299591064,-0.028815643411252118,1.1999769284882933,0.0,0.0,0.0,0.040401888173705006,1.1909111385103341,-0.1837685364744756,0.01768608505406497,0.1846176389257275
25.440027713775635,-0.028815643411252118,1.1999769284882933,0.0,0.0,0.0,0.038572167602776576,1.1910879052597927,-0.18226810088820142,0.017675756511342386,0.18312316338912407
25.450032949447632,-0.028815643411252118,1.1999769284882933,0.0,0.0,0.0,0.03675747673520832,1.1912645579939691,-0.18061064710805252,0.017649011487804293,0.18147091627940312
25.460029125213623,-0.028815643411252118,1.1999769284882933,0.0,0.0,0.0,0.0349604947806345,1.1914408359892446,-0.17878990195863528,0.017607321130610063,0.17965479898899123
25.47002601623535,-0.028815643411252118,1.1999769284882933,0.0,0.0,0.0,0.0331819714650685,1.1916166850810646,-0.1768039058292304,0.017552108853723804,0.17767300763392377
25.480032205581665,-0.028815643411252118,1.1999769284882933,0.0,0.0,0.0,0.031424439709606844,1.1917918880892562,-0.17465838871758785,0.017484782290535895,0.1755313942324035
25.490026473999023,-0.028815643411252118,1.1999769284882933,0.0,0.0,0.0,0.02968950540830606,1.1919663241369705,-0.17236351610849815,0.01740663632223695,0.17324021667424433
25.50000500679016,-0.028815643411252118,1.1999769284882933,0.0,0.0,0.0,0.027984550807278262,1.19213928434773,-0.16994240763355534,0.017319151232387493,0.17082264168341327
25.510034561157227,-0.028815643411252118,1.1999769284882933,0.0,0.0,0.0,0.02629740357013952,1.1923120385959343,-0.1673939682058539,0.017222656294846556,0.16827762917735928
25.520030975341797,-0.028815643411252118,1.1999769284882933,0.0,0.0,0.0,0.024630189967490244,1.1924844163301322,-0.16473828889754938,0.01711794542678433,0.1656252634247771
25.53003239631653,-0.028815643411252118,1.1999769284882933,0.0,0.0,0.0,0.0229953843092822,1.192655146364437,-0.162015281562976,0.01700641771497246,0.1629054010873382
25.54002833366394,-0.028815643411252118,1.1999769284882933,0.0,0.0,0.0,0.02138974078095326,1.192824554715093,-0.1592412768944791,0.016888399172993313,0.1601343257818589
25.550063848495483,-0.028815643411252118,1.1999769284882933,0.0,0.0,0.0,0.019811395589187947,1.1929928171994097,-0.15643371170865708,0.016764112381370603,0.15732940482593347
25.560038328170776,-0.028815643411252118,1.1999769284882933,0.0,0.0,0.0,0.01826135487206131,1.1931597905750995,-0.15361369766540595,0.01663386415134943,0.15451166152444382
25.57003355026245,-0.028815643411252118,1.1999769284882933,0.0,0.0,0.0,0.01673849394905858,1.193325542210305,-0.15079666644228826,0.016497692134519702,0.15169643521148457
25.580060958862305,-0.028815643411252118,1.1999769284882933,0.0,0.0,0.0,0.015240980902487886,1.19349020567322,-0.14799420559554707,0.016355470528589267,0.14889521921831006
25.590079307556152,-0.028815643411252118,1.1999769284882933,0.0,0.0,0.0,0.013771119875922378,1.1936534466955044,-0.14522285220711775,0.016207410012321656,0.14612445703056648
25.600040435791016,-0.028815643411252118,1.1999769284882933,0.0,0.0,0.0,0.012338961604859493,1.1938140370882686,-0.1425109252671765,0.016054595627451856,0.14341239089167912
25.610071182250977,-0.028815643411252118,1.1999769284882933,0.0,0.0,0.0,0.01092365724168938,1.1939742028983962,-0.1398250864978053,0.015894829254276512,0.14072562101885122
25.620105028152466,-0.028815643411252118,1.1999769284882933,0.0,0.0,0.0,0.009533214755302144,1.1941329463231167,-0.13718355279792385,0.015728908240627854,0.1380823149889328
25.630032062530518,-0.028815643411252118,1.1999769284882933,0.0,0.0,0.0,0.008184440468910972,1.1942882188032142,-0.13461860272660897,0.015559000044646963,0.13551476186177613
25.640063762664795,-0.028815643411252118,1.1999769284882933,0.0,0.0,0.0,0.006846426965746157,1.1944434593097746,-0.13206936375420003,0.015381363448253364,0.13296203662687509
25.650073289871216,-0.028815643411252118,1.1999769284882933,0.0,0.0,0.0,0.0055373464629439395,1.1945964718009665,-0.1295662806702843,0.015198421733296075,0.13045464004746637
25.660004138946533,-0.028815643411252118,1.1999769284882933,0.0,0.0,0.0,0.004263239518268472,1.1947464349501016,-0.12711548341589105,0.015011365740413278,0.1279987782185757
25.670031547546387,-0.028815643411252118,1.1999769284882933,0.0,0.0,0.0,0.0030005286925295976,1.1948960339114425,-0.124665066397066,0.014817008259960613,0.1255425127738035
